timestamp,price,volume,datetime,coin,rsi_14,sma_7d,sma_30d,bb_high,bb_low,volatility_stdev_24h
1767020484160,87325.3631,47578039862.0239,2025-12-29 15:01:24.160,bitcoin,,,,,,
1767024150037,87596.1266,49682447225.8233,2025-12-29 16:02:30.037,bitcoin,,,,,,
1767027757526,87568.1021,50858834852.9038,2025-12-29 17:02:37.526,bitcoin,,,,,,
1767031264007,87722.4864,51748864907.1525,2025-12-29 18:01:04.007,bitcoin,,,,,,
1767035038832,87356.6697,51827962372.5298,2025-12-29 19:03:58.832,bitcoin,,,,,,
1767038505890,87250.6665,52288879781.8317,2025-12-29 20:01:45.890,bitcoin,,,,,,
1767042109489,87165.5716,53688066645.3819,2025-12-29 21:01:49.489,bitcoin,,,,,,
1767045730685,87220.8337,53760384197.1603,2025-12-29 22:02:10.685,bitcoin,,,,,,
1767049314907,87283.3133,54117930688.9314,2025-12-29 23:01:54.907,bitcoin,,,,,,
1767052952239,87154.6824,53486264296.6385,2025-12-30 00:02:32.239,bitcoin,,,,,,
1767056489193,87143.4299,52808342195.1096,2025-12-30 01:01:29.193,bitcoin,,,,,,
1767060114278,87177.5838,51524196791.2902,2025-12-30 02:01:54.278,bitcoin,,,,,,
1767063714745,86979.2638,49339041125.2335,2025-12-30 03:01:54.745,bitcoin,,,,,,
1767067290270,87265.1746,47009573005.5173,2025-12-30 04:01:30.270,bitcoin,49.1743,,,,,
1767071030610,87209.2155,44573267617.8552,2025-12-30 05:03:50.610,bitcoin,46.7791,,,,,
1767074502475,87121.054,42762653487.2433,2025-12-30 06:01:42.475,bitcoin,43.2083,,,,,
1767078189469,87304.9758,42512134414.0799,2025-12-30 07:03:09.469,bitcoin,51.522,,,,,
1767081693003,87385.2,41903416050.2038,2025-12-30 08:01:33.003,bitcoin,54.6411,,,,,
1767085406652,87741.1086,42004838984.6447,2025-12-30 09:03:26.652,bitcoin,65.306,,,,,
1767088999122,87961.6182,39009671980.5086,2025-12-30 10:03:19.122,bitcoin,70.0107,,,87830.3703,86862.8737,
1767092549749,87819.062,37753612959.0272,2025-12-30 11:02:29.749,bitcoin,63.9712,,,87896.7825,86845.8314,
1767096184250,87856.1186,38022373669.5222,2025-12-30 12:03:04.250,bitcoin,64.8207,,,87943.1878,86825.4252,
1767099685721,87907.9647,35441021111.4632,2025-12-30 13:01:25.721,bitcoin,66.0277,,,88000.6999,86801.8994,
1767103447453,87925.5011,35069515365.1147,2025-12-30 14:04:07.453,bitcoin,66.447,,,88038.502,86784.3988,303.2725
1767106907739,88830.0207,36277711355.2329,2025-12-30 15:01:47.739,bitcoin,80.0948,,,88364.5236,86605.7123,414.6764
1767110478251,88957.4365,37118677233.6276,2025-12-30 16:01:18.251,bitcoin,81.2516,,,88650.6298,86490.2831,510.7037
1767114106525,88679.1315,39410846136.0381,2025-12-30 17:01:46.525,bitcoin,71.4797,,,88810.9999,86481.2689,559.9723
1767117702983,88280.1978,40120085383.2777,2025-12-30 18:01:42.983,bitcoin,60.2869,,,88878.0514,86520.1539,576.5698
1767121255325,88222.7796,40600377205.7486,2025-12-30 19:00:55.325,bitcoin,58.8584,,,88929.8688,86562.2831,586.1363
1767124826714,88144.6551,39920310527.0305,2025-12-30 20:00:26.714,bitcoin,56.8833,,,88958.927,86632.2221,587.392
1767128523157,87820.9922,39772182671.7016,2025-12-30 21:02:03.157,bitcoin,49.4761,,,88953.6718,86705.2336,576.7338
1767132051209,88176.7641,39602042807.7486,2025-12-30 22:00:51.209,bitcoin,56.224,,,88971.6679,86787.1556,573.4271
1767135745807,88352.7042,39902723955.9167,2025-12-30 23:02:25.807,bitcoin,59.131,,,88976.1441,86920.0234,575.9563
1767139349581,88363.7222,39887379620.6364,2025-12-31 00:02:29.581,bitcoin,59.3132,,,88996.0459,87009.9764,569.0688
1767142951276,88155.4353,39790927166.1288,2025-12-31 01:02:31.276,bitcoin,54.3775,,,88975.4108,87125.2335,550.9142
1767146488736,88543.7399,40445260471.0209,2025-12-31 02:01:28.736,bitcoin,60.9085,,,88964.9806,87277.9322,543.3834
1767150174500,88621.1107,40043580835.0088,2025-12-31 03:02:54.500,bitcoin,62.0735,,,88968.8089,87405.7174,517.4755
1767153740810,88333.3584,39148084943.112,2025-12-31 04:02:20.810,bitcoin,55.4542,,,88925.6352,87543.707,494.5398
1767157424739,88272.1097,39037033674.8082,2025-12-31 05:03:44.739,bitcoin,54.131,,,88914.0391,87608.4032,460.384
1767160880853,88354.9861,39155690773.7163,2025-12-31 06:01:20.853,bitcoin,55.6723,,,88919.9747,87641.8043,410.6955
1767164485872,88401.758,38712027086.4939,2025-12-31 07:01:25.872,bitcoin,56.5594,,,88914.4244,87705.6242,369.5523
1767168216221,88536.6373,38950306502.8073,2025-12-31 08:03:36.221,bitcoin,59.1014,,,88918.2741,87769.8264,330.0702
1767171699761,88322.5941,35208558669.4044,2025-12-31 09:01:39.761,bitcoin,53.7284,,,88903.3649,87826.1986,311.0592
1767175251307,88584.3736,37614621698.7339,2025-12-31 10:00:51.307,bitcoin,58.6765,,,88904.4613,87890.9894,308.8759
1767178821886,88627.5755,37835317241.8058,2025-12-31 11:00:21.886,bitcoin,59.4472,,,88866.7292,87908.477,296.7458
1767182460366,88880.0118,37819836244.157,2025-12-31 12:01:00.366,bitcoin,63.7067,,,88845.3086,87922.1551,297.0579
1767186066336,88672.8343,38120921013.2784,2025-12-31 13:01:06.336,bitcoin,58.2949,,,88844.1952,87922.6388,284.1438
1767189690682,88871.8216,37693447124.3408,2025-12-31 14:01:30.682,bitcoin,61.6634,,,88917.3724,87908.624,278.2562
1767193285366,88341.7805,37256440887.0438,2025-12-31 15:01:25.366,bitcoin,50.0638,,,88916.9739,87920.9226,267.5643
1767196935602,87934.37,37291641662.8366,2025-12-31 16:02:15.602,bitcoin,43.3186,,,88937.1146,87879.7534,262.7081
1767200538774,87526.2422,36618304671.6715,2025-12-31 17:02:18.774,bitcoin,37.8212,,,88998.0716,87789.3214,309.8015
1767204135109,87547.3432,36494709996.9706,2025-12-31 18:02:15.109,bitcoin,38.2575,,,89065.9004,87658.5505,350.2154
1767207683528,87611.8787,36281568101.2119,2025-12-31 19:01:23.528,bitcoin,39.6521,,,89101.2358,87549.1325,378.4306
1767211333209,87409.5596,36506365611.0108,2025-12-31 20:02:13.209,bitcoin,36.8425,,,89149.5589,87405.3932,418.4722
1767214853692,87528.9435,37167663304.7973,2025-12-31 21:00:53.692,bitcoin,39.5638,,,89176.5734,87315.7295,435.714
1767218518520,87688.5974,37089741392.7725,2025-12-31 22:01:58.520,bitcoin,43.0949,,,89153.57,87253.2187,450.3719
1767222107574,87568.1931,37803301130.7525,2025-12-31 23:01:47.574,bitcoin,41.1426,,,89119.0181,87182.4788,469.0463
1767225702533,87517.2715,37064742379.6505,2026-01-01 00:01:42.533,bitcoin,40.3108,,,89112.1793,87107.7088,487.3369
1767229306117,87678.3435,36992184825.0185,2026-01-01 01:01:46.117,bitcoin,44.1565,,,89096.5954,87063.9162,497.1843
1767232905093,87805.1099,37020105748.0316,2026-01-01 02:01:45.093,bitcoin,47.0481,,,89067.6355,87037.8884,493.9981
1767236544022,87762.4359,36274394795.1793,2026-01-01 03:02:24.022,bitcoin,46.1812,,,89029.9436,87011.6481,486.3977
1767240145274,87707.3511,35886662447.3953,2026-01-01 04:02:25.274,bitcoin,45.0279,,,88968.2365,86990.4266,488.6694
1767243821111,87483.8974,36833493710.4897,2026-01-01 05:03:41.111,bitcoin,40.5984,,,88935.6071,86939.1863,499.3238
1767247272847,87562.875,35603995995.8792,2026-01-01 06:01:12.847,bitcoin,42.7423,,,88850.8564,86921.7872,502.0566
1767250965421,87519.9451,35276971007.8995,2026-01-01 07:02:45.421,bitcoin,41.858,,,88744.731,86917.1495,502.2807
1767254485731,87491.8322,35792807555.9298,2026-01-01 08:01:25.731,bitcoin,41.256,,,88548.0627,86974.9999,494.0202
1767258149368,87630.119,35480164563.6383,2026-01-01 09:02:29.368,bitcoin,45.4145,,,88376.5674,87042.2236,488.5722
1767261693608,87741.7274,35053339375.2163,2026-01-01 10:01:33.608,bitcoin,48.5784,,,88055.7672,87250.0144,464.9361
1767265456306,87725.972,33250599534.5626,2026-01-01 11:04:16.306,bitcoin,48.1541,,,87876.4065,87367.7943,433.7357
1767268898851,87884.1998,32834422253.443,2026-01-01 12:01:38.851,bitcoin,52.6292,,,87862.2504,87376.9333,368.7205
1767272601901,87798.233,32226022820.2199,2026-01-01 13:03:21.901,bitcoin,50.099,,,87883.7569,87382.6259,313.5554
1767276149117,87773.2341,31417916485.6391,2026-01-01 14:02:29.117,bitcoin,49.3559,,,87898.8896,87390.0823,196.9835
1767279632892,87843.3435,29631685949.6199,2026-01-01 15:00:32.892,bitcoin,51.5274,,,87924.1668,87387.9516,142.5678
1767283349427,87902.034,26992240392.2848,2026-01-01 16:02:29.427,bitcoin,53.3313,,,87944.1306,87417.2353,139.9502
1767286888455,87874.0829,24483088240.9896,2026-01-01 17:01:28.455,bitcoin,52.3324,,,87964.5655,87431.3143,144.0387
1767290560405,88226.7699,23816632895.8267,2026-01-01 18:02:40.405,bitcoin,62.003,,,88077.1377,87372.5593,181.087
1767294068907,88064.1599,23411698782.8895,2026-01-01 19:01:08.907,bitcoin,56.3288,,,88123.4999,87375.7938,194.8205
1767297640780,88231.0409,22450235743.3973,2026-01-01 20:00:40.780,bitcoin,60.3401,,,88197.9124,87372.7582,210.1676
1767301342807,88150.3516,21362097769.6717,2026-01-01 21:02:22.807,bitcoin,57.5859,,,88247.5128,87370.3586,219.757
1767304852163,88268.1294,20325891680.2362,2026-01-01 22:00:52.163,bitcoin,60.4254,,,88314.1394,87350.034,240.557
1767308551918,88587.349,20927913343.2862,2026-01-01 23:02:31.918,bitcoin,66.8945,,,88455.298,87291.3667,283.8369
1767312001054,88727.67,21163124465.2058,2026-01-02 00:00:01.054,bitcoin,69.2723,,,88608.9957,87239.7009,327.6183
1767315745056,88737.7825,22068741801.4871,2026-01-02 01:02:25.056,bitcoin,69.4426,,,88726.3365,87247.7487,366.4616
1767319312284,88526.4889,20922512170.5235,2026-01-02 02:01:52.284,bitcoin,61.7412,,,88783.2118,87287.2348,384.2828
1767322919465,88496.2489,22070852419.1723,2026-01-02 03:01:59.465,bitcoin,60.7036,,,88818.4509,87349.626,396.2602
1767326517006,88979.0518,23233775008.1827,2026-01-02 04:01:57.006,bitcoin,69.513,,,88937.7014,87379.0974,438.4662
1767330076626,88532.3567,22885187086.0918,2026-01-02 05:01:16.626,bitcoin,56.821,,,88959.3711,87447.6515,431.6744
1767333789891,88637.9034,23323821599.7062,2026-01-02 06:03:09.891,bitcoin,58.7381,,,88995.5705,87501.0697,429.8516
1767337319219,88861.2075,23813645427.4705,2026-01-02 07:01:59.219,bitcoin,62.5286,,,89057.4463,87552.7174,432.9673
1767340907301,88765.5074,23567356767.2714,2026-01-02 08:01:47.301,bitcoin,59.9853,,,89100.9818,87597.3127,420.8603
1767344429019,88990.4711,24562939472.5371,2026-01-02 09:00:29.019,bitcoin,63.7209,,,89165.4618,87652.0566,425.5302
1767348082740,89355.7741,26497047769.0658,2026-01-02 10:01:22.740,bitcoin,68.8123,,,89291.7167,87684.0556,458.8423
1767351823749,89510.6619,29329581771.0054,2026-01-02 11:03:43.749,bitcoin,70.6906,,,89434.0794,87708.4247,492.8678
1767355379856,89400.1175,30295371690.2413,2026-01-02 12:02:59.856,bitcoin,67.5632,,,89523.5738,87768.7388,514.2985
1767358851086,89325.1,30488560722.6675,2026-01-02 13:00:51.086,bitcoin,65.4472,,,89568.2837,87869.1305,516.8554
1767362554784,89417.4705,31190300024.6042,2026-01-02 14:02:34.784,bitcoin,66.825,,,89648.2171,87908.2672,515.1207
1767366091508,89598.2786,34994480560.0885,2026-01-02 15:01:31.508,bitcoin,69.3972,,,89730.0655,87979.8307,521.3226
1767369707326,89512.1502,38825029314.947,2026-01-02 16:01:47.326,bitcoin,66.7425,,,89789.6061,88048.401,515.6922
1767373324188,90158.9923,44263890353.2897,2026-01-02 17:02:04.188,bitcoin,74.6009,,,89971.7757,88067.0954,550.4662
1767376919500,90290.5307,46618849860.3759,2026-01-02 18:01:59.500,bitcoin,75.8506,,,90158.0021,88083.1092,603.067
1767380519616,89625.9186,47973228304.526,2026-01-02 19:01:59.616,bitcoin,59.8325,,,90201.9137,88143.0546,585.8148
1767384106846,89894.2842,49489042654.296,2026-01-02 20:01:46.846,bitcoin,63.2109,,,90284.7325,88176.8971,585.7414
1767387709495,89615.7609,50744849648.6821,2026-01-02 21:01:49.495,bitcoin,57.7793,,,90315.8932,88233.5343,558.4128
1767391302613,90048.0886,51209467072.0502,2026-01-02 22:01:42.613,bitcoin,63.0821,,,90384.5034,88317.0841,553.1297
1767394914775,90224.9985,51879205861.923,2026-01-02 23:01:54.775,bitcoin,65.0183,,,90459.7121,88414.7503,570.7327
1767398492089,89926.2792,50705395175.7333,2026-01-03 00:01:32.089,bitcoin,59.3575,,,90505.5445,88463.6407,570.7908
1767402066694,90108.7828,50415978742.6215,2026-01-03 01:01:06.694,bitcoin,61.5595,,,90519.4806,88607.3472,575.3064
1767405693069,90137.6452,50299267697.1358,2026-01-03 02:01:33.069,bitcoin,61.911,,,90525.0834,88751.7186,561.7614
1767409324964,90293.9183,50274553691.6828,2026-01-03 03:02:04.964,bitcoin,63.8389,,,90564.913,88855.1601,545.106
1767412864267,90284.7837,48905934979.5296,2026-01-03 04:01:04.267,bitcoin,63.6361,,,90557.6036,89014.3971,550.7266
1767416512267,90093.1409,49653194415.7588,2026-01-03 05:01:52.267,bitcoin,59.3754,,,90530.7036,89151.5641,509.1554
1767420071500,89990.9376,46580134167.7162,2026-01-03 06:01:11.500,bitcoin,57.1767,,,90527.755,89218.029,462.7072
1767423629005,89823.9714,46651455642.8021,2026-01-03 07:00:29.005,bitcoin,53.6796,,,90522.6714,89254.4436,424.6133
1767427274928,89537.6258,50023976768.7667,2026-01-03 08:01:14.928,bitcoin,48.2312,,,90510.9223,89279.9435,371.3976
1767430903965,89675.1773,50552321214.2907,2026-01-03 09:01:43.965,bitcoin,50.8138,,,90480.6059,89345.2676,330.691
1767434516889,89804.0818,49224004762.7807,2026-01-03 10:01:56.889,bitcoin,53.1715,,,90455.7424,89408.7923,315.2092
1767438121572,89769.0176,46825079286.4798,2026-01-03 11:02:01.572,bitcoin,52.4353,,,90447.5143,89434.0943,307.5864
1767441698703,89687.8188,45633628210.826,2026-01-03 12:01:38.703,bitcoin,50.6849,,,90431.768,89467.4074,294.346
1767445226122,89936.6746,45636799339.0552,2026-01-03 13:00:26.122,bitcoin,55.579,,,90410.9831,89465.9606,270.784
1767448820804,89926.8651,44852421253.8564,2026-01-03 14:00:20.804,bitcoin,55.3458,,,90364.3406,89476.2365,251.0521
1767452512488,90039.7735,41192871211.6377,2026-01-03 15:01:52.488,bitcoin,57.5531,,,90366.4153,89515.5473,242.8588
1767456053288,89924.0918,37423465094.6052,2026-01-03 16:00:53.288,bitcoin,54.5765,,,90367.4494,89517.4939,225.7279
1767459709868,90109.3551,32450811623.1511,2026-01-03 17:01:49.868,bitcoin,58.2964,,,90370.13,89564.1727,223.9578
1767463282872,90040.1906,28133398648.5403,2026-01-03 18:01:22.872,bitcoin,56.4382,,,90369.4325,89564.0805,212.9033
1767466882405,90090.6221,26523943793.1397,2026-01-03 19:01:22.405,bitcoin,57.5019,,,90349.5221,89570.5532,204.2124
1767470494895,90070.7893,25160274088.4352,2026-01-03 20:01:34.895,bitcoin,56.9133,,,90359.3276,89575.1987,205.0075
1767474109732,90292.448,23759935418.8905,2026-01-03 21:01:49.732,bitcoin,61.6394,,,90389.3879,89563.5049,201.3863
1767477705858,90458.1672,23816776747.8915,2026-01-03 22:01:45.858,bitcoin,64.7523,,,90451.5012,89533.4439,222.5312
1767481268222,90546.2337,23456761212.7373,2026-01-03 23:01:08.222,bitcoin,66.3166,,,90508.305,89501.8716,244.5755
1767484931121,90593.8544,23480735292.7611,2026-01-04 00:02:11.121,bitcoin,67.1651,,,90573.6738,89467.4098,269.6885
1767488524633,91321.0347,26440489141.8843,2026-01-04 01:02:04.633,bitcoin,76.7835,,,90874.4515,89289.4215,374.1682
1767492090192,91123.7009,26965684516.302,2026-01-04 02:01:30.192,bitcoin,70.7286,,,91049.973,89227.1764,428.4509
1767495667790,91087.9917,26125878553.3879,2026-01-04 03:01:07.790,bitcoin,69.6582,,,91189.274,89214.2774,469.316
1767499249370,91203.9342,26462997094.8614,2026-01-04 04:00:49.370,bitcoin,71.1832,,,91314.6699,89255.5124,513.9448
1767502898535,91391.9498,26880298625.4933,2026-01-04 05:01:38.535,bitcoin,73.5084,,,91466.9168,89274.9427,566.3242
1767506497698,91391.7633,26415513750.8525,2026-01-04 06:01:37.698,bitcoin,73.5021,,,91599.2861,89301.3416,607.1773
1767510100676,91311.3527,27618054370.4887,2026-01-04 07:01:40.676,bitcoin,70.6737,,,91690.0973,89364.7639,629.1166
1767513706849,91426.514,26688776554.1887,2026-01-04 08:01:46.849,bitcoin,72.3167,,,91772.9179,89455.8128,636.0984
1767517266743,91330.1956,27449786411.9625,2026-01-04 09:01:06.743,bitcoin,68.8428,,,91838.7944,89529.2884,636.1623
1767520801521,91369.7165,28187729844.6572,2026-01-04 10:00:01.521,bitcoin,69.4904,,,91892.8472,89619.5208,638.0514
1767524465531,91537.8889,28843585062.2132,2026-01-04 11:01:05.531,bitcoin,72.1438,,,91966.4855,89695.694,639.8288
1767528093876,91213.0996,29391625129.8507,2026-01-04 12:01:33.876,bitcoin,61.0932,,,91961.9197,89829.1606,612.6281
1767531712492,91113.9623,29726808378.4162,2026-01-04 13:01:52.492,bitcoin,58.1646,,,91952.2481,89939.2929,592.3831
1767535201475,91210.7323,29892573295.0305,2026-01-04 14:00:01.475,bitcoin,60.1716,,,91925.884,90082.7111,568.7211
1767538907283,91288.0271,30108925645.878,2026-01-04 15:01:47.283,bitcoin,61.75,,,91891.2855,90237.0501,548.9339
1767542507971,91264.4519,30128711315.336,2026-01-04 16:01:47.971,bitcoin,60.9565,,,91817.0594,90430.6425,513.011
1767546119460,91281.4427,30548195858.4039,2026-01-04 17:01:59.460,bitcoin,61.3421,,,91754.229,90592.3724,484.5549
1767549691758,91324.9523,30806363511.5377,2026-01-04 18:01:31.758,bitcoin,62.367,,,91698.5953,90734.6846,443.3131
1767553297215,91143.353,30962819026.9458,2026-01-04 19:01:37.215,bitcoin,55.7264,,,91620.529,90872.4628,393.3308
1767556852614,91104.3768,31808455989.0312,2026-01-04 20:00:52.614,bitcoin,54.3878,,,91508.9731,91035.071,327.2656
1767560494185,91276.9062,31886398131.9684,2026-01-04 21:01:34.185,bitcoin,59.074,,,91505.7195,91033.9117,273.9207
1767564097057,91220.3291,31524124806.2421,2026-01-04 22:01:37.057,bitcoin,57.0057,,,91502.193,91047.101,226.7357
1767567698788,91138.8365,30865979101.0227,2026-01-04 23:01:38.788,bitcoin,54.0692,,,91497.3532,91057.0253,178.2023
1767571307527,91373.2159,31050236622.949,2026-01-05 00:01:47.527,bitcoin,60.3891,,,91506.9147,91064.392,116.3101
1767574906821,92249.0493,31900645889.0979,2026-01-05 01:01:46.821,bitcoin,74.5058,,,91802.8256,90854.191,231.5858
1767578517478,92979.4239,35584498794.6626,2026-01-05 02:01:57.478,bitcoin,80.6871,,,92270.4888,90545.2938,409.2381
1767582105555,92999.327,37370110448.9682,2026-01-05 03:01:45.555,bitcoin,80.8235,,,92596.94,90387.6401,519.9751
1767585685636,92857.9726,37592656671.1419,2026-01-05 04:01:25.636,bitcoin,76.68,,,92817.6226,90310.1033,588.9905
1767589284447,92545.4921,37979359123.4966,2026-01-05 05:01:24.447,bitcoin,68.3393,,,92943.3176,90305.938,623.0384
1767592921542,92320.2975,38369211342.8012,2026-01-05 06:02:01.542,bitcoin,63.0193,,,93018.8944,90325.4193,639.3694
1767596580285,92474.8704,37855667497.4846,2026-01-05 07:03:00.285,bitcoin,65.0315,,,93108.3176,90329.6942,658.7633
1767600205950,92481.0339,37822738846.3491,2026-01-05 08:03:25.950,bitcoin,65.113,,,93189.1931,90375.6121,676.8396
1767603690252,92433.9452,37637200325.2671,2026-01-05 09:01:30.252,bitcoin,63.8877,,,93247.3925,90449.4111,687.1565
1767607266999,92641.7978,37303356884.3481,2026-01-05 10:01:06.999,bitcoin,66.8529,,,93327.5297,90512.3804,704.705
1767610808066,93060.2274,37218308562.0168,2026-01-05 11:00:08.066,bitcoin,71.8619,,,93468.0297,90549.1004,746.2969
1767614500773,93082.7561,37947872693.7202,2026-01-05 12:01:40.773,bitcoin,72.1063,,,93588.4434,90610.5171,771.3742
1767618076991,92817.5151,38137362572.7723,2026-01-05 13:01:16.991,bitcoin,64.9531,,,93646.8939,90705.6739,769.2074
1767621727345,92718.9478,38902030178.9424,2026-01-05 14:02:07.345,bitcoin,62.4728,89293.7024,,93680.2797,90811.6876,761.4666
1767625406439,93404.6093,42588058385.1274,2026-01-05 15:03:26.439,bitcoin,70.8201,89329.8884,,93784.3171,90933.7759,787.0932
1767628963541,93824.8337,46153268359.0638,2026-01-05 16:02:43.541,bitcoin,74.5556,89366.964,,93934.6021,91055.5366,830.6521
1767632500247,93681.9807,48887557667.5528,2026-01-05 17:01:40.247,bitcoin,71.2179,89403.3561,,94029.3167,91201.3294,849.3176
1767636232395,94174.3638,52523268520.2534,2026-01-05 18:03:52.395,bitcoin,75.3192,89441.7602,,94180.4291,91345.6205,893.2254
1767639696510,94420.7818,54065009146.9893,2026-01-05 19:01:36.510,bitcoin,77.0795,89483.8084,,94313.9737,91540.2704,926.6687
1767643291873,94264.9237,54990297975.6656,2026-01-05 20:01:31.873,bitcoin,73.5084,89525.56,,94381.1942,91762.2207,923.9984
1767646992114,94155.3579,58122218806.5269,2026-01-05 21:03:12.114,bitcoin,71.0175,89567.1658,,94500.4102,91833.6356,908.659
1767650528688,94154.5348,58955682135.815,2026-01-05 22:02:08.688,bitcoin,70.998,89608.4379,,94622.9578,91828.5991,871.0823
1767654081928,94172.1671,59612459834.4891,2026-01-05 23:01:21.928,bitcoin,71.1803,89649.443,,94736.0501,91832.7907,805.2538
1767657694948,93864.985,58399673888.7924,2026-01-06 00:01:34.948,bitcoin,63.6744,89689.3852,,94793.5814,91875.9607,724.5389
1767661309540,93832.2045,56318208661.854,2026-01-06 01:01:49.540,bitcoin,62.912,89729.1994,,94826.155,91972.0583,702.0311
1767664906838,93756.8691,52910551746.96,2026-01-06 02:01:46.838,bitcoin,61.1013,89768.3618,,94815.8005,92126.07,704.1993
1767668536251,93608.4928,51562377790.992,2026-01-06 03:02:16.251,bitcoin,57.586,89807.8215,,94792.9886,92262.2441,702.3909
1767672165418,93753.713,51881414007.4064,2026-01-06 04:02:45.418,bitcoin,60.0109,89846.4437,,94764.3346,92418.166,698.0838
1767675795021,93780.679,50580609412.6366,2026-01-06 05:03:15.021,bitcoin,60.463,89885.5596,,94706.1058,92611.0683,677.4228
1767679304476,93569.0271,50598906357.0313,2026-01-06 06:01:44.476,bitcoin,55.1897,89923.9404,,94644.9113,92764.9857,633.1146
1767682922282,93735.1076,51558584610.7686,2026-01-06 07:02:02.282,bitcoin,58.2656,89962.215,,94630.8944,92846.4905,595.0402
1767686595970,93211.3811,51788205743.3153,2026-01-06 08:03:15.970,bitcoin,47.2509,89996.8946,,94620.0065,92870.241,554.8917
1767690090827,93205.2959,51619254593.0413,2026-01-06 09:01:30.827,bitcoin,47.1394,90029.4195,,94570.8051,92958.2204,505.2355
1767693718045,93471.1947,51399687884.7917,2026-01-06 10:01:58.045,bitcoin,52.4228,90062.2146,,94467.7185,93136.5318,461.8856
1767697243049,93537.2108,50398946393.3082,2026-01-06 11:00:43.049,bitcoin,53.6612,90096.2512,,94460.8831,93156.6273,445.1352
1767701042682,93805.623,49813623640.567,2026-01-06 12:04:02.682,bitcoin,58.402,90131.665,,94459.8816,93155.7077,427.4263
1767704634693,93799.1309,49855225028.6272,2026-01-06 13:03:54.693,bitcoin,58.2468,90166.7314,,94463.213,93164.0913,383.5124
1767708103994,93698.2767,49436878169.9253,2026-01-06 14:01:43.994,bitcoin,55.7671,90201.0932,,94419.3734,93160.3223,315.5676
1767711652774,93752.2725,51163085060.6145,2026-01-06 15:00:52.774,bitcoin,56.8268,90230.3923,,94315.4396,93197.4051,305.0664
1767715325118,93430.0779,50240482962.4902,2026-01-06 16:02:05.118,bitcoin,49.2454,90257.0152,,94239.1951,93190.1651,314.2444
1767718871502,92619.8535,50532660002.4863,2026-01-06 17:01:11.502,bitcoin,36.1753,90280.4718,,94310.5325,92965.2772,394.0207
1767722632349,91544.954,53944606250.7553,2026-01-06 18:03:52.349,bitcoin,26.2293,90299.9049,,94606.0778,92408.7738,586.6355
1767726142059,91970.9083,54859208904.2857,2026-01-06 19:02:22.059,bitcoin,33.976,90322.2152,,94639.2895,92155.4362,652.6648
1767729675971,92063.8855,53165954963.4384,2026-01-06 20:01:15.971,bitcoin,35.5665,90345.544,,94657.0636,91957.5522,697.827
1767733359932,92443.6612,53512783038.292,2026-01-06 21:02:39.932,bitcoin,41.7402,90373.0598,,94615.064,91860.6974,708.6265
1767736870245,93250.3107,56801784628.136,2026-01-06 22:01:10.245,bitcoin,52.2135,90403.2595,,94569.1032,91856.0024,688.629
1767740532116,93215.1791,57449796899.4092,2026-01-06 23:02:12.116,bitcoin,51.7769,90432.2028,,94537.2567,91848.5175,664.9354
1767744137769,93646.7208,57507913450.9064,2026-01-07 00:02:17.769,bitcoin,56.5795,90463.6493,,94523.7647,91851.3103,658.1639
1767747755932,92759.0918,58417485373.0735,2026-01-07 01:02:35.932,bitcoin,46.3538,90491.052,,94456.0855,91816.8308,655.4109
1767751352523,92383.707,59691993852.4327,2026-01-07 02:02:32.523,bitcoin,42.8285,90513.9089,,94420.0511,91734.3332,667.6525
1767754935786,92911.4748,60454304464.709,2026-01-07 03:02:15.786,bitcoin,48.732,90539.4468,,94345.7465,91726.2745,663.2267
1767758492824,92753.6192,60676285386.5099,2026-01-07 04:01:32.824,bitcoin,47.1633,90565.7579,,94325.7956,91700.4492,654.8992
1767762232483,92604.476,60969314202.232,2026-01-07 05:03:52.483,bitcoin,45.6675,90591.5458,,94304.2602,91661.9026,646.2152
1767765640899,92479.1435,60935237674.9805,2026-01-07 06:00:40.899,bitcoin,44.3934,90616.0943,,94252.1189,91614.8389,647.0074
1767769364094,92593.3102,60738346813.0771,2026-01-07 07:02:44.094,bitcoin,45.8748,90641.044,,94182.4885,91590.0792,633.3746
1767773196925,92820.2193,59362302831.464,2026-01-07 08:06:36.925,bitcoin,48.7946,90666.5416,,94062.6858,91611.3415,631.7794
1767776659469,92639.9461,58859157730.858,2026-01-07 09:04:19.469,bitcoin,46.6418,90692.2401,,93924.248,91633.8608,632.3206
1767780030489,91646.6374,60376881309.5655,2026-01-07 10:00:30.489,bitcoin,36.9647,90710.4678,,93841.314,91511.6309,672.1922
1767783671802,91889.4006,61281704846.1522,2026-01-07 11:01:11.802,bitcoin,40.2287,90729.8835,,93685.4088,91481.2489,682.8829
1767787318003,92090.6686,61759569494.2456,2026-01-07 12:01:58.003,bitcoin,42.8699,90748.9945,,93566.0184,91466.6984,660.2558
1767790852493,91937.2838,61452489696.7581,2026-01-07 13:00:52.493,bitcoin,41.3696,90768.4258,,93560.2143,91404.2455,635.4691
1767794566252,92009.9064,61995673262.1281,2026-01-07 14:02:46.252,bitcoin,42.3975,90787.1048,,93519.7798,91491.1752,604.9052
1767798069074,91913.836,61510650219.3369,2026-01-07 15:01:09.074,bitcoin,41.3643,90808.3671,,93523.2275,91482.0203,562.3586
1767801721231,91327.4554,60655736764.8378,2026-01-07 16:02:01.231,bitcoin,35.6536,90828.564,,93594.4805,91337.1243,572.2726
1767805293850,91176.9053,56625748960.3779,2026-01-07 17:01:33.850,bitcoin,34.3426,90850.2941,,93663.4248,91141.5044,621.4686
1767808898646,91229.4825,54043399053.9356,2026-01-07 18:01:38.646,bitcoin,35.2382,90872.2116,,93597.7997,91005.0467,641.9347
1767812478638,90795.4185,52311692918.5698,2026-01-07 19:01:18.638,bitcoin,31.427,90891.1613,,93561.9777,90798.8927,711.102
1767816035813,91112.8622,52368763636.2642,2026-01-07 20:00:35.813,bitcoin,36.8097,90913.2048,,93335.3034,90772.1811,748.8304
1767819656361,90942.822,51929755062.5583,2026-01-07 21:00:56.361,bitcoin,35.2151,90933.5255,,93288.3478,90637.5097,792.0351
1767823274045,90999.3406,46312985712.2973,2026-01-07 22:01:14.045,bitcoin,36.2043,90953.2323,,93267.7048,90519.716,792.0792
1767826898244,91109.1974,47696230887.0272,2026-01-07 23:01:38.244,bitcoin,38.1803,90974.3097,,93134.4992,90472.6939,777.1681
1767830491222,91279.5657,47535758154.9803,2026-01-08 00:01:31.222,bitcoin,41.2208,90996.7043,,93004.2512,90455.5366,704.6689
1767834070744,91313.4706,45898600639.779,2026-01-08 01:01:10.744,bitcoin,41.8339,91018.3419,,92885.5987,90445.0885,688.9294
1767837739834,91326.2794,44345078811.1695,2026-01-08 02:02:19.834,bitcoin,42.0797,91039.3013,,92776.5761,90438.8247,685.8963
1767841263612,90851.5814,43771559027.3124,2026-01-08 03:01:03.612,bitcoin,36.0068,91057.6891,,92641.3245,90399.9034,667.7909
1767844902083,90651.9257,43943791040.8661,2026-01-08 04:01:42.083,bitcoin,33.7975,91075.2163,,92423.1919,90401.2066,661.636
1767848503153,90908.1209,43422306982.7981,2026-01-08 05:01:43.153,bitcoin,38.9721,91095.5986,,92186.689,90464.527,641.553
1767852098286,90709.9027,43661086447.4999,2026-01-08 06:01:38.286,bitcoin,36.5892,91114.3309,,92166.4043,90391.1382,630.9318
1767855730963,89801.8783,46048480123.1078,2026-01-08 07:02:10.963,bitcoin,28.1099,91127.9138,,92226.0528,90122.7375,670.8469
1767859295049,90436.9021,47664615148.5883,2026-01-08 08:01:35.049,bitcoin,38.7927,91145.444,,92101.4109,90082.0028,618.6609
1767862871955,90113.1111,48659963443.3939,2026-01-08 09:01:11.955,bitcoin,35.8661,91160.2237,,92017.7278,89983.2686,586.7672
1767866489642,89953.9737,47110218630.7247,2026-01-08 10:01:29.642,bitcoin,34.489,91173.3918,,91901.5687,89893.8345,624.8332
1767870102538,90336.8452,47305918907.7792,2026-01-08 11:01:42.538,bitcoin,40.4167,91188.9327,,91734.9777,89902.7263,617.5437
1767873691024,90102.422,47447712327.9622,2026-01-08 12:01:31.024,bitcoin,38.1411,91202.1364,,91693.1206,89822.0801,599.896
1767877364313,89862.4433,48429730631.5672,2026-01-08 13:02:44.313,bitcoin,35.912,91214.4234,,91683.3499,89700.4046,598.0532
1767880821579,89799.6279,48730919281.1971,2026-01-08 14:00:21.579,bitcoin,35.3299,91226.4853,,91651.8839,89588.8851,580.7024
1767884530164,89832.6869,48362465449.4379,2026-01-08 15:02:10.164,bitcoin,35.9186,91238.3266,,91655.1554,89489.3404,554.5087
1767888146896,90756.3344,48119031731.1268,2026-01-08 16:02:26.896,bitcoin,49.6959,91255.3165,,91612.6003,89496.2428,536.8434
1767891701429,90835.3363,48878414528.0597,2026-01-08 17:01:41.429,bitcoin,50.6727,91272.943,,91600.3505,89497.7441,526.4678
1767895304276,91280.7823,49361100625.3711,2026-01-08 18:01:44.276,bitcoin,55.8757,91291.1217,,91645.238,89481.0007,529.1154
1767898993841,90971.5127,49121379830.2578,2026-01-08 19:03:13.841,bitcoin,51.7911,91308.4273,,91626.0519,89486.4183,532.722
1767902551210,90778.5369,48575750569.3488,2026-01-08 20:02:31.210,bitcoin,49.3662,91323.591,,91554.5311,89507.8363,524.039
1767906085507,90846.0396,48221895850.5055,2026-01-08 21:01:25.507,bitcoin,50.2438,91339.6368,,91478.63,89536.9943,521.8396
1767909770167,91186.0297,48689128182.491,2026-01-08 22:02:50.167,bitcoin,54.5195,91357.0052,,91449.6456,89551.9537,529.0953
1767913289936,91144.0879,49293182116.3662,2026-01-08 23:01:29.936,bitcoin,53.9041,91372.2239,,91493.9992,89536.8508,530.5243
1767916960359,91006.1774,48129297003.0909,2026-01-09 00:02:40.359,bitcoin,51.8324,91385.7864,,91533.5343,89532.7409,518.7369
1767920505980,91191.1523,47902789452.654,2026-01-09 01:01:45.980,bitcoin,54.3658,91400.3898,,91576.1072,89518.471,512.1548
1767924109759,90958.3423,48539030013.358,2026-01-09 02:01:49.759,bitcoin,50.748,91414.8651,,91601.9941,89517.4282,495.0601
1767927617599,90994.7176,48385321375.598,2026-01-09 03:00:17.599,bitcoin,51.2934,91429.737,,91616.9046,89621.8015,499.1124
1767931369337,91102.6849,46906111566.9808,2026-01-09 04:02:49.337,bitcoin,52.9584,91442.3777,,91667.8962,89637.3882,509.4294
1767934894460,90931.488,46773377470.2954,2026-01-09 05:01:34.460,bitcoin,50.0375,91456.6582,,91684.2051,89702.9171,510.0235
1767938484537,90914.9614,46798364487.6886,2026-01-09 06:01:24.537,bitcoin,49.7522,91470.2121,,91675.7123,89807.5086,513.2638
1767942134822,91008.3362,43340063854.8167,2026-01-09 07:02:14.822,bitcoin,51.4369,91482.9926,,91696.8676,89853.5024,486.9605
1767945716024,90671.4721,42723007936.8055,2026-01-09 08:01:56.024,bitcoin,45.509,91494.3377,,91674.2062,89933.0688,484.1939
1767949278721,89875.9417,43942919039.6451,2026-01-09 09:01:18.721,bitcoin,35.1938,91499.6083,,91671.9775,89936.6474,498.6996
1767952926049,90217.915,43592062514.2152,2026-01-09 10:02:06.049,bitcoin,41.3481,91504.7401,,91611.3484,90039.1052,484.6851
1767956544669,90415.7899,43161255888.0135,2026-01-09 11:02:24.669,bitcoin,44.625,91510.1278,,91526.0126,90182.7513,482.4333
1767960072652,90375.8819,42749219690.3757,2026-01-09 12:01:12.652,bitcoin,44.09,91515.9359,,91537.862,90132.8566,470.9161
1767963819347,90356.6057,42318706632.3793,2026-01-09 13:03:39.347,bitcoin,43.8167,91522.0758,,91544.266,90078.5795,442.3382
1767967236635,90523.6719,43010375497.3068,2026-01-09 14:00:36.635,bitcoin,46.8891,91528.6604,,91483.3753,90063.7591,398.8823
1767970955766,90014.4296,41639378843.472,2026-01-09 15:02:35.766,bitcoin,39.753,91531.1374,,91501.657,89949.7692,381.9296
1767974526960,91106.5818,44540242667.3442,2026-01-09 16:02:06.960,bitcoin,55.4223,91540.6281,,91535.5049,89948.7258,388.2267
1767978015493,91516.6456,44898816875.5395,2026-01-09 17:00:15.493,bitcoin,59.6642,91548.7094,,91637.4978,89913.7934,416.3744
1767981840980,91315.9189,44466502503.6656,2026-01-09 18:04:00.980,bitcoin,56.8143,91554.8129,,91658.1062,89906.174,418.1673
1767985371939,90576.4055,44956129281.92,2026-01-09 19:02:51.939,bitcoin,47.7625,91560.4705,,91617.6761,89889.8358,419.2825
1767988895859,90184.1819,44938480962.3074,2026-01-09 20:01:35.859,bitcoin,43.7785,91562.1961,,91602.4544,89822.858,437.3324
1767992510049,90181.2684,44615625927.3871,2026-01-09 21:01:50.049,bitcoin,43.7493,91565.5622,,91552.2323,89772.0917,452.9572
1767996110510,90382.0762,44247854955.776,2026-01-09 22:01:50.510,bitcoin,46.4021,91567.5503,,91520.5067,89746.1907,448.2753
1767999690544,90501.1261,43007078493.5523,2026-01-09 23:01:30.544,bitcoin,47.9688,91569.1939,,91481.5907,89735.7475,440.1537
1768003342057,90513.1097,42873449054.4873,2026-01-10 00:02:22.057,bitcoin,48.1331,91572.6869,,91422.714,89735.6667,435.7601
1768006910934,90479.0513,42706598354.8095,2026-01-10 01:01:50.934,bitcoin,47.6722,91574.8909,,91385.2228,89727.9142,422.0209
1768010548519,90584.3802,41961718033.5629,2026-01-10 02:02:28.519,bitcoin,49.2893,91577.55,,91352.4684,89727.6106,416.2325
1768014146947,90563.2074,41204612585.9196,2026-01-10 03:02:26.947,bitcoin,48.9618,91579.1529,,91301.56,89734.0061,408.3331
1768017742612,90516.4196,40233023648.2804,2026-01-10 04:02:22.612,bitcoin,48.1995,91580.5317,,91290.6342,89729.4266,394.0125
1768021339480,90337.1054,40293986344.3271,2026-01-10 05:02:19.480,bitcoin,45.2894,91581.9839,,91263.0081,89803.1691,389.0804
1768024805972,90477.1034,39761868404.608,2026-01-10 06:00:05.972,bitcoin,47.9326,91584.8777,,91262.1979,89829.8982,381.2728
1768028558275,90411.4141,39293887266.5051,2026-01-10 07:02:38.275,bitcoin,46.7903,91588.3744,,91262.1408,89829.5177,367.8749
1768032086469,90550.1255,38760326974.2145,2026-01-10 08:01:26.469,bitcoin,49.5257,91594.4012,,91266.5989,89842.4839,366.3046
1768035696994,90536.3123,36533016940.622,2026-01-10 09:01:36.994,bitcoin,49.2541,91599.527,,91269.8791,89857.1743,341.4241
1768039384886,90626.4711,36000687374.6374,2026-01-10 10:03:04.886,bitcoin,51.1372,91604.4222,,91275.2803,89862.0531,335.5015
1768042868105,90706.4319,35174801900.6938,2026-01-10 11:01:08.105,bitcoin,52.8098,91610.002,,91264.2314,89942.3022,335.9345
1768046549171,90610.9475,34092393704.4967,2026-01-10 12:02:29.171,bitcoin,50.5832,91615.4968,,91197.9722,89958.998,333.8854
1768050160498,90615.8269,32455387346.8439,2026-01-10 13:02:40.498,bitcoin,50.6976,91619.5394,,90980.5452,90086.3431,331.016
1768053695090,90535.4285,30924463655.9552,2026-01-10 14:01:35.090,bitcoin,48.6971,91623.1618,,90761.5435,90227.2958,330.9434
1768057342314,90457.5911,29597282633.9315,2026-01-10 15:02:22.314,bitcoin,46.7729,91625.6488,,90753.3202,90223.6376,309.8986
1768060906849,90543.9014,23529493654.5115,2026-01-10 16:01:46.849,bitcoin,49.1713,91629.3382,,90732.168,90280.7617,290.1872
1768064533277,90562.0777,20472742019.2351,2026-01-10 17:02:13.277,bitcoin,49.6855,91632.0329,,90695.681,90355.3297,209.1529
1768068052634,90435.0659,19363245209.5487,2026-01-10 18:00:52.634,bitcoin,46.1708,91634.3834,,90690.7991,90365.5106,126.6049
1768071621369,90467.6262,17962872462.1873,2026-01-10 19:00:21.369,bitcoin,47.2019,91636.6275,,90690.8835,90362.0762,125.5173
1768075375860,90510.8254,15964341069.8737,2026-01-10 20:02:55.860,bitcoin,48.6084,91639.2467,,90690.8094,90361.9218,107.202
1768078944613,90448.4148,14921752720.0052,2026-01-10 21:02:24.613,bitcoin,46.6739,91640.1751,,90691.5669,90358.1007,83.4279
1768082463273,90389.7096,14614595011.988,2026-01-10 22:01:03.273,bitcoin,44.8652,91639.7676,,90689.3515,90340.849,82.91
1768086014104,90363.8614,14103174744.5824,2026-01-10 23:00:14.104,bitcoin,44.0556,91638.6821,,90689.735,90320.531,88.5128
1768089620082,90442.0191,13961660357.4078,2026-01-11 00:00:20.082,bitcoin,47.1603,91637.7783,,90687.9437,90314.8822,89.5907
1768093349593,90501.2793,13561459507.4911,2026-01-11 01:02:29.593,bitcoin,49.4509,91632.8988,,90680.2816,90338.9617,89.4024
1768096894340,90512.0797,13676809835.538,2026-01-11 02:01:34.340,bitcoin,49.8774,91629.2582,,90681.3772,90341.3637,87.925
1768100506339,90592.9726,13691617917.6893,2026-01-11 03:01:46.339,bitcoin,53.0709,91626.3116,,90687.4999,90353.3969,88.9845
1768104166700,90606.4565,13527764063.3146,2026-01-11 04:02:46.700,bitcoin,53.6016,91622.7552,,90694.08,90352.4498,91.2979
1768107717896,90671.4126,13442121447.0434,2026-01-11 05:01:57.896,bitcoin,56.1727,91618.4663,,90712.6419,90347.398,89.2451
1768111209731,90647.3233,13525520796.6293,2026-01-11 06:00:09.731,bitcoin,54.9564,91614.0351,,90716.0974,90346.0278,92.0772
1768114939457,90629.4855,13765031949.3359,2026-01-11 07:02:19.457,bitcoin,54.0236,91609.9764,,90700.3199,90354.1106,90.5028
1768118472317,90591.0158,13840357398.7934,2026-01-11 08:01:12.317,bitcoin,51.9747,91605.0032,,90697.6045,90354.8328,91.0818
1768122169909,90667.3724,13817961717.1082,2026-01-11 09:02:49.909,bitcoin,55.5761,91601.0578,,90706.9125,90350.6794,94.596
1768125766410,90618.2794,13941279881.1081,2026-01-11 10:02:46.410,bitcoin,52.8329,91596.585,,90715.283,90350.594,94.3124
1768129289147,90609.8574,13743520729.2381,2026-01-11 11:01:29.147,bitcoin,52.3555,91591.061,,90722.3911,90358.7125,89.1311
1768132854283,90594.0283,13804880583.2973,2026-01-11 12:00:54.283,bitcoin,51.415,91587.376,,90726.3887,90359.7276,88.6354
1768136619587,90832.9481,14284862359.12,2026-01-11 13:03:39.587,bitcoin,62.3947,91585.7033,,90779.3376,90333.8658,105.8758
1768140066444,90735.04,14524905066.6046,2026-01-11 14:01:06.444,bitcoin,56.7363,91582.8718,,90799.91,90343.2907,112.2253
1768143781702,90965.7473,15034568165.1715,2026-01-11 15:03:01.702,bitcoin,64.83,91580.9535,,90876.7782,90316.2346,137.2801
1768147222939,90683.2131,15202687212.1251,2026-01-11 16:00:22.939,bitcoin,52.0001,91577.4937,,90884.9301,90325.3215,138.5918
1768150871683,90910.2702,15383806894.0813,2026-01-11 17:01:11.683,bitcoin,59.0191,91575.2844,,90927.999,90328.4381,153.3531
1768154520521,90845.0807,16585092360.9236,2026-01-11 18:02:00.521,bitcoin,56.4661,91572.428,,90943.9431,90358.0311,156.8512
1768158118673,90765.5431,16880497328.4659,2026-01-11 19:01:58.673,bitcoin,53.4293,91570.1791,,90936.2996,90405.8428,156.2056
1768161693301,90568.9113,17341399878.0715,2026-01-11 20:01:33.301,bitcoin,46.7372,91566.9918,,90925.9706,90428.8611,154.712
1768165379136,90529.8916,18309842052.891,2026-01-11 21:02:59.136,bitcoin,45.5188,91562.5453,,90923.6303,90434.0626,151.3425
1768168975996,90560.7051,18534269510.1712,2026-01-11 22:02:55.996,bitcoin,46.7005,91558.619,,90920.2855,90442.2699,143.0198
1768172509470,90438.2112,18718274267.5838,2026-01-11 23:01:49.470,bitcoin,42.7326,91554.4486,,90932.6572,90414.4221,137.3931
1768176187416,90819.366,19870776213.7747,2026-01-12 00:03:07.416,bitcoin,55.424,91551.1519,,90948.839,90419.5313,134.521
1768179683236,91132.0296,21697624361.2219,2026-01-12 01:01:23.236,bitcoin,62.7222,91544.5029,,91035.8499,90378.582,160.7428
1768183322693,91307.3299,23689331096.6684,2026-01-12 02:02:02.693,bitcoin,66.0758,91534.55,,91158.4915,90321.9411,199.95
1768186846391,92107.8808,26305178862.9443,2026-01-12 03:00:46.391,bitcoin,76.4814,91529.2438,,91538.53,90089.7421,344.4359
1768190485014,91817.8156,27875726999.9504,2026-01-12 04:01:25.014,bitcoin,68.306,91523.0524,,91712.8614,90038.0907,401.2254
1768194087765,92050.8011,28776376522.6906,2026-01-12 05:01:27.765,bitcoin,70.9885,91520.1078,,91919.1688,89970.1262,469.6764
1768197686154,92000.5607,29734511564.8724,2026-01-12 06:01:26.154,bitcoin,69.6201,91518.2046,,92077.8443,89949.6788,517.6944
1768201300488,91685.5273,29755505236.4554,2026-01-12 07:01:40.488,bitcoin,61.6016,91513.5061,,92153.053,89982.0371,533.9604
1768204886310,91286.8594,30852123694.0112,2026-01-12 08:01:26.310,bitcoin,53.2441,91506.3979,,92169.0997,90035.2735,530.0487
1768208487848,90554.3592,33185500428.6187,2026-01-12 09:01:27.848,bitcoin,41.9757,91495.2099,,92175.9393,90000.575,533.8267
1768212093250,90645.6454,33784271311.4893,2026-01-12 10:01:33.250,bitcoin,43.5783,91483.3281,,92177.9543,89989.6205,532.9654
1768215741832,90321.5954,34918321370.6096,2026-01-12 11:02:21.832,bitcoin,39.4165,91467.0267,,92194.5814,89908.5783,545.6751
1768219296459,90520.6302,35729848497.1607,2026-01-12 12:01:36.459,bitcoin,43.0162,91451.7759,,92199.0591,89887.8423,548.2876
1768222968300,90637.3842,36085831380.7332,2026-01-12 13:02:48.300,bitcoin,45.0777,91438.799,,92197.7605,89861.8523,552.3717
1768226510032,90547.3866,36221629978.6393,2026-01-12 14:01:50.032,bitcoin,43.7634,91425.873,,92199.3843,89830.4591,557.522
1768230021049,90777.4805,39235123460.6596,2026-01-12 15:00:21.049,bitcoin,47.9424,91410.2353,,92199.4898,89831.5473,559.1651
1768233676075,91573.1127,40921486812.158,2026-01-12 16:01:16.075,bitcoin,59.2255,91396.8322,,92254.8436,89876.6137,568.0792
1768237341643,92067.6525,43473960841.1197,2026-01-12 17:02:21.643,bitcoin,64.3917,91387.2231,,92381.0404,89904.1929,606.4665
1768241016356,91432.2044,45643595527.7496,2026-01-12 18:03:36.356,bitcoin,54.7863,91370.9008,,92400.7476,89971.6357,609.0428
1768244498825,91555.8198,47188714028.9254,2026-01-12 19:01:38.825,bitcoin,56.1564,91353.8474,,92415.991,90068.1531,612.1199
1768248123835,91771.0558,47494277606.3822,2026-01-12 20:02:03.835,bitcoin,58.5138,91339.003,,92468.3241,90110.989,614.0359
1768251695169,91393.0358,47448499845.9253,2026-01-12 21:01:35.169,bitcoin,53.1124,91322.5606,,92479.8832,90125.5305,599.8723
1768255336182,91101.0773,48369863819.1442,2026-01-12 22:02:16.182,bitcoin,49.3253,91304.3852,,92472.8371,90111.9513,584.4429
1768258876012,91152.8506,48349188110.0593,2026-01-12 23:01:16.012,bitcoin,50.0061,91286.4131,,92365.0067,90124.2787,559.9866
1768262494919,91134.9692,46923085427.6277,2026-01-13 00:01:34.919,bitcoin,49.7575,91270.163,,92300.1118,90120.889,552.8294
1768266121868,91292.3868,46597867324.8632,2026-01-13 01:02:01.868,bitcoin,52.0191,91255.045,,92193.178,90151.9813,552.0078
1768269699416,91063.0142,45161825902.1697,2026-01-13 02:01:39.416,bitcoin,48.5871,91239.0102,,92073.3951,90178.0096,553.7443
1768273319186,91030.8357,42744373440.0784,2026-01-13 03:01:59.186,bitcoin,48.1076,91223.667,,92005.6311,90180.3044,525.8687
1768276900683,91287.1107,41244630443.652,2026-01-13 04:01:40.683,bitcoin,52.1573,91208.9848,,92005.6544,90180.3063,510.8257
1768280469476,91393.2939,40725177487.1168,2026-01-13 05:01:09.476,bitcoin,53.7673,91194.7742,,92021.4658,90248.3883,480.115
1768284139936,91890.927,42328788544.2468,2026-01-13 06:02:19.936,bitcoin,60.4793,91184.7855,,92111.998,90282.3843,472.3887
1768287804749,92041.3942,43115988148.6541,2026-01-13 07:03:24.749,bitcoin,62.2633,91174.7039,,92175.6477,90390.7145,494.3016
1768291265227,91845.5536,45813432069.0919,2026-01-13 08:01:05.227,bitcoin,58.5582,91166.574,,92201.4238,90497.4307,512.0777
1768294891088,92068.6189,44035218037.6268,2026-01-13 09:01:31.088,bitcoin,61.3774,91159.808,,92262.0955,90579.8825,521.041
1768298597098,92142.9227,45463557165.2087,2026-01-13 10:03:17.098,bitcoin,62.2974,91151.9016,,92296.7584,90704.7732,532.2134
1768302102096,91991.8917,44645958061.6959,2026-01-13 11:01:42.096,bitcoin,59.2099,91142.7033,,92311.4656,90811.5072,502.2872
1768305694653,91920.0428,45231290902.913,2026-01-13 12:01:34.653,bitcoin,57.7438,91131.4796,,92344.96,90812.7058,475.7214
1768309394604,91961.6404,45398239155.9994,2026-01-13 13:03:14.604,bitcoin,58.3862,91120.5422,,92327.4273,90819.6372,452.0042
1768312904371,92115.732,47754830279.505,2026-01-13 14:01:44.371,bitcoin,60.766,91111.1223,,92394.1481,90821.2692,417.6136
1768316516467,92439.1757,47961944782.7413,2026-01-13 15:01:56.467,bitcoin,65.2571,91103.3062,,92516.985,90786.7679,415.9119
1768320101787,93202.1794,49118422280.8131,2026-01-13 16:01:41.787,bitcoin,73.0844,91101.9497,,92821.5122,90625.353,521.8017
1768323725112,93623.5432,50218413913.7813,2026-01-13 17:02:05.112,bitcoin,76.2646,91107.924,,93197.4112,90472.5048,648.1453
1768327251642,93209.7081,49566741941.1796,2026-01-13 18:00:51.642,bitcoin,67.7926,91117.8333,,93383.3334,90497.4457,705.0789
1768331013345,93573.8719,49874552576.5237,2026-01-13 19:03:33.345,bitcoin,70.8602,91127.3747,,93621.2749,90501.6063,783.2808
1768334466130,94135.5165,52266358245.7201,2026-01-13 20:01:06.130,bitcoin,74.8404,91139.7059,,93952.6567,90470.2792,900.552
1768338216446,94430.0459,55629738947.0817,2026-01-13 21:03:36.446,bitcoin,76.6422,91151.5296,,94304.5237,90432.1782,1011.8714
1768341732658,94070.5754,57159119859.2737,2026-01-13 22:02:12.658,bitcoin,70.0487,91156.4121,,94492.8221,90544.6359,1056.231
1768345247158,95724.3237,64176799748.9921,2026-01-13 23:00:47.158,bitcoin,78.9996,91171.3475,,95053.2202,90453.5866,1238.3024
1768348945762,95260.4423,66844465446.7421,2026-01-14 00:02:25.762,bitcoin,72.4583,91180.953,,95393.039,90511.101,1326.2701
1768352421846,95214.2816,68168187505.0648,2026-01-14 01:00:21.846,bitcoin,71.821,91195.5672,,95663.019,90623.2198,1391.1344
1768356100946,95231.7814,69161104449.0093,2026-01-14 02:01:40.946,bitcoin,71.9219,91212.52,,95917.3033,90703.0208,1422.3603
1768359705765,95281.5967,69945608415.7241,2026-01-14 03:01:45.765,bitcoin,72.2265,91226.6279,,96145.663,90798.6814,1432.1713
1768363316185,95671.1235,68445162426.6698,2026-01-14 04:01:56.185,bitcoin,74.5516,91243.994,,96390.9226,90935.9788,1460.9984
1768366885441,95171.138,68400904504.625,2026-01-14 05:01:25.441,bitcoin,66.8192,91259.2717,,96518.3495,91118.8038,1444.2449
1768370513085,94961.6333,67435660412.7944,2026-01-14 06:01:53.085,bitcoin,63.8317,91274.0485,,96588.024,91331.0004,1430.6122
1768374123644,94919.4725,68757711904.6528,2026-01-14 07:02:03.644,bitcoin,63.2191,91287.8947,,96602.5622,91609.2203,1411.5431
1768377737136,95174.5027,69076287083.8904,2026-01-14 08:02:17.136,bitcoin,65.3832,91301.9083,,96592.4581,91944.7704,1378.7315
1768381329666,94872.547,68440947868.0106,2026-01-14 09:02:09.666,bitcoin,60.8203,91315.1976,,96493.5916,92334.7275,1335.2963
1768384967875,95048.5399,67511340667.1197,2026-01-14 10:02:47.875,bitcoin,62.4645,91335.447,,96366.8891,92754.7108,1289.3499
1768388415020,95117.4942,67897139347.2916,2026-01-14 11:00:15.020,bitcoin,63.1176,91354.6618,,96228.322,93161.1097,1219.5882
1768392086945,94736.5568,67807910786.751,2026-01-14 12:01:26.945,bitcoin,57.1969,91370.4112,,96143.74,93399.1294,1115.3072
1768395778492,95031.5433,67253302207.7535,2026-01-14 13:02:58.492,bitcoin,60.3023,91388.8294,,96112.0306,93571.6389,995.3432
1768399260464,94939.8874,66641663931.7596,2026-01-14 14:01:00.464,bitcoin,58.8731,91406.2697,,95954.3153,93902.3721,857.4882
1768402925124,96447.1883,69618802681.0738,2026-01-14 15:02:05.124,bitcoin,71.0323,91433.254,,96103.764,94040.2551,801.3827
1768406487366,96740.636,72578629537.5127,2026-01-14 16:01:27.366,bitcoin,72.7231,91465.4753,,96376.1947,94028.3363,821.0981
1768410066224,97258.4303,74044234017.8328,2026-01-14 17:01:06.224,bitcoin,75.4465,91501.6748,,96766.5024,93920.867,899.0267
1768413698260,96943.9408,76363147060.4912,2026-01-14 18:01:38.260,bitcoin,70.8215,91535.6895,,96946.7537,94027.9523,881.963
1768417317570,96770.2337,77843880830.7094,2026-01-14 19:01:57.570,bitcoin,68.3299,91571.2538,,97100.6855,93978.6114,859.1754
1768420963195,97243.4042,77685360659.3234,2026-01-14 20:02:43.195,bitcoin,71.2926,91607.7452,,97359.9825,93917.6107,896.6269
1768424557876,97511.3913,77010362094.0818,2026-01-14 21:02:37.876,bitcoin,72.8422,91646.8438,,97644.4173,93862.8868,953.9117
1768428158403,97538.1034,75322654210.5047,2026-01-14 22:02:38.403,bitcoin,72.9987,91685.765,,97894.8471,93843.0892,968.4707
1768431688778,96918.0666,70503149367.2411,2026-01-14 23:01:28.778,bitcoin,63.8096,91720.3416,,98007.1296,93894.4537,995.5611
1768435305890,96933.5266,67432894690.8163,2026-01-15 00:01:45.890,bitcoin,63.9315,91753.9961,,98109.1683,93918.6553,1012.1287
1768438962044,96711.1601,68225079731.8484,2026-01-15 01:02:42.044,bitcoin,60.761,91786.1252,,98169.7493,94012.0766,1013.9485
1768442523101,96430.1005,67577864536.2503,2026-01-15 02:02:03.101,bitcoin,56.9187,91816.5051,,98181.2527,94147.4199,1005.714
1768446173253,96316.1714,67159627678.0267,2026-01-15 03:02:53.253,bitcoin,55.3897,91849.0324,,98168.8851,94299.4574,995.0042
1768449687820,95934.03,67487867785.9426,2026-01-15 04:01:27.820,bitcoin,50.4903,91880.4735,,98151.1863,94393.1089,991.9953
1768453425942,96390.9322,68080498612.4864,2026-01-15 05:03:45.942,bitcoin,55.5525,91913.1093,,98114.0728,94582.0609,975.0664
1768456977671,96404.0442,67295384541.5528,2026-01-15 06:02:57.671,bitcoin,55.6926,91947.003,,98078.1524,94753.5317,944.5126
1768460624673,96266.2373,66833569693.3497,2026-01-15 07:03:44.673,bitcoin,53.7753,91985.4814,,98028.0829,94918.4755,905.5383
1768464141002,96544.3805,66354217161.5919,2026-01-15 08:02:21.002,bitcoin,56.9934,92021.8354,,97898.7743,95228.5665,878.4484
1768467698422,96604.1684,66680979977.6949,2026-01-15 09:01:38.422,bitcoin,57.6755,92060.4726,,97777.474,95507.1293,826.2082
1768471431453,96990.8454,67524483710.3549,2026-01-15 10:03:51.453,bitcoin,61.8859,92102.3588,,97576.2374,95913.4618,785.6989
1768474970892,96798.1568,66876762184.0889,2026-01-15 11:02:50.892,bitcoin,58.7495,92140.819,,97582.6551,95942.1408,735.3564
1768478580499,96532.6486,67120362504.7344,2026-01-15 12:03:00.499,bitcoin,54.6404,92179.0941,,97578.3469,95925.6504,630.1763
1768482200248,96937.8027,67275881684.984,2026-01-15 13:03:20.248,bitcoin,59.3166,92221.2094,,97534.3615,95937.5729,538.4498
1768485717356,96875.0224,66629841816.5232,2026-01-15 14:01:57.356,bitcoin,58.3134,92263.3248,,97527.8845,95937.1581,393.2557
1768489420035,96203.14,65255721970.1735,2026-01-15 15:03:40.035,bitcoin,48.801,92301.2442,,97531.9052,95876.4281,404.4673
1768492914416,95648.3407,64114889811.2397,2026-01-15 16:01:54.416,bitcoin,42.6188,92330.3633,,97532.4372,95716.3897,461.9426
1768496490921,96711.6986,62448346002.7881,2026-01-15 17:01:30.921,bitcoin,54.513,92365.3416,,97398.2407,95770.6169,446.2145
1768500161739,96554.4717,61980309508.8931,2026-01-15 18:02:41.739,bitcoin,52.7712,92396.7326,,97221.4651,95849.0294,443.0119
1768503655817,95812.0243,63018761254.883,2026-01-15 19:00:55.817,bitcoin,45.3951,92425.5452,,97210.672,95749.2182,474.4278
1768507366310,95447.6595,63189153795.5899,2026-01-15 20:02:46.310,bitcoin,42.2723,92453.3376,,97232.6096,95578.6939,511.5098
1768510914841,95250.9835,61699373769.9355,2026-01-15 21:01:54.841,bitcoin,40.6469,92479.5575,,97286.8561,95378.4297,532.9588
1768514530326,95549.7604,61511901784.7484,2026-01-15 22:02:10.326,bitcoin,44.1595,92505.5321,,97300.2851,95276.9668,510.2046
1768518132255,95576.1022,59852442785.964,2026-01-15 23:02:12.255,bitcoin,44.4716,92531.9131,,97309.6222,95193.6227,520.4155
1768521696477,95584.828,59629891835.2242,2026-01-16 00:01:36.477,bitcoin,44.582,92559.167,,97323.609,95144.7157,522.8922
1768525232885,95593.9363,58405964018.637,2026-01-16 01:00:32.885,bitcoin,44.7057,92585.374,,97315.7423,95072.8829,530.0235
1768528899136,95616.3928,57344176219.7105,2026-01-16 02:01:39.136,bitcoin,45.0313,92613.1005,,97299.2208,95010.6392,541.0141
1768532487301,95496.6307,57048472630.6191,2026-01-16 03:01:27.301,bitcoin,43.558,92639.8976,,97294.4447,94938.4547,557.1841
1768536141266,95312.1449,55227844956.5331,2026-01-16 04:02:21.266,bitcoin,41.3154,92664.9539,,97265.3107,94844.3651,581.056
1768539744022,95293.8648,55735953741.7855,2026-01-16 05:02:24.022,bitcoin,41.0897,92690.9205,,97215.5114,94763.134,601.0174
1768543284686,95622.6708,55652365004.7843,2026-01-16 06:01:24.686,bitcoin,46.7279,92718.9425,,97065.9453,94775.8826,603.1194
1768546886177,95702.8995,55534491161.7836,2026-01-16 07:01:26.177,bitcoin,48.0348,92746.8864,,96940.7189,94791.5833,604.6616
1768550608468,95615.7324,54737600040.5251,2026-01-16 08:03:28.468,bitcoin,46.6944,92776.3165,,96854.707,94785.9037,598.7198
1768554220431,95649.4764,54487794133.2067,2026-01-16 09:03:40.431,bitcoin,47.3074,92810.6828,,96655.5919,94856.1861,586.4938
1768557782305,95589.9745,53108889693.6828,2026-01-16 10:03:02.305,bitcoin,46.2965,92842.6593,,96431.8835,94951.3897,544.8
1768561416964,95259.4927,52471565424.9612,2026-01-16 11:03:36.964,bitcoin,41.0495,92871.4909,,96368.3902,94920.5183,521.3492
1768565028490,95391.1463,52031109656.7748,2026-01-16 12:03:48.490,bitcoin,43.7829,92901.3436,,96363.8867,94899.3024,504.3386
1768568460960,95401.6161,52140926883.3317,2026-01-16 13:01:00.960,bitcoin,44.0052,92931.3735,,96110.4631,95021.7177,442.341
1768572081615,95408.7575,51437417890.9257,2026-01-16 14:01:21.615,bitcoin,44.1674,92960.4513,,95813.413,95204.1963,367.7183
1768575626880,95197.5624,50076465737.1984,2026-01-16 15:00:26.880,bitcoin,40.4366,92991.3033,,95778.0758,95178.0874,357.584
1768579321123,94564.2188,48159653576.5233,2026-01-16 16:02:01.123,bitcoin,31.7697,93011.8845,,95932.9444,94934.8747,414.5378
1768582965958,94774.6742,45603152215.8199,2026-01-16 17:02:45.958,bitcoin,36.6302,93031.2775,,95981.9271,94838.2611,364.0508
1768586439354,94942.2015,44072736247.9552,2026-01-16 18:00:39.354,bitcoin,40.2773,93052.8625,,95982.3645,94777.0678,297.8691
1768590142355,94931.6106,40322030318.508,2026-01-16 19:02:22.355,bitcoin,40.1201,93078.7864,,95973.1732,94721.8099,299.4229
1768593739034,94928.2012,37720782798.8057,2026-01-16 20:02:19.034,bitcoin,40.0658,93107.0246,,95955.8007,94673.5197,311.7539
1768597355914,95444.5355,37284045387.4812,2026-01-16 21:02:35.914,bitcoin,50.8891,93138.3536,,95938.5478,94675.8326,311.7478
1768600948776,95498.9021,37783472381.1122,2026-01-16 22:02:28.776,bitcoin,51.8745,93168.8109,,95923.1708,94679.4605,310.5156
1768604510815,95457.2111,37633903622.1763,2026-01-16 23:01:50.815,bitcoin,51.0289,93198.3114,,95918.9569,94679.7324,307.6854
1768608133274,95519.8002,37105657043.7547,2026-01-17 00:02:13.274,bitcoin,52.2864,93228.1131,,95936.7645,94682.6903,305.7615
1768611720240,95427.4602,36607443768.237,2026-01-17 01:02:00.240,bitcoin,50.2368,93257.5679,,95945.4691,94687.3453,301.664
1768615293655,95354.0813,35874222438.309,2026-01-17 02:01:33.655,bitcoin,48.6063,93285.959,,95916.5915,94689.3639,295.7304
1768618863255,95324.2862,35646884648.868,2026-01-17 03:01:03.255,bitcoin,47.9261,93314.2987,,95869.8728,94698.2214,293.4493
1768622415255,95339.456,35114380086.7357,2026-01-17 04:00:15.255,bitcoin,48.3226,93343.0073,,95836.8367,94703.6298,293.4819
1768626087364,95272.3145,33811458739.7976,2026-01-17 05:01:27.364,bitcoin,46.6302,93372.3835,,95790.6828,94712.0675,293.5929
1768629753118,95270.073,32170912912.5491,2026-01-17 06:02:33.118,bitcoin,46.5715,93400.9131,,95752.0709,94718.6893,286.388
1768633381629,95178.1521,31486088742.2232,2026-01-17 07:03:01.629,bitcoin,44.121,93429.2866,,95748.4609,94714.1651,274.2843
1768637025814,95020.1369,30959315884.5097,2026-01-17 08:03:45.814,bitcoin,40.2047,93455.8938,,95732.2577,94693.2674,269.5733
1768640468239,95210.1313,29796407318.9351,2026-01-17 09:01:08.239,bitcoin,46.3689,93483.7141,,95715.4156,94690.961,256.2855
1768644137174,95213.0361,29643233775.0206,2026-01-17 10:02:17.174,bitcoin,46.4598,93511.0151,,95696.951,94689.8535,245.0661
1768647754280,95059.7833,28685489685.8612,2026-01-17 11:02:34.280,bitcoin,42.3797,93536.9279,,95693.4047,94679.6219,247.1212
1768651339104,95274.0351,26616250345.625,2026-01-17 12:02:19.104,bitcoin,49.1085,93564.6844,,95641.5067,94802.5015,244.6089
1768654937916,95212.4463,27883424710.4757,2026-01-17 13:02:17.916,bitcoin,47.3951,93592.0452,,95610.0395,94877.746,241.1505
1768658503337,95391.6395,27896479203.7723,2026-01-17 14:01:43.337,bitcoin,52.5792,93620.9512,,95610.1753,94922.5539,240.5337
1768662050817,95399.8074,26825133418.6231,2026-01-17 15:00:50.817,bitcoin,52.8075,93650.3692,,95601.4843,94978.0646,243.9539
1768665829233,95484.1922,23678503682.291,2026-01-17 16:03:49.233,bitcoin,55.2068,93679.7757,,95592.3183,95042.8298,207.9018
1768669240272,95270.6361,21982697066.5511,2026-01-17 17:00:40.272,bitcoin,48.4883,93707.8028,,95577.9492,95039.8088,181.9393
1768673055068,95318.6798,21234259142.8383,2026-01-17 18:04:15.068,bitcoin,49.9635,93736.8719,,95554.5666,95045.1692,168.3822
1768676480437,95381.7381,20488659192.3,2026-01-17 19:01:20.437,bitcoin,51.9103,93766.1226,,95543.488,95048.7006,151.7461
1768680093127,95254.8698,19923276680.626,2026-01-17 20:01:33.127,bitcoin,47.8745,93794.361,,95508.309,95057.3865,129.8148
1768683731538,95334.3332,18674602081.4015,2026-01-17 21:02:11.538,bitcoin,50.4718,93823.4438,,95495.2021,95061.1807,126.9785
1768687353419,95264.1428,18155002366.4536,2026-01-17 22:02:33.419,bitcoin,48.1878,93852.4583,,95487.9382,95059.4507,120.7758
1768690917258,95136.1484,17837040107.8347,2026-01-17 23:01:57.258,bitcoin,44.2549,93880.8648,,95485.2363,95043.3389,120.5424
1768694619189,95096.8947,17748555652.7515,2026-01-18 00:03:39.189,bitcoin,43.0933,93908.5724,,95481.733,95022.5861,116.0054
1768698116799,95050.1692,18030627961.8762,2026-01-18 01:01:56.799,bitcoin,41.6905,93935.6491,,95486.591,94995.5136,119.3067
1768701653860,94923.5804,18274521580.0916,2026-01-18 02:00:53.860,bitcoin,38.0743,93961.908,,95504.9356,94942.5197,135.031
1768705394094,94994.3078,18289300059.5948,2026-01-18 03:03:14.094,bitcoin,41.1459,93988.1064,,95512.6146,94916.4562,142.3269
1768708878109,95151.8027,18463458038.6103,2026-01-18 04:01:18.109,bitcoin,47.4023,94015.1621,,95507.3123,94934.9251,140.7943
1768712512306,95053.7506,18296799166.2173,2026-01-18 05:01:52.306,bitcoin,44.2486,94041.2474,,95508.6647,94917.9347,143.9673
1768716127686,95130.6562,18503348187.8317,2026-01-18 06:02:07.686,bitcoin,47.2149,94067.9339,,95506.735,94911.6263,144.083
1768719670202,95124.2932,18499304311.3894,2026-01-18 07:01:10.202,bitcoin,46.9921,94094.6887,,95504.766,94920.0464,144.8589
1768723325746,94995.5985,18703950847.6573,2026-01-18 08:02:05.746,bitcoin,42.6127,94120.9065,,95504.0011,94892.9676,146.2486
1768726965140,95138.7591,18391808453.9273,2026-01-18 09:02:45.140,bitcoin,48.3762,94147.5219,,95501.3299,94888.27,146.6937
1768730523827,95229.2227,18870808446.9938,2026-01-18 10:02:03.827,bitcoin,51.6788,94174.968,,95480.2513,94893.1069,146.8223
1768734021015,95133.7863,19252806538.8904,2026-01-18 11:00:21.015,bitcoin,48.1772,94201.8961,,95450.7799,94895.9763,144.6276
1768737684550,95116.3084,19313105980.1601,2026-01-18 12:01:24.550,bitcoin,47.5419,94228.8145,,95393.5812,94916.3866,144.593
1768741279872,95058.3663,19190794120.2385,2026-01-18 13:01:19.872,bitcoin,45.4042,94253.9658,,95380.3153,94908.4255,147.0071
1768744968647,95099.9874,19359527444.8988,2026-01-18 14:02:48.647,bitcoin,47.2394,94279.9476,,95355.9419,94910.9297,141.0958
1768748582517,94939.0897,19892688369.0408,2026-01-18 15:03:02.517,bitcoin,41.4403,94303.5984,,95318.1194,94904.4874,140.1754
1768752106366,95078.2835,18606450286.5698,2026-01-18 16:01:46.366,bitcoin,47.4504,94329.7596,,95298.833,94906.1151,121.8114
1768755767922,95129.3495,18092180240.0693,2026-01-18 17:02:47.922,bitcoin,49.4981,94354.8731,,95258.1446,94926.3051,118.4124
1768759342335,95186.9735,18299037471.9867,2026-01-18 18:02:22.335,bitcoin,51.7815,94380.7177,,95241.187,94935.5458,112.2057
1768762864285,95414.263,18981907839.3795,2026-01-18 19:01:04.285,bitcoin,59.5503,94408.3887,,95310.5166,94894.0277,115.5856
1768766525611,95323.0118,19300772546.2284,2026-01-18 20:02:05.611,bitcoin,55.6722,94436.6869,,95342.9115,94884.2445,119.6428
1768770142590,95264.0433,19330489384.8411,2026-01-18 21:02:22.590,bitcoin,53.2584,94464.8664,,95360.6195,94887.9239,115.1826
1768773693793,95385.0914,19321323690.2338,2026-01-18 22:01:33.793,bitcoin,57.3466,94493.583,,95390.8228,94903.8717,123.7966
1768777348426,95419.0493,19527179916.6591,2026-01-18 23:02:28.426,bitcoin,58.4446,94523.2308,,95428.5006,94908.668,137.0291
1768780863979,93635.8073,23481403709.6429,2026-01-19 00:01:03.979,bitcoin,23.798,94539.9953,,95810.0006,94375.5685,337.0583
1768784515488,92617.6857,31853462801.2175,2026-01-19 01:01:55.488,bitcoin,17.4409,94548.8385,,96267.1189,93674.8437,605.7626
1768788089654,92527.6595,31700517176.0688,2026-01-19 02:01:29.654,bitcoin,17.0083,94556.1024,,96514.4748,93167.1881,786.1857
1768791834039,92557.7548,34471966166.7208,2026-01-19 03:03:54.039,bitcoin,17.7429,94558.7802,,96651.9963,92773.0127,917.3195
1768795242851,92635.3659,35364567859.573,2026-01-19 04:00:42.851,bitcoin,19.7164,94563.6466,,96728.2206,92460.7652,1011.8713
1768798867912,92634.9078,36513570573.0987,2026-01-19 05:01:07.912,bitcoin,19.7134,94567.1234,,96749.3992,92189.2014,1089.9318
1768802516895,92489.45,37246350868.2788,2026-01-19 06:01:56.895,bitcoin,18.7365,94570.0335,,96739.0216,91925.6018,1162.2233
1768806152448,92535.4213,37914739146.4499,2026-01-19 07:02:32.448,bitcoin,20.0845,94575.0924,,96700.7986,91703.9883,1217.1118
1768809669062,92766.6573,38478792481.0343,2026-01-19 08:01:09.062,bitcoin,26.6733,94583.9007,,96621.0575,91548.7644,1250.7642
1768813360922,93242.6988,39759213080.2475,2026-01-19 09:02:40.922,bitcoin,38.0052,94599.9027,,96514.3287,91473.9264,1252.9339
1768816979176,92934.0225,41378070994.5812,2026-01-19 10:02:59.176,bitcoin,34.3033,94613.524,,96392.7555,91378.903,1257.286
1768820449490,92997.8609,41131864477.6078,2026-01-19 11:00:49.490,bitcoin,35.6983,94629.4542,,96275.2959,91302.2398,1255.6763
1768824214961,93052.2412,42171198701.9261,2026-01-19 12:03:34.961,bitcoin,36.9269,94644.5233,,96120.0975,91254.834,1246.5141
1768827829889,92992.6393,42654837082.0618,2026-01-19 13:03:49.889,bitcoin,36.1125,94658.5426,,95937.0667,91224.1937,1235.2959
1768831281768,92971.5928,41834176851.2291,2026-01-19 14:01:21.768,bitcoin,35.8121,94672.9724,,95719.7126,91220.0097,1216.2213
1768834865245,92762.5026,42545786852.0467,2026-01-19 15:01:05.245,bitcoin,32.8858,94684.7881,,95419.4463,91255.1001,1203.9153
1768838485390,92989.4394,43456560470.9588,2026-01-19 16:01:25.390,bitcoin,38.7371,94693.2186,,95095.8426,91345.3465,1171.0841
1768842174707,93252.3594,44567109513.0148,2026-01-19 17:02:54.707,bitcoin,44.7473,94700.2704,,94745.1724,91494.8483,1123.5048
1768845641722,93183.6291,44622719086.3041,2026-01-19 18:00:41.722,bitcoin,43.5447,94710.6955,,94261.8871,91757.9874,1064.2478
1768849438610,93034.3857,44875336443.0685,2026-01-19 19:03:58.610,bitcoin,40.9697,94719.4965,,93482.2001,92299.208,975.5226
1768852937410,93044.6706,44333716368.8176,2026-01-19 20:02:17.410,bitcoin,41.2277,94727.0776,,93351.1253,92371.1691,875.8884
1768856507388,93176.9668,45217207443.5904,2026-01-19 21:01:47.388,bitcoin,44.582,94737.6962,,93384.1307,92394.0918,758.3159
1768860098785,92951.525,45126286972.9388,2026-01-19 22:01:38.785,bitcoin,40.3553,94748.7108,,93377.0992,92443.5099,584.913
1768863682629,92565.4085,45622787259.8032,2026-01-19 23:01:22.629,bitcoin,34.3487,94757.1189,,93376.3363,92445.0382,292.1598
1768867342746,92558.7626,41869488075.8616,2026-01-20 00:02:22.746,bitcoin,34.2542,94765.5938,,93382.6514,92431.0628,254.1538
1768870815128,92658.1889,36163166661.4283,2026-01-20 01:00:15.128,bitcoin,37.0449,94773.7236,,93381.2554,92434.7869,252.6523
1768874489301,92755.6584,33692171905.266,2026-01-20 02:01:29.301,bitcoin,39.7451,94783.7989,,93360.4722,92482.1909,243.9519
1768878016374,92496.316,33740097757.8269,2026-01-20 03:00:16.374,bitcoin,35.3951,94792.522,,93365.6627,92473.0899,247.604
1768881650980,92365.7593,33366692390.0205,2026-01-20 04:00:50.980,bitcoin,33.4125,94798.9425,,93403.512,92395.1508,263.9023
1768885305140,92054.4536,33306250885.9472,2026-01-20 05:01:45.140,bitcoin,29.211,94802.878,,93439.304,92240.5342,307.5177
1768888815390,91628.1578,35759405534.4076,2026-01-20 06:00:15.390,bitcoin,24.6415,94801.3139,,93570.9371,91978.3147,388.2129
1768892591861,90765.5765,38350758124.5102,2026-01-20 07:03:11.861,bitcoin,18.3772,94793.7197,,93838.4136,91487.6098,566.106
1768896091113,91140.4452,38892403004.0018,2026-01-20 08:01:31.113,bitcoin,27.056,94789.5226,,93900.9742,91233.8695,650.85
1768899757198,90966.9813,39535862216.8359,2026-01-20 09:02:37.198,bitcoin,25.6946,94782.9653,,93953.9054,90978.3725,722.4269
1768903341259,90880.6118,39618768787.2313,2026-01-20 10:02:21.259,bitcoin,25.0195,94775.4515,,93980.6667,90742.5132,793.5732
1768906868527,91178.0482,39535421014.3819,2026-01-20 11:01:08.527,bitcoin,31.6768,94770.6072,,93968.8762,90595.8582,827.0382
1768910464723,91131.6632,39856656818.9735,2026-01-20 12:01:04.723,bitcoin,31.2114,94765.9145,,93914.1908,90464.7659,852.9639
1768914091150,91178.3892,39648942062.0297,2026-01-20 13:01:31.150,bitcoin,32.2906,94761.2523,,93791.6921,90379.8677,870.3056
1768917630511,90877.1945,40503115429.5685,2026-01-20 14:00:30.511,bitcoin,29.1193,94753.88,,93675.7503,90265.166,898.0223
1768921302645,90465.3599,43678948454.6537,2026-01-20 15:01:42.645,bitcoin,25.4401,94742.1311,,93593.7768,90090.2369,950.7581
1768924899872,90345.3765,47125815607.2598,2026-01-20 16:01:39.872,bitcoin,24.4701,94725.1263,,93483.1437,89930.9406,990.0497
1768928504519,90023.4715,48438485875.2172,2026-01-20 17:01:44.519,bitcoin,22.0418,94703.6973,,93335.3791,89763.3557,1023.3525
1768932110181,89639.1493,51285502151.1617,2026-01-20 18:01:50.181,bitcoin,19.5477,94682.444,,93232.1795,89535.3177,1071.0657
1768935689340,89450.1657,53022120610.356,2026-01-20 19:01:29.340,bitcoin,18.4426,94657.8981,,93174.2994,89281.6735,1120.1132
1768939295396,89569.0507,54868614477.109,2026-01-20 20:01:35.396,bitcoin,21.451,94630.7168,,93052.0689,89104.9328,1137.936
1768942864448,89478.1608,56527633609.7403,2026-01-20 21:01:04.448,bitcoin,20.8187,94601.2413,,92870.6478,88968.3511,1132.6934
1768946465542,89379.1338,57170872939.1256,2026-01-20 22:01:05.542,bitcoin,20.1228,94573.316,,92619.689,88881.6575,1129.0868
1768950087630,88348.4419,59433891941.7454,2026-01-20 23:01:27.630,bitcoin,14.6381,94529.412,,92509.4587,88577.1003,1210.5653
1768953629536,88312.8405,60578606228.983,2026-01-21 00:00:29.536,bitcoin,14.4911,94488.0572,,92348.6884,88332.5787,1264.9553
1768957383797,88839.0347,61978203864.9478,2026-01-21 01:03:03.797,bitcoin,26.2703,94450.1093,,92127.2761,88232.4492,1249.615
1768960899528,88916.2237,62270151568.901,2026-01-21 02:01:39.528,bitcoin,27.8406,94412.5167,,91946.5588,88141.9731,1200.1388
1768964442074,88946.8757,63126914968.0006,2026-01-21 03:00:42.074,bitcoin,28.4919,94374.81,,91882.6926,88023.9691,1147.1983
1768968198244,89329.2029,63706579710.8954,2026-01-21 04:03:18.244,bitcoin,36.2243,94337.0605,,91729.769,87995.7686,1067.8398
1768971795800,89361.6989,62655112081.3957,2026-01-21 05:03:15.800,bitcoin,36.8494,94302.4805,,91589.7893,87975.2201,994.5327
1768975304373,89878.0097,62161028241.7271,2026-01-21 06:01:44.373,bitcoin,45.9187,94272.2208,,91469.2919,87995.4572,932.6822
1768978843202,89532.4133,58983321981.8838,2026-01-21 07:00:43.202,bitcoin,41.611,94240.155,,91256.2694,88043.9162,918.7059
1768982499628,89095.303,59072065303.8577,2026-01-21 08:01:39.628,bitcoin,36.8963,94203.9693,,91018.2693,88078.2803,891.3447
1768986112759,89065.3569,58117145515.4445,2026-01-21 09:01:52.759,bitcoin,36.5905,94169.4027,,90719.8946,88165.3518,866.9873
1768989702800,89103.4181,58073849737.9161,2026-01-21 10:01:42.800,bitcoin,37.3019,94134.0151,,90454.558,88253.3107,838.7667
1768993209339,89165.576,57547866641.7338,2026-01-21 11:00:09.339,bitcoin,38.5152,94098.587,,90265.9408,88311.9495,777.0065
1768996994498,88716.445,57948023700.39,2026-01-21 12:03:14.498,bitcoin,33.4747,94062.753,,90085.182,88329.8152,718.7761
1769000636622,88654.4853,59749492507.5704,2026-01-21 13:03:56.622,bitcoin,32.8362,94024.7943,,89963.4214,88314.6772,636.1666
1769004093349,88596.0588,59867105528.0728,2026-01-21 14:01:33.349,bitcoin,32.2123,93987.0334,,89910.0938,88263.6957,565.1139
1769007645710,89733.0529,60671870452.4387,2026-01-21 15:00:45.710,bitcoin,51.5175,93947.0683,,89957.7581,88244.3202,514.6515
1769011273486,90213.5628,59458790941.3869,2026-01-21 16:01:13.486,bitcoin,57.0804,93908.2167,,90099.4677,88167.0617,502.7783
1769015020991,87653.0529,61112451155.8211,2026-01-21 17:03:40.991,bitcoin,34.4177,93851.0418,,90188.5925,87895.4263,567.3346
1769018500528,87842.9696,63053970596.613,2026-01-21 18:01:40.528,bitcoin,36.4336,93796.8694,,90212.5437,87717.8586,613.0577
1769022234503,88466.4468,63135166053.2503,2026-01-21 19:03:54.503,bitcoin,42.6646,93747.4421,,90207.7893,87734.4135,617.9489
1769025714908,90203.5976,66336970584.854,2026-01-21 20:01:54.908,bitcoin,55.6955,93705.5385,,90373.613,87757.6655,655.427
1769029309680,90050.4612,66904218594.7036,2026-01-21 21:01:49.680,bitcoin,54.5191,93661.1282,,90497.2776,87755.1436,682.1316
1769032864951,90174.1652,67120955515.2651,2026-01-21 22:01:04.951,bitcoin,55.3397,93617.2952,,90629.5324,87748.6829,716.8035
1769036489438,89724.2041,64076046994.5623,2026-01-21 23:01:29.438,bitcoin,51.6868,93574.4746,,90682.0413,87773.9069,709.7634
1769040094878,89398.2394,62292526182.4095,2026-01-22 00:01:34.878,bitcoin,49.1554,93529.6217,,90686.7651,87776.0866,688.4319
1769043760214,89790.1391,60880878655.8227,2026-01-22 01:02:40.214,bitcoin,52.1873,93488.4251,,90727.7088,87777.987,694.4491
1769047263200,90019.2645,60474602164.9931,2026-01-22 02:01:03.200,bitcoin,53.9174,93450.2654,,90747.9726,87771.8486,708.8691
1769050898004,89867.281,59504738416.1857,2026-01-22 03:01:38.004,bitcoin,52.5588,93411.8791,,90784.0144,87769.2936,714.9486
1769054496267,89782.4244,58463110104.1849,2026-01-22 04:01:36.267,bitcoin,51.7744,93375.2624,,90831.5353,87790.4848,721.2128
1769058144940,89913.792,58884923572.3769,2026-01-22 05:02:24.940,bitcoin,52.9452,93336.708,,90891.4171,87815.4466,730.7767
1769061652360,89869.6865,57943845195.654,2026-01-22 06:00:52.360,bitcoin,52.4845,93297.8131,,90941.0449,87842.4456,730.5221
1769065294081,90091.8962,57633727459.7827,2026-01-22 07:01:34.081,bitcoin,54.6268,93261.061,,91012.7233,87863.3992,745.0574
1769068958598,89751.9845,55167220139.8227,2026-01-22 08:02:38.598,bitcoin,50.85,93220.6301,,91033.9887,87945.6878,746.0918
1769072485285,89826.1501,55650446335.5192,2026-01-22 09:01:25.285,bitcoin,51.6357,93180.2847,,91049.6646,88047.1784,746.9597
1769076123134,89967.7023,55794416483.1566,2026-01-22 10:02:03.134,bitcoin,53.1743,93138.4803,,91062.2293,88171.778,750.7503
1769079705454,90003.757,56582824052.5354,2026-01-22 11:01:45.454,bitcoin,53.5794,93098.0375,,91084.9001,88176.1776,755.0667
1769083303226,89845.2111,56630268683.876,2026-01-22 12:01:43.226,bitcoin,51.4708,93058.2313,,91045.6635,88178.5791,738.2641
1769086887706,89910.7945,53577690047.943,2026-01-22 13:01:27.706,bitcoin,52.3069,93016.4039,,90844.9729,88605.0438,715.4555
1769090407175,89466.6267,53862611127.5996,2026-01-22 14:00:07.175,bitcoin,46.4677,92972.3063,,90536.1886,89076.1938,683.0241
1769094101548,89265.6022,52323926129.0125,2026-01-22 15:01:41.548,bitcoin,44.0699,92931.0114,,90321.5162,89370.7818,687.1636
1769097703021,88928.4451,52794344034.9044,2026-01-22 16:01:43.021,bitcoin,40.3125,92891.012,,90376.1893,89188.5934,689.7079
1769101317339,88877.1236,50910722204.2675,2026-01-22 17:01:57.339,bitcoin,39.7569,92844.3777,,90422.551,89024.898,577.4883
1769104930840,89392.7888,47125940412.6056,2026-01-22 18:02:10.840,bitcoin,47.5758,92801.7486,,90365.5208,89003.7906,439.5471
1769108523870,89329.2967,46629618597.7109,2026-01-22 19:02:03.870,bitcoin,46.7709,92763.1609,,90362.7362,88967.0844,363.7751
1769112089660,89689.4681,42874184229.7417,2026-01-22 20:01:29.660,bitcoin,51.7571,92728.886,,90366.5021,88992.4413,349.3476
1769115730955,89365.8848,41621590186.1028,2026-01-22 21:02:10.955,bitcoin,47.456,92693.8556,,90356.42,88960.098,347.9178
1769119290606,89269.8197,39630207588.343,2026-01-22 22:01:30.606,bitcoin,46.2278,92656.475,,90317.8693,88923.7042,340.6464
1769122871694,89260.5323,40392510362.0196,2026-01-22 23:01:11.694,bitcoin,46.1036,92618.8823,,90294.7557,88886.143,348.6861
1769126511910,89459.272,39406081669.5962,2026-01-23 00:01:51.910,bitcoin,49.2468,92582.4207,,90275.0583,88873.5252,347.2167
1769130141184,89493.0376,39009347257.2534,2026-01-23 01:02:21.184,bitcoin,49.7826,92546.1058,,90237.0462,88869.4618,346.2827
1769133670042,89823.3223,38523494238.4966,2026-01-23 02:01:10.042,bitcoin,54.8086,92511.6233,,90230.7238,88871.1478,338.4431
1769137274648,89551.9214,37940078403.1535,2026-01-23 03:01:14.648,bitcoin,50.3493,92476.2381,,90156.9209,88890.9532,333.7924
1769140893174,89816.4221,37227588904.0407,2026-01-23 04:01:33.174,bitcoin,54.2555,92443.5255,,90165.3873,88888.9306,334.7197
1769144554785,89848.6175,37872324883.3258,2026-01-23 05:02:34.785,bitcoin,54.7225,92411.1133,,90168.6871,88887.8775,332.2374
1769148185784,89483.7753,38403603742.9992,2026-01-23 06:03:05.784,bitcoin,48.6606,92374.5722,,90111.996,88896.1758,327.2996
1769151801805,89414.1202,38897935863.0804,2026-01-23 07:03:21.805,bitcoin,47.577,92337.139,,90038.3084,88910.8998,309.1986
1769155429267,89400.6718,39448733335.5246,2026-01-23 08:03:49.267,bitcoin,47.3578,92300.1446,,89990.3452,88914.4091,307.2041
1769158975375,89128.5612,39792804145.7992,2026-01-23 09:02:55.375,bitcoin,43.0358,92261.3296,,89925.3522,88901.1788,310.8235
1769162531107,88854.2636,40122098416.6969,2026-01-23 10:02:11.107,bitcoin,39.1565,92221.2361,,89948.6951,88816.5996,320.8658
1769166114062,88916.0197,39844810938.0691,2026-01-23 11:01:54.062,bitcoin,40.4579,92183.4774,,89965.1652,88765.1712,316.5262
1769169870309,89100.4633,39328783477.4334,2026-01-23 12:04:30.309,bitcoin,44.2903,92146.0328,,89953.0521,88794.4861,308.1948
1769173240981,89183.3039,39344524740.404,2026-01-23 13:00:40.981,bitcoin,45.9723,92109.019,,89929.962,88848.1943,288.5566
1769176966428,89196.2898,38845672119.0874,2026-01-23 14:02:46.428,bitcoin,46.2463,92072.0401,,89926.6104,88831.8959,288.9453
1769180622048,88936.3266,38690211630.4676,2026-01-23 15:03:42.048,bitcoin,41.6886,92034.7708,,89939.9437,88779.2657,300.008
1769184150245,89648.4718,37545121519.9788,2026-01-23 16:02:30.245,bitcoin,54.8234,92005.5104,,89933.4918,88781.6179,294.9357
1769187648869,90025.8328,38377822926.8098,2026-01-23 17:00:48.869,bitcoin,59.9691,91977.2435,,90036.0391,88745.0654,307.5183
1769191313751,90475.021,40555027957.3494,2026-01-23 18:01:53.751,bitcoin,65.0693,91950.6531,,90247.3218,88654.3028,377.8031
1769194884000,90427.4516,40955577434.8353,2026-01-23 19:01:24.000,bitcoin,64.1374,91923.8427,,90406.005,88612.3116,426.5807
1769198505388,89818.9383,42654801364.6072,2026-01-23 20:01:45.388,bitcoin,53.5681,91893.4304,,90433.6378,88620.6454,430.0128
1769202091684,89355.1585,43443508419.0657,2026-01-23 21:01:31.684,bitcoin,47.1858,91857.1841,,90429.7686,88610.7267,430.1592
1769205714950,89236.6674,43543421299.617,2026-01-23 22:01:54.950,bitcoin,45.6881,91819.9089,,90397.2809,88584.5489,430.9673
1769209304860,89487.8437,43929022615.619,2026-01-23 23:01:44.860,bitcoin,49.3576,91784.3769,,90393.6447,88581.7773,428.1031
1769212892472,89481.1982,43548170475.9896,2026-01-24 00:01:32.472,bitcoin,49.2628,91748.4329,,90364.2529,88577.6467,428.0282
1769216518033,89334.7476,42590341857.829,2026-01-24 01:01:58.033,bitcoin,47.1144,91712.1667,,90323.0566,88567.456,429.4268
1769220159923,89416.0649,42527494101.9115,2026-01-24 02:02:39.923,bitcoin,48.4585,91676.8214,,90319.573,88564.1686,424.0137
1769223709046,89566.3837,41784282837.3464,2026-01-24 03:01:49.046,bitcoin,50.9406,91642.5482,,90328.7314,88570.2365,424.1295
1769227291652,89638.356,41548316919.5776,2026-01-24 04:01:31.652,bitcoin,52.1294,91608.6131,,90344.0737,88578.6626,419.546
1769230847887,89710.0196,41629667610.0412,2026-01-24 05:00:47.887,bitcoin,53.3416,91575.5042,,90365.6563,88615.2259,415.0947
1769234514916,89651.919,40380558320.3359,2026-01-24 06:01:54.916,bitcoin,52.1877,91542.0628,,90357.3122,88703.3355,416.7852
1769238210539,89500.222,39484411702.7026,2026-01-24 07:03:30.539,bitcoin,49.1954,91508.2656,,90337.4826,88781.5853,416.6073
1769241691649,89478.7485,39013434397.4943,2026-01-24 08:01:31.649,bitcoin,48.7691,91475.2811,,90328.7343,88828.1622,416.2758
1769245291927,89523.7829,37563294053.7198,2026-01-24 09:01:31.927,bitcoin,49.7525,91441.4338,,90324.2656,88866.6788,409.447
1769248992643,89455.595,36219491987.6343,2026-01-24 10:03:12.643,bitcoin,48.2426,91407.1633,,90317.3177,88899.5572,386.041
1769252523192,89484.7895,35515919556.3854,2026-01-24 11:02:03.192,bitcoin,48.9568,91373.9788,,90277.8997,88993.8215,363.9508
1769256186427,89448.847,34711124925.6159,2026-01-24 12:03:06.427,bitcoin,48.0772,91339.3051,,90273.0105,88978.7482,352.1118
1769259616517,89388.9185,34574745070.488,2026-01-24 13:00:16.517,bitcoin,46.5745,91304.6412,,90221.6957,88966.3716,344.9317
1769263378456,89135.9894,34672000597.5198,2026-01-24 14:02:58.456,bitcoin,40.7811,91267.4052,,90039.686,89014.4781,347.9807
1769267091539,89310.0334,31423555631.0973,2026-01-24 15:04:51.539,bitcoin,45.7791,91231.1566,,89783.5659,89158.8564,326.1732
1769270505747,89139.9477,29679323231.987,2026-01-24 16:01:45.747,bitcoin,42.0446,91193.3932,,89738.4584,89136.0649,338.0611
1769274140973,89137.7966,27022925148.3065,2026-01-24 17:02:20.973,bitcoin,41.9979,91156.8882,,89753.2493,89099.5377,333.6779
1769277697639,89247.2444,24187733171.1641,2026-01-24 18:01:37.639,bitcoin,45.323,91120.7487,,89752.5806,89101.2642,269.7096
1769281402305,89255.2171,22371379111.2416,2026-01-24 19:03:22.305,bitcoin,45.5678,91084.2813,,89747.9566,89082.6255,181.1437
1769284947772,89185.7183,19452423579.9955,2026-01-24 20:02:27.772,bitcoin,43.7298,91048.1554,,89746.1545,89054.8796,166.85
1769288425293,89238.2599,17827572030.4043,2026-01-24 21:00:25.293,bitcoin,45.5189,91011.8693,,89747.5059,89043.8795,169.8586
1769292031272,89238.4344,17086881036.9777,2026-01-24 22:00:31.272,bitcoin,45.5251,90976.002,,89745.029,89028.5933,169.7878
1769295735413,89294.1339,16452069441.6072,2026-01-24 23:02:15.413,bitcoin,47.5742,90941.2281,,89723.6946,89022.7028,169.7371
1769299307175,89096.8609,16298779751.081,2026-01-25 00:01:47.175,bitcoin,41.6051,90905.5136,,89694.1556,88998.0922,178.274
1769302891055,89168.2398,16189936541.7922,2026-01-25 01:01:31.055,bitcoin,44.327,90870.5021,,89632.1408,89005.929,182.8827
1769306525697,89029.2045,16074928358.9157,2026-01-25 02:02:05.697,bitcoin,40.3788,90835.4165,,89585.885,88989.9134,194.6694
1769310059623,88995.3918,16045662328.9441,2026-01-25 03:00:59.623,bitcoin,39.4584,90799.7087,,89569.8107,88955.5047,201.4477
1769313718628,88824.8945,16646500446.1517,2026-01-25 04:01:58.628,bitcoin,35.112,90762.0485,,89575.0099,88884.9201,214.128
1769317245095,88902.3177,17015005046.1493,2026-01-25 05:00:45.095,bitcoin,38.4287,90725.4328,,89544.4326,88853.3508,208.5077
1769320939843,88850.7051,16976481182.4481,2026-01-25 06:02:19.843,bitcoin,37.0685,90688.0522,,89524.747,88812.5474,206.4116
1769324476424,88705.8575,17552258710.7192,2026-01-25 07:01:16.424,bitcoin,33.4862,90649.8472,,89508.6273,88750.774,222.9109
1769328213533,88542.6519,17679430865.294,2026-01-25 08:03:33.533,bitcoin,29.9716,90611.4368,,89513.259,88655.5228,250.2369
1769331722785,88160.1586,18346527478.608,2026-01-25 09:02:02.785,bitcoin,23.6948,90569.8975,,89589.63,88456.2757,309.4817
1769335319870,88260.0782,18607936726.8177,2026-01-25 10:01:59.870,bitcoin,27.9403,90528.4145,,89632.8322,88325.4824,343.0151
1769338947282,88493.9035,19404215563.755,2026-01-25 11:02:27.282,bitcoin,36.8018,90488.8914,,89606.0548,88270.6468,347.1864
1769342585796,88393.358,19539913579.1958,2026-01-25 12:03:05.796,bitcoin,34.819,90448.8738,,89602.1133,88199.9294,354.9025
1769346085598,88647.6751,20324699942.8992,2026-01-25 13:01:25.598,bitcoin,43.1608,90410.715,,89577.0522,88175.9783,347.9696
1769349738806,88786.1014,20176700025.5553,2026-01-25 14:02:18.806,bitcoin,47.1273,90373.1323,,89533.7319,88173.1843,346.169
1769353286879,88575.8065,20307390400.7139,2026-01-25 15:01:26.879,bitcoin,42.2981,90335.2556,,89483.7861,88155.1891,341.9434
1769356910978,88316.5635,20648500185.9974,2026-01-25 16:01:50.978,bitcoin,37.233,90295.0073,,89452.4171,88099.6426,355.9646
1769360568644,87930.7964,24195071828.406,2026-01-25 17:02:48.644,bitcoin,31.2384,90252.1588,,89445.8829,87975.4304,396.1983
1769364138235,87750.8588,25134654403.9355,2026-01-25 18:02:18.235,bitcoin,28.9011,90207.8962,,89440.617,87831.9388,437.8911
1769367713991,87305.5098,28913231738.974,2026-01-25 19:01:53.991,bitcoin,24.0956,90159.6298,,89472.2872,87601.4062,511.8237
1769371345027,86392.1266,32144163873.6346,2026-01-25 20:02:25.027,bitcoin,17.6234,90106.4698,,89689.684,87113.5359,676.7168
1769375008052,86635.0527,34580490300.9653,2026-01-25 21:03:28.052,bitcoin,23.5082,90055.1067,,89724.6281,86825.2731,762.6785
1769378523819,86491.4663,35875253975.7006,2026-01-25 22:02:03.819,bitcoin,22.4857,90002.1685,,89747.9222,86548.2052,838.3006
1769382122378,86319.2075,37859875218.08,2026-01-25 23:02:02.378,bitcoin,21.2894,89948.0028,,89750.134,86278.375,904.4907
1769385732687,86563.1876,39552835020.9331,2026-01-26 00:02:12.687,bitcoin,27.1976,89905.9038,,89704.4484,86097.8899,941.2329
1769389271036,86745.8417,38983342950.9075,2026-01-26 01:01:11.036,bitcoin,31.352,89870.9524,,89602.1595,85984.5311,949.8697
1769392874622,87561.0805,44285252790.3333,2026-01-26 02:01:14.622,bitcoin,46.1282,89841.3894,,89473.1017,85984.6265,926.6287
1769396519783,87451.1999,45899551886.4997,2026-01-26 03:01:59.783,bitcoin,44.7307,89810.9932,,89354.663,85977.5994,902.214
1769400103708,87170.4642,47348092681.1884,2026-01-26 04:01:43.708,bitcoin,41.2888,89778.4641,,89249.1241,85945.9196,888.2697
1769403607576,87702.2635,49206158091.2052,2026-01-26 05:00:07.576,bitcoin,49.2544,89749.1031,,89206.9798,85942.2743,856.1077
1769407281287,87724.3357,50286467033.8713,2026-01-26 06:01:21.287,bitcoin,49.5603,89720.7393,,89151.6539,85944.026,822.777
1769410936419,87817.4469,50919846840.4158,2026-01-26 07:02:16.419,bitcoin,50.9047,89692.6561,,89064.2344,85963.7999,794.7209
1769414502955,87907.3175,52245042439.546,2026-01-26 08:01:42.955,bitcoin,52.2282,89663.7315,,88998.7215,85980.7087,774.2091
1769418102916,87876.8649,52325698690.995,2026-01-26 09:01:42.916,bitcoin,51.7194,89631.792,,88876.9942,86025.355,767.8965
1769421722947,87563.6142,52969662338.5535,2026-01-26 10:02:02.947,bitcoin,46.6817,89599.8253,,88680.0655,86100.035,755.6165
1769425229903,87820.3186,53275198701.0526,2026-01-26 11:00:29.903,bitcoin,50.9023,89569.0066,,88541.5001,86163.0516,732.6831
1769428835872,87754.5367,52591374869.3631,2026-01-26 12:00:35.872,bitcoin,49.8141,89537.4726,,88445.5523,86202.7967,712.4291
1769432546339,87714.7161,53094809548.4142,2026-01-26 13:02:26.339,bitcoin,49.1294,89506.0564,,88415.1544,86211.5866,673.3884
1769436143013,87850.856,54131513361.8702,2026-01-26 14:02:23.013,bitcoin,51.5797,89475.5758,,88428.9228,86207.8179,620.3919
1769439772174,88110.3144,57569801910.9962,2026-01-26 15:02:52.174,bitcoin,55.936,89447.8842,,88521.4741,86195.747,590.4094
1769443279521,87581.7502,60244511347.8714,2026-01-26 16:01:19.521,bitcoin,46.7154,89415.6956,,88495.7,86340.4835,561.113
1769446837339,87563.389,59435554000.0677,2026-01-26 17:00:37.339,bitcoin,46.4291,89381.8327,,88481.4716,86447.5456,551.0916
1769450486879,87596.9505,59502944880.2717,2026-01-26 18:01:26.879,bitcoin,47.0677,89348.5787,,88434.189,86605.3766,547.6013
1769454019413,88146.7283,57575707076.0714,2026-01-26 19:00:19.413,bitcoin,56.265,89319.4855,,88381.2733,86841.0444,568.8579
1769457895357,87955.7029,54716286219.0992,2026-01-26 20:04:55.357,bitcoin,52.8301,89289.194,,88295.4216,87066.1476,534.6208
1769461321439,87520.8358,53491701410.1278,2026-01-26 21:02:01.439,bitcoin,45.9526,89255.5265,,88169.0514,87270.0172,503.0845
1769464890269,87969.5268,52617973667.391,2026-01-26 22:01:30.269,bitcoin,52.7827,89225.8718,,88195.8898,87284.0235,460.1789
1769468614878,88019.5244,51584051526.7681,2026-01-26 23:03:34.878,bitcoin,53.4881,89198.813,,88219.5941,87317.1516,381.3026
1769472211083,88220.2366,50673492172.5945,2026-01-27 00:03:31.083,bitcoin,56.3097,89172.9884,,88223.2514,87418.4715,320.4176
1769475756457,88237.797,49445292191.9084,2026-01-27 01:02:36.457,bitcoin,56.558,89146.6765,,88284.6778,87410.5985,262.0613
1769479419094,88494.4309,47240873953.7088,2026-01-27 02:03:39.094,bitcoin,60.1247,89121.3121,,88401.6045,87370.6813,294.6316
1769482889617,88661.528,46920274964.862,2026-01-27 03:01:29.617,bitcoin,62.2954,89098.486,,88543.0635,87313.6303,329.5918
1769486426916,88650.4853,45440008646.8631,2026-01-27 04:00:26.916,bitcoin,62.055,89076.3712,,88655.8399,87275.1708,330.6471
1769490092817,88468.8511,43814283000.8545,2026-01-27 05:01:32.817,bitcoin,58.0843,89055.0284,,88717.7092,87272.5001,343.8595
1769493694990,88339.2168,43387643408.7781,2026-01-27 06:01:34.990,bitcoin,55.3615,89035.4513,,88742.8189,87324.9507,347.812
1769497267230,88213.0101,41955112352.0481,2026-01-27 07:01:07.230,bitcoin,52.7681,89020.2575,,88759.4518,87347.5869,348.4805
1769500868034,88220.8227,41434377575.601,2026-01-27 08:01:08.034,bitcoin,52.9152,89002.8788,,88772.453,87381.2143,350.3375
1769504502745,88045.4604,40194142890.6022,2026-01-27 09:01:42.745,bitcoin,49.2118,88985.4888,,88769.2136,87417.5281,348.9674
1769508095460,87817.2295,39900906872.6004,2026-01-27 10:01:35.460,bitcoin,44.8157,88967.2544,,88770.0996,87413.2795,337.8939
1769511766188,87674.7106,39400189112.0455,2026-01-27 11:02:46.188,bitcoin,42.276,88946.4012,,88772.0829,87367.7358,343.2852
1769515245527,87892.8207,40443164754.9791,2026-01-27 12:00:45.527,bitcoin,47.2068,88927.1223,,88756.799,87414.1267,339.5213
1769518884971,87866.6729,40880191402.1156,2026-01-27 13:01:24.971,bitcoin,46.6918,88907.4097,,88736.8927,87464.3614,334.5667
1769522464317,87862.2004,40455143274.7188,2026-01-27 14:01:04.317,bitcoin,46.5982,88889.4634,,88717.8447,87509.9344,334.286
1769526041493,87639.4007,38980050997.205,2026-01-27 15:00:41.493,bitcoin,42.0722,88872.6422,,88726.4889,87450.5574,344.0904
1769529690298,87924.6147,37047106096.7509,2026-01-27 16:01:30.298,bitcoin,48.9128,88858.2329,,88726.3713,87447.5662,331.6738
1769533295767,88534.7066,38254784566.8219,2026-01-27 17:01:35.767,bitcoin,59.8381,88849.3712,,88749.6662,87525.6584,330.0216
1769536901008,87435.1203,39978725032.9555,2026-01-27 18:01:41.008,bitcoin,42.2858,88836.252,,88792.6692,87429.2147,341.8104
1769540513055,88153.6015,40782420786.133,2026-01-27 19:01:53.055,bitcoin,52.1603,88828.5343,,88798.2814,87437.0102,341.8756
1769544110052,88287.1879,40040544504.0638,2026-01-27 20:01:50.052,bitcoin,53.7449,88820.9042,,88804.2678,87437.719,343.506
1769547700867,89269.2144,42791481304.9586,2026-01-27 21:01:40.867,bitcoin,63.3544,88819.6604,,89019.4287,87325.6998,398.6175
1769551282350,88978.3196,43399146198.3549,2026-01-27 22:01:22.350,bitcoin,59.4167,88817.2746,,89104.4848,87289.0326,429.3911
1769554905848,89119.6836,43848270045.9677,2026-01-27 23:01:45.848,bitcoin,60.6952,88821.8654,,89193.8449,87245.4881,465.9564
1769558422227,89204.2224,43778458930.6268,2026-01-28 00:00:22.227,bitcoin,61.4768,88827.1712,,89297.4516,87197.2551,504.8618
1769562107195,89249.3067,43210751917.8798,2026-01-28 01:01:47.195,bitcoin,61.9118,88829.6133,,89421.0942,87151.658,541.1196
1769565668168,89316.5431,44438050083.9208,2026-01-28 02:01:08.168,bitcoin,62.5902,88831.9962,,89555.7849,87114.7,576.6106
1769569320406,89153.8682,43647995850.84,2026-01-28 03:02:00.406,bitcoin,59.8142,88833.2283,,89651.8968,87112.6739,595.9521
1769572942664,89007.4799,43023799784.277,2026-01-28 04:02:22.664,bitcoin,57.3492,88831.3132,,89717.2588,87125.9776,607.1331
1769576599241,88907.5001,43281441660.4917,2026-01-28 05:03:19.241,bitcoin,55.6621,88828.6097,,89764.7858,87164.6546,615.7402
1769580103172,89002.213,42863826152.6122,2026-01-28 06:01:43.172,bitcoin,56.954,88823.3966,,89808.5158,87239.4229,626.6696
1769583696950,89223.3634,43577961996.0153,2026-01-28 07:01:36.950,bitcoin,59.8927,88821.557,,89858.2468,87344.5573,643.829
1769587258462,89039.3924,43709273355.3013,2026-01-28 08:00:58.462,bitcoin,56.4408,88821.2242,,89885.2957,87432.1654,650.5358
1769590831361,88938.689,44041639843.1696,2026-01-28 09:00:31.361,bitcoin,54.5862,88820.4702,,89888.4156,87536.2472,647.4399
1769594514482,89242.9648,44073175213.8107,2026-01-28 10:01:54.482,bitcoin,58.9729,88821.3009,,89910.9177,87651.8215,641.4739
1769598146047,89293.4406,44701630627.4089,2026-01-28 11:02:26.047,bitcoin,59.6688,88822.062,,89883.9467,87844.1966,622.3764
1769601681997,89953.3487,46052706621.5058,2026-01-28 12:01:21.997,bitcoin,67.4444,88829.4245,,89994.9628,87936.0538,649.2723
1769605307936,89870.9669,46488098386.8887,2026-01-28 13:01:47.936,bitcoin,65.7404,88836.6655,,90113.4197,87951.223,656.206
1769608916496,90117.4226,48805739324.7164,2026-01-28 14:01:56.496,bitcoin,68.3191,88845.7212,91035.8855,90073.1364,88259.7364,668.6674
1769612473419,89511.6307,49412876386.0967,2026-01-28 15:01:13.419,bitcoin,56.9685,88844.4032,91038.922,90023.2152,88445.4606,615.9339
1769616091318,89395.3408,50050317885.7622,2026-01-28 16:01:31.318,bitcoin,55.0768,88839.5328,91041.4209,89949.907,88629.5841,572.7611
1769619702776,89594.2368,48780818846.244,2026-01-28 17:01:42.776,bitcoin,57.666,88851.0875,91044.2349,89979.2094,88632.7839,568.7661
1769623308147,90031.126,37928074581.6918,2026-01-28 18:01:48.147,bitcoin,62.7454,88864.1122,91047.4414,90083.7711,88633.5029,469.3941
1769626924691,89355.2948,47801628699.75,2026-01-28 19:02:04.691,bitcoin,52.293,88869.403,91050.2173,90087.2486,88653.5865,408.0894
1769630556400,89347.7798,48719992322.1146,2026-01-28 20:02:36.400,bitcoin,52.1889,88864.3089,91053.1299,90090.4903,88664.7006,347.169
1769634099464,89024.7447,47517621527.9478,2026-01-28 21:01:39.464,bitcoin,47.7849,88858.2034,91055.7121,90093.9138,88638.8208,352.8298
1769637668618,89288.2468,46702076574.3756,2026-01-28 22:01:08.618,bitcoin,51.3884,88852.9301,91058.5835,90092.9909,88636.9141,345.05
1769641295870,89259.3207,45537895365.9505,2026-01-28 23:01:35.870,bitcoin,50.9725,88850.1629,91061.328,90093.5847,88646.8656,342.3188
1769644892568,89173.213,45836987735.822,2026-01-29 00:01:32.568,bitcoin,49.6836,88848.8235,91064.1315,90088.7373,88668.2862,342.9392
1769648485338,89003.3608,45812596941.3673,2026-01-29 01:01:25.338,bitcoin,47.1508,88844.1403,91066.7147,90081.9504,88684.6592,349.5566
1769652096031,88464.5671,45750854840.0372,2026-01-29 02:01:36.031,bitcoin,40.1573,88834.8861,91068.5022,90146.9822,88565.8628,392.2205
1769655789281,87653.2095,47718813112.9052,2026-01-29 03:03:09.281,bitcoin,32.371,88821.7071,91069.4382,90362.8004,88193.0292,516.4646
1769659352498,87921.1747,48176798815.8239,2026-01-29 04:02:32.498,bitcoin,36.734,88810.6283,91070.3493,90455.3907,87988.6172,581.0579
1769662866015,88177.052,48718736389.4586,2026-01-29 05:01:06.015,bitcoin,40.6701,88800.2905,91071.6935,90494.5606,87873.2836,614.7702
1769666472912,88048.6679,48777662949.7619,2026-01-29 06:01:12.912,bitcoin,39.3474,88789.4511,91072.9819,90524.4119,87724.0026,655.024
1769670074395,88157.5685,48988566694.8459,2026-01-29 07:01:14.395,bitcoin,41.0974,88777.9373,91074.1661,90526.4617,87608.3656,683.3698
1769673719444,88269.3747,48973932847.7621,2026-01-29 08:01:59.444,bitcoin,42.9184,88769.1122,91075.3941,90422.2634,87544.1665,703.0355
1769677335790,87913.4295,50263476734.1628,2026-01-29 09:02:15.790,bitcoin,38.8053,88757.727,91075.6334,90335.7892,87434.887,739.9881
1769680933996,87747.5742,49779944850.2556,2026-01-29 10:02:13.996,bitcoin,37.0248,88744.5119,91075.3361,90182.0989,87351.5925,780.7235
1769684416194,87845.635,49615681923.031,2026-01-29 11:00:16.194,bitcoin,38.8124,88731.666,91075.373,90109.7194,87257.3723,807.7344
1769688022335,87659.2122,49412226540.3224,2026-01-29 12:00:22.335,bitcoin,36.6807,88718.6541,91075.0996,90050.1324,87143.3465,810.9515
1769691740956,87969.0974,47161279160.2239,2026-01-29 13:02:20.956,bitcoin,42.3489,88707.0963,91075.1845,89917.5263,87113.4386,792.8998
1769695269616,87905.0249,45895847318.2026,2026-01-29 14:01:09.616,bitcoin,41.5213,88697.8011,91075.156,89648.379,87169.9759,748.9841
1769698823187,86955.0005,46177372668.6236,2026-01-29 15:00:23.187,bitcoin,31.6458,88684.0475,91072.5518,89601.3764,86976.949,795.9785
1769702468719,84643.7738,50383598380.6169,2026-01-29 16:01:08.719,bitcoin,19.4967,88658.5435,91066.5606,90037.4609,86070.4639,1098.6862
1769706027852,85127.7441,57098077812.2768,2026-01-29 17:00:27.852,bitcoin,25.9109,88636.2258,91061.6281,90162.6894,85555.5353,1240.5782
1769709768811,84187.9723,62599987303.8486,2026-01-29 18:02:48.811,bitcoin,22.2103,88605.2447,91055.9445,90312.1068,84896.0905,1411.3426
1769713262469,83407.6317,65637721828.0338,2026-01-29 19:01:02.469,bitcoin,19.695,88569.9967,91049.2568,90468.2531,84154.7753,1643.8843
1769716891240,83859.7345,66904791086.4498,2026-01-29 20:01:31.240,bitcoin,24.9949,88535.2959,91043.3055,90418.1454,83673.5352,1771.4801
1769720499334,84060.2213,68292930196.7055,2026-01-29 21:01:39.334,bitcoin,27.2866,88503.7146,91038.0822,90283.5796,83313.787,1861.3977
1769724088904,84392.3659,69525926738.993,2026-01-29 22:01:28.904,bitcoin,31.0456,88474.6821,91032.8261,90142.1443,83048.0022,1890.158
1769727697033,84419.9691,69893676818.5637,2026-01-29 23:01:37.033,bitcoin,31.3632,88445.8693,91027.364,90066.5173,82800.3051,1895.858
1769731300905,84570.4091,70962598615.0189,2026-01-30 00:01:40.905,bitcoin,33.1696,88416.7689,91022.0955,89918.0847,82613.6612,1877.0179
1769734946683,84037.1937,71981285978.8524,2026-01-30 01:02:26.683,bitcoin,30.1416,88384.2936,91016.3757,89723.5966,82394.1634,1874.092
1769738590087,82279.3549,78257403050.6358,2026-01-30 02:03:10.087,bitcoin,22.7638,88339.389,91007.6752,89664.3082,81876.5206,1997.8025
1769742131480,82005.641,81740807528.4065,2026-01-30 03:02:11.480,bitcoin,21.8663,88294.4707,90998.487,89522.2452,81403.3908,2138.6785
1769745678663,82557.8343,82636709243.028,2026-01-30 04:01:18.663,bitcoin,28.0311,88251.2648,90990.4655,89210.2506,81144.2314,2197.5243
1769749296381,82795.6666,84543524268.116,2026-01-30 05:01:36.381,bitcoin,30.5719,88209.283,90982.8593,88876.1329,80966.5728,2205.6462
1769752900374,82959.5814,85437360739.3624,2026-01-30 06:01:40.374,bitcoin,32.3447,88170.4485,90975.3657,88500.7541,80863.1523,2189.5895
1769756502426,82491.5736,87849323402.9829,2026-01-30 07:01:42.426,bitcoin,29.9901,88129.2429,90967.1571,88054.9034,80773.5968,2166.5177
1769760070112,82694.4118,90170565198.8715,2026-01-30 08:01:10.112,bitcoin,32.2907,88089.3246,90959.0429,87556.2132,80775.807,2098.8365
1769763704172,82552.0397,88690565496.4123,2026-01-30 09:01:44.172,bitcoin,31.5081,88050.1787,90951.0282,86866.4057,80923.9087,2034.0669
1769767278961,82225.8611,90306976703.3487,2026-01-30 10:01:18.961,bitcoin,29.7302,88010.7239,90942.197,86029.3162,81193.0819,1967.485
1769770945065,82666.7286,90617747332.734,2026-01-30 11:02:25.065,bitcoin,35.0637,87973.5257,90933.918,85295.6274,81497.9434,1843.7361
1769774509158,83059.4162,91916606961.9823,2026-01-30 12:01:49.158,bitcoin,39.4706,87937.5671,90925.8338,85132.028,81503.1071,1690.4822
1769778042459,82637.0588,91402327266.367,2026-01-30 13:00:42.459,bitcoin,36.594,87898.6014,90917.4508,84826.2822,81559.7843,1469.6982
1769781752364,82617.9144,92397284573.4798,2026-01-30 14:02:32.364,bitcoin,36.4643,87859.4444,90908.7648,84699.1511,81529.9096,1177.1119
1769785329735,82948.9348,92704584447.7753,2026-01-30 15:02:09.735,bitcoin,40.3985,87823.8052,90901.2748,84671.8555,81511.3356,916.0694
1769788879428,82762.5428,85496802451.0868,2026-01-30 16:01:19.428,bitcoin,38.9365,87782.8175,90894.0917,84582.3203,81491.1516,875.6794
1769792517569,82970.0079,81240611223.7692,2026-01-30 17:01:57.569,bitcoin,41.4753,87740.8185,90887.7636,84454.7508,81509.6998,776.63
1769796058654,82877.0332,79088570577.371,2026-01-30 18:00:58.654,bitcoin,40.6595,87695.5924,90881.277,84229.29,81583.6273,744.5455
1769799711185,83826.7303,79064266679.9735,2026-01-30 19:01:51.185,bitcoin,51.2158,87656.3024,90876.0199,84084.1081,81669.4854,757.4392
1769803315715,84128.5606,78985738745.34,2026-01-30 20:01:55.715,bitcoin,54.0156,87622.4311,90871.4629,83948.0324,81761.3762,771.1117
1769806909922,83788.093,80678037513.501,2026-01-30 21:01:49.922,bitcoin,50.4951,87589.2938,90866.2673,83885.9602,81798.5383,758.3613
1769810484299,84177.3266,80714609640.7376,2026-01-30 22:01:24.299,bitcoin,54.1724,87559.1787,90861.3906,84097.5038,81776.7919,743.4833
1769814034782,84022.4174,80845220222.5354,2026-01-30 23:00:34.782,bitcoin,52.501,87526.6464,90856.4659,84207.505,81868.4684,716.392
1769817736468,84121.7284,79330100689.408,2026-01-31 00:02:16.468,bitcoin,53.4917,87494.7448,90851.7498,84353.9638,81878.3989,680.4565
1769821314503,83941.8781,77573089852.5803,2026-01-31 01:01:54.503,bitcoin,51.4008,87462.6444,90846.5603,84452.0757,81894.9082,674.699
1769824833617,83873.3775,71006790942.8516,2026-01-31 02:00:33.617,bitcoin,50.5896,87429.6522,90841.0996,84528.8545,81909.509,674.3883
1769828534721,84015.9809,65473070431.9749,2026-01-31 03:02:14.721,bitcoin,52.278,87396.6141,90835.8961,84604.2564,81986.5478,655.5032
1769832091995,83894.0986,63281467371.3363,2026-01-31 04:01:31.995,bitcoin,50.6839,87362.4221,90830.6,84658.5199,82052.253,655.6597
1769835706169,83853.8495,61146824566.9822,2026-01-31 05:01:46.169,bitcoin,50.1402,87327.5639,90825.5582,84686.111,82154.8429,659.2058
1769839362683,83861.8295,58994812403.3378,2026-01-31 06:02:42.683,bitcoin,50.2541,87293.0991,90820.4179,84654.9256,82349.6251,664.8809
1769842817273,83637.6466,58114742354.4769,2026-01-31 07:00:17.273,bitcoin,47.0043,87258.2028,90815.0258,84638.5773,82463.0652,642.5477
1769846576428,83426.2774,55416473374.1333,2026-01-31 08:02:56.428,bitcoin,44.1081,87222.1762,90809.3792,84635.3134,82503.0153,625.6678
1769850184519,82961.4173,56538317948.2256,2026-01-31 09:03:04.519,bitcoin,38.491,87183.1145,90802.8949,84603.0899,82567.6746,606.4908
1769853768259,83001.138,55157934972.8126,2026-01-31 10:02:48.259,bitcoin,39.2035,87144.6951,90796.3107,84561.2721,82647.8148,558.3574
1769857323921,82985.772,55135462030.9098,2026-01-31 11:02:03.921,bitcoin,39.0152,87106.0105,90789.7271,84558.1874,82654.5832,542.1804
1769860815256,82807.6869,54402000231.3452,2026-01-31 12:00:15.256,bitcoin,36.8089,87066.4798,90782.6764,84552.611,82664.6739,552.8912
1769864501543,82635.238,53587954304.5921,2026-01-31 13:01:41.543,bitcoin,34.7591,87026.2793,90775.5056,84590.8476,82592.9604,553.0097
1769868109781,82643.1095,53084116009.9337,2026-01-31 14:01:49.781,bitcoin,34.9372,86987.6312,90768.3804,84617.1144,82543.3012,551.355
1769871808554,81202.9222,56539886254.526,2026-01-31 15:03:28.554,bitcoin,22.7176,86939.3746,90759.1576,84906.5751,81991.4597,713.7124
1769875324835,81212.1015,55891996102.2117,2026-01-31 16:02:04.835,bitcoin,22.9027,86892.185,90749.866,85020.116,81586.2728,833.3422
1769878917285,80261.2769,61338381678.7013,2026-01-31 17:01:57.285,bitcoin,18.0739,86839.3486,90739.2927,85277.9144,80975.7928,1041.3656
1769882559650,78903.315,68170708407.6126,2026-01-31 18:02:39.650,bitcoin,13.6481,86777.7776,90726.3435,85637.2957,80089.0104,1363.4963
1769886133097,77976.0634,74185870299.181,2026-01-31 19:02:13.097,bitcoin,11.5655,86710.6398,90712.3322,86001.5088,79120.1619,1699.9637
1769889685796,77690.9128,75366823476.0899,2026-01-31 20:01:25.796,bitcoin,11.0092,86642.2183,90697.6931,86199.1723,78279.4168,1968.7721
1769893401559,77983.8891,74106180489.1392,2026-01-31 21:03:21.559,bitcoin,15.5064,86575.228,90683.5731,86227.1381,77655.6522,2156.0325
1769896956309,78213.3133,75050856478.5753,2026-01-31 22:02:36.309,bitcoin,18.9602,86509.6023,90669.608,86139.512,77177.2719,2270.3715
1769900532043,78078.5454,76019168736.4791,2026-01-31 23:02:12.043,bitcoin,18.4823,86442.8428,90655.0125,85963.6197,76759.4206,2367.6205
1769904133341,78641.5069,78233261839.6701,2026-02-01 00:02:13.341,bitcoin,26.7844,86380.6086,90641.0039,85692.3998,76505.3813,2397.9711
1769907686241,78832.0084,79601757961.5627,2026-02-01 01:01:26.241,bitcoin,29.4045,86319.0834,90627.2459,85359.7747,76335.8223,2405.1467
1769911296183,78446.4461,79560221032.4855,2026-02-01 02:01:36.183,bitcoin,27.2769,86256.0908,90613.2458,84981.6959,76172.3628,2413.4789
1769914843632,78852.6766,81542257954.5411,2026-02-01 03:00:43.632,bitcoin,32.7945,86195.7175,90599.852,84567.8318,76107.7299,2375.0395
1769918543747,78767.6176,81000112899.2422,2026-02-01 04:02:23.747,bitcoin,32.2428,86135.8527,90585.6694,84137.4178,76072.2779,2325.6441
1769922088993,78912.801,82586816836.4766,2026-02-01 05:01:28.993,bitcoin,34.275,86076.3913,90572.3089,83742.9775,76061.8566,2252.1473
1769925716119,78539.5666,82662027399.3735,2026-02-01 06:01:56.119,bitcoin,31.6472,86015.0155,90558.2835,83285.1541,76073.5228,2166.869
1769929280629,78249.0217,83626804735.7215,2026-02-01 07:01:20.629,bitcoin,29.7361,85952.7724,90543.5443,82759.1557,76125.8462,2080.8197
1769932961584,78306.0284,84068463785.3281,2026-02-01 08:02:41.584,bitcoin,30.6214,85891.8401,90529.0173,82182.3747,76252.4613,1979.7449
1769936534104,78503.1609,82544369173.9222,2026-02-01 09:02:14.104,bitcoin,33.7308,85834.358,90514.4516,81537.8602,76483.7681,1880.576
1769940082425,78943.2828,82773574103.1819,2026-02-01 10:01:22.425,bitcoin,40.1774,85778.9009,90499.9898,80726.1577,76925.4879,1743.8071
1769943651074,78190.0597,83084906521.8917,2026-02-01 11:00:51.074,bitcoin,34.0692,85717.5685,90484.2667,80247.1905,77103.1689,1593.2242
1769947281241,78674.5527,82099682094.5746,2026-02-01 12:01:21.241,bitcoin,40.351,85659.7185,90469.3701,79606.429,77490.1755,1408.3223
1769950875326,78395.4279,83306993631.1922,2026-02-01 13:01:15.326,bitcoin,38.0988,85598.6932,90454.19,79163.9781,77746.0416,1197.0747
1769954470977,78250.6764,83463836589.4154,2026-02-01 14:01:10.977,bitcoin,36.9471,85535.9823,90438.6806,79105.409,77739.3468,905.6726
1769958143062,78153.4295,79888888919.9415,2026-02-01 15:02:23.062,bitcoin,36.1563,85473.9443,90422.7849,79095.2072,77767.2852,746.7054
1769961713804,77544.7381,80612046421.0106,2026-02-01 16:01:53.804,bitcoin,31.5978,85409.8263,90406.1635,79122.6442,77725.2307,540.9628
1769965277622,77393.555,75686616145.4141,2026-02-01 17:01:17.622,bitcoin,30.5669,85347.1047,90388.4338,79205.7871,77583.0544,434.6605
1769968939141,77696.0313,66382279180.4574,2026-02-01 18:02:19.141,bitcoin,35.127,85287.2545,90370.9414,79232.6337,77504.4797,437.9029
1769972492719,77896.3616,58460878605.6665,2026-02-01 19:01:32.719,bitcoin,38.0298,85231.2477,90354.6503,79239.2597,77479.6353,440.7708
1769976090378,77077.9559,54687939376.593,2026-02-01 20:01:30.378,bitcoin,31.7745,85175.8062,90336.8499,79311.879,77250.6608,492.2397
1769979694657,77035.9217,53605164016.1936,2026-02-01 21:01:34.657,bitcoin,31.4881,85118.6685,90319.3779,79322.5764,77060.3547,550.9475
1769983316369,76435.7454,53721807505.1972,2026-02-01 22:01:56.369,bitcoin,27.6543,85058.813,90300.4719,79448.3142,76733.5469,662.0118
1769986808714,77145.4355,54017502629.5484,2026-02-01 23:00:08.714,bitcoin,37.3655,85004.2072,90282.3058,79375.2708,76635.8662,693.5924
1769990495648,76906.6756,58079188094.3176,2026-02-02 00:01:35.648,bitcoin,35.6325,84946.728,90264.223,79314.9559,76510.0869,726.5159
1769994141892,77576.3222,58447605047.8356,2026-02-02 01:02:21.892,bitcoin,43.5414,84892.1475,90246.8168,79176.6576,76514.7373,712.6741
1769997651309,77483.3922,59034831529.3507,2026-02-02 02:00:51.309,bitcoin,42.7562,84832.1613,90229.2415,79092.9895,76492.7879,713.2954
1770001338913,76425.3623,59390357849.7678,2026-02-02 03:02:18.913,bitcoin,35.0149,84766.5313,90209.9796,79112.1734,76291.2381,751.6001
1770004920712,76187.0715,67556832966.7639,2026-02-02 04:02:00.712,bitcoin,33.5419,84701.1539,90190.3994,79122.2904,76069.2254,798.3892
1770008537015,75825.1835,69971108409.1568,2026-02-02 05:02:17.015,bitcoin,31.3827,84630.457,90170.5828,79111.373,75812.345,849.4614
1770012203502,75442.3646,73222407278.5849,2026-02-02 06:03:23.502,bitcoin,29.2385,84557.3501,90150.3765,79011.6553,75561.971,934.4057
1770015754828,76403.3871,76164882821.4997,2026-02-02 07:02:34.828,bitcoin,40.2712,84489.4092,90131.7368,78910.9776,75483.9814,945.0301
1770019424420,76579.2543,78325767896.8005,2026-02-02 08:03:44.420,bitcoin,42.0517,84421.9803,90113.739,78684.0236,75501.4055,939.7367
1770022982414,76827.7159,80179229776.9206,2026-02-02 09:03:02.414,bitcoin,44.566,84356.2116,90095.8953,78491.5967,75537.0613,911.3938
1770026575065,77614.6206,83180601533.8738,2026-02-02 10:02:55.065,bitcoin,51.7119,84296.9914,90078.9655,78377.0272,75588.0251,843.1596
1770030176792,77441.0646,83497220315.8588,2026-02-02 11:02:56.792,bitcoin,50.1756,84235.2101,90061.8434,78253.5858,75640.23,819.0181
1770033790742,77690.2196,84171896816.6733,2026-02-02 12:03:10.742,bitcoin,52.3636,84175.3034,90045.18,78275.6274,75632.7367,763.9149
1770037374105,77918.2943,85489661471.3192,2026-02-02 13:02:54.105,bitcoin,54.3402,84116.9914,90028.4878,78355.467,75605.371,735.5824
1770041011189,78175.7418,86512545749.4729,2026-02-02 14:03:31.189,bitcoin,56.5327,84059.4014,90012.1668,78443.7776,75565.0314,730.7305
1770044562887,77708.5587,87112923680.9938,2026-02-02 15:02:42.887,bitcoin,51.6827,83997.4862,89995.0402,78413.2849,75576.7438,708.6812
1770048103552,78762.481,89776161898.7933,2026-02-02 16:01:43.552,bitcoin,60.0163,83944.9906,89979.5379,78693.7148,75464.7664,781.6479
1770051849045,78627.1741,90931666786.2777,2026-02-02 17:04:09.045,bitcoin,58.6184,83891.7988,89963.5904,78908.1032,75409.5033,836.834
1770055379982,78920.2887,92665241427.7802,2026-02-02 18:02:59.982,bitcoin,60.7511,83840.152,89948.1461,79157.6836,75408.3773,902.8744
1770059007125,78527.9583,92894428139.4952,2026-02-02 19:03:27.125,bitcoin,56.5502,83782.8974,89932.0869,79301.8728,75402.4403,931.16
1770062545545,78264.2596,93613059720.3367,2026-02-02 20:02:25.545,bitcoin,53.8546,83725.2103,89915.6889,79397.3214,75442.75,951.1975
1770066167462,77931.7179,93062403592.859,2026-02-02 21:02:47.462,bitcoin,50.5802,83668.1322,89898.5212,79426.7435,75448.8675,956.708
1770069796172,78478.4676,91698409922.4056,2026-02-02 22:03:16.172,bitcoin,55.3834,83611.6378,89881.8828,79527.6947,75447.4239,961.0647
1770073410436,78698.237,89708527950.5749,2026-02-02 23:03:30.436,bitcoin,57.1847,83556.1539,89865.4272,79645.2159,75557.1902,991.2785
1770076951621,78664.8701,83742944987.8712,2026-02-03 00:02:31.621,bitcoin,56.8097,83499.2767,89848.8592,79710.7711,75739.4149,1008.997
1770080533347,78994.2446,83206342117.3022,2026-02-03 01:02:13.347,bitcoin,59.6244,83444.2556,89831.7386,79738.9991,76028.093,1048.8506
1770084174687,78916.393,81895797719.1652,2026-02-03 02:02:54.687,bitcoin,58.6515,83387.2435,89814.784,79588.0964,76526.3985,1079.3196
1770087751154,77764.3546,78976546354.417,2026-02-03 03:02:31.154,bitcoin,46.5469,83322.3793,89796.279,79465.1028,76785.4889,1044.0941
1770091342481,78679.4699,73887153583.3246,2026-02-03 04:02:22.481,bitcoin,54.5679,83263.0281,89778.8839,79385.4458,77075.1674,1003.4677
1770094948179,78732.0898,70827986050.6654,2026-02-03 05:02:28.179,bitcoin,54.9861,83205.0712,89761.3008,79302.7588,77348.2918,917.8274
1770098667137,78167.1585,67314510473.3477,2026-02-03 06:04:27.137,bitcoin,49.6962,83144.5232,89742.9333,79278.2853,77428.0191,740.3353
1770102076117,78514.406,64293788981.7614,2026-02-03 07:01:16.117,bitcoin,52.7079,83086.7934,89725.1597,79233.3605,77580.278,649.3571
1770105669140,78696.7961,62883551401.6677,2026-02-03 08:01:09.140,bitcoin,54.257,83030.1028,89707.4796,79223.407,77690.8891,558.2155
1770109221488,78650.1276,62088139202.3389,2026-02-03 09:00:21.488,bitcoin,53.7717,82974.1782,89689.8684,79222.5556,77764.9239,468.8982
1770112884996,78350.9023,60378796034.8582,2026-02-03 10:01:24.996,bitcoin,50.6436,82917.831,89671.7867,79219.9388,77785.0567,441.5884
1770116545058,78062.9459,59349817760.2818,2026-02-03 11:02:25.058,bitcoin,47.7639,82860.6181,89653.0715,79172.9338,77867.5004,399.9875
1770120109910,78016.0843,54682290500.6331,2026-02-03 12:01:49.910,bitcoin,47.2926,82801.828,89634.7423,79160.8056,77804.989,379.4091
1770123771185,78252.0181,54520405031.9484,2026-02-03 13:02:51.185,bitcoin,49.9692,82744.5979,89616.8785,79145.7919,77782.487,365.8683
1770127346062,78216.7889,53412428195.0941,2026-02-03 14:02:26.062,bitcoin,49.5645,82687.1847,89598.8313,79084.9546,77772.9744,364.6739
1770130929193,77166.793,53425571220.3913,2026-02-03 15:02:09.193,bitcoin,39.3374,82624.8478,89579.2185,79214.3995,77507.413,423.9683
1770134581592,77956.2981,52412607205.995,2026-02-03 16:03:01.592,bitcoin,48.022,82565.5126,89560.735,79216.3559,77474.6605,427.4934
1770138091755,76462.1341,53853747851.7887,2026-02-03 17:01:31.755,bitcoin,37.175,82493.652,89540.1526,79460.2857,77083.7722,576.6657
1770141689737,74893.6086,55789112298.3215,2026-02-03 18:01:29.737,bitcoin,29.6131,82419.0002,89517.3313,79978.963,76206.6091,888.4035
1770145354074,73111.9134,63707350150.1915,2026-02-03 19:02:34.074,bitcoin,23.7127,82329.4663,89492.2876,80665.5038,74961.4359,1350.1314
1770148810546,74635.9444,68292157507.0911,2026-02-03 20:00:10.546,bitcoin,35.5435,82248.2089,89469.4148,80749.8783,74474.1689,1502.3349
1770152557773,76411.9183,71167127952.7683,2026-02-03 21:02:37.773,bitcoin,46.0444,82171.6774,89448.769,80595.0434,74370.7711,1526.2083
1770156076126,76152.0532,71604663370.4255,2026-02-03 22:01:16.126,bitcoin,44.8919,82095.3306,89427.8408,80435.3591,74254.0214,1547.501
1770159704571,75560.9865,73291609050.9575,2026-02-03 23:01:44.571,bitcoin,42.2986,82014.624,89406.2049,80413.3238,74055.7199,1581.9642
1770163279881,75649.6979,73185397333.1034,2026-02-04 00:01:19.881,bitcoin,42.8324,81933.9423,89384.3667,80260.7282,73905.3383,1601.6878
1770166933289,75911.7567,76249997313.0938,2026-02-04 01:02:13.289,bitcoin,44.4667,81854.5522,89361.676,80064.3078,73819.7253,1586.2798
1770170400667,76360.7657,76804035406.5949,2026-02-04 02:00:00.667,bitcoin,47.2493,81777.4344,89338.5945,79931.2177,73772.1762,1551.8424
1770174085322,75870.189,75270864370.0687,2026-02-04 03:01:25.322,bitcoin,44.6187,81698.3649,89314.8041,79728.3531,73710.6191,1564.6487
1770177670803,76608.2692,75689715229.7796,2026-02-04 04:01:10.803,bitcoin,49.2011,81624.5601,89292.235,79483.8895,73746.23,1525.783
1770181268545,76382.707,75296326029.4029,2026-02-04 05:01:08.545,bitcoin,47.8968,81550.0078,89269.7867,79214.8547,73788.5228,1480.0746
1770184864476,76167.8146,76458213062.5502,2026-02-04 06:01:04.476,bitcoin,46.6285,81473.6125,89247.3527,78971.679,73813.3897,1457.9903
1770188477198,76550.4905,75159313021.6038,2026-02-04 07:01:17.198,bitcoin,49.2077,81398.1788,89225.2355,78781.8754,73851.9477,1409.1037
1770192093151,76424.4685,75893005697.4506,2026-02-04 08:01:33.151,bitcoin,48.3786,81323.0899,89202.9347,78577.3288,73897.3328,1341.787
1770195687154,76472.5621,75285130682.6904,2026-02-04 09:01:27.154,bitcoin,48.7336,81248.8868,89180.7661,78303.1665,73993.5495,1266.9825
1770199273198,76006.4008,74085699332.1875,2026-02-04 10:01:13.198,bitcoin,45.4694,81170.0977,89157.6614,77972.442,74103.2351,1205.7984
1770202909512,76181.4968,73953237849.4206,2026-02-04 11:01:49.512,bitcoin,46.9079,81092.0504,89134.2187,77854.6398,74122.5078,1152.1132
1770206455291,75973.908,75323257924.9892,2026-02-04 12:00:55.291,bitcoin,45.3795,81008.8395,89110.4565,77523.0267,74255.8818,1094.5515
1770210137140,76047.6363,75002216118.3841,2026-02-04 13:02:17.140,bitcoin,46.0518,80926.5577,89087.165,77483.1186,74254.3401,1005.8888
1770213686031,74754.9372,76250767043.1069,2026-02-04 14:01:26.031,bitcoin,37.367,80835.1144,89062.2149,77493.9707,74229.6209,940.0456
1770217310821,74135.6992,77568164177.5956,2026-02-04 15:01:50.821,bitcoin,34.054,80743.591,89035.4526,77230.9474,74595.0227,977.6662
1770220907736,74029.4599,79127149593.7296,2026-02-04 16:01:47.736,bitcoin,33.5052,80652.1274,89007.959,77337.5538,74427.768,939.7574
1770224508467,73499.6663,79610051112.9949,2026-02-04 17:01:48.467,bitcoin,30.8361,80556.3264,88979.928,77501.0242,73973.0723,1025.6831
1770228094709,72395.8033,80103576545.5593,2026-02-04 18:01:34.709,bitcoin,26.1601,80451.3542,88949.68,77822.7473,73275.7242,1208.2768
1770231694175,73462.8082,76649004902.7364,2026-02-04 19:01:34.175,bitcoin,36.2269,80356.7561,88920.5717,77892.8856,72995.7681,1180.2927
1770235342286,73639.6891,73606290520.6502,2026-02-04 20:02:22.286,bitcoin,37.7422,80263.2556,88891.9255,77912.4732,72775.1796,1228.0176
1770238906111,73384.7719,71706708609.7996,2026-02-04 21:01:46.111,bitcoin,36.3998,80170.1605,88863.0775,77907.6742,72527.2802,1278.6738
1770242473653,72629.9866,71695273830.3659,2026-02-04 22:01:13.653,bitcoin,32.6923,80071.0042,88833.1823,77890.234,72171.6424,1377.0749
1770246095860,72402.7842,73045789744.3523,2026-02-04 23:01:35.860,bitcoin,31.6473,79970.6676,88802.947,77906.4881,71808.6479,1484.8586
1770249694865,73023.4145,73261159270.5557,2026-02-05 00:01:34.865,bitcoin,37.522,79874.5379,88774.0004,77715.9616,71640.6889,1533.8848
1770253310545,72713.2162,73935454059.9266,2026-02-05 01:01:50.545,bitcoin,35.8629,79777.5727,88744.6685,77541.805,71447.8964,1583.0322
1770256877906,72289.9201,75225814334.337,2026-02-05 02:01:17.906,bitcoin,33.6748,79681.2951,88714.8533,77390.6375,71211.2745,1625.668
1770260585124,71337.2216,78134811371.757,2026-02-05 03:03:05.124,bitcoin,29.3364,79584.1761,88683.921,77205.5751,70875.01,1734.6259
1770264201193,71128.6957,79282502305.643,2026-02-05 04:03:21.193,bitcoin,28.4718,79484.2209,88652.4973,76984.4261,70566.5817,1796.0961
1770267814483,70762.539,84152993185.9773,2026-02-05 05:03:34.483,bitcoin,26.9687,79380.5631,88620.5277,76704.3308,70275.6747,1865.5138
1770271365683,70587.3836,87653237652.4549,2026-02-05 06:02:45.683,bitcoin,26.2547,79276.6268,88588.6087,76452.7549,69985.3489,1927.1558
1770274878770,70800.1705,85588272843.4825,2026-02-05 07:01:18.770,bitcoin,28.7236,79173.309,88556.7547,76045.5032,69854.4679,1920.3971
1770278447621,70541.2732,86635922637.9565,2026-02-05 08:00:47.621,bitcoin,27.5165,79067.7846,88525.2684,75614.108,69742.5997,1906.7746
1770282132543,71011.6513,92600311916.4272,2026-02-05 09:02:12.543,bitcoin,33.0235,78967.1788,88494.4439,75005.3542,69847.755,1830.8654
1770285714791,71426.1801,94400372771.7713,2026-02-05 10:01:54.791,bitcoin,37.5281,78870.0276,88463.8258,74638.1996,69882.0339,1743.866
1770289334107,70712.5526,95291797429.7138,2026-02-05 11:02:14.107,bitcoin,33.3675,78768.045,88432.1249,74394.0684,69783.8504,1642.6242
1770293034009,70198.493,98251920638.0166,2026-02-05 12:03:54.009,bitcoin,30.725,78664.1121,88399.3372,74162.0145,69632.8076,1549.0998
1770296584086,69436.273,100405122336.807,2026-02-05 13:03:04.086,bitcoin,27.2757,78553.7977,88365.4999,74073.5927,69314.89,1451.74
1770300176542,69608.721,102833376460.8582,2026-02-05 14:02:56.542,bitcoin,29.212,78444.8911,88332.0422,74075.8148,69033.9597,1421.6802
1770303771227,69359.6011,103105296987.1371,2026-02-05 15:02:51.227,bitcoin,28.0501,78340.1566,88298.1635,73883.9993,68815.4545,1426.7027
1770307367386,67375.6243,111543279006.644,2026-02-05 16:02:47.386,bitcoin,20.9156,78237.37,88261.9768,73889.6035,68183.4438,1588.1839
1770310907488,68153.7319,115145664123.4151,2026-02-05 17:01:47.488,bitcoin,28.5873,78136.3342,88227.996,73677.6722,67872.2711,1655.1583
1770314587444,66086.4313,114759451303.2276,2026-02-05 18:03:07.444,bitcoin,22.3766,78028.5869,88192.637,73869.1614,67026.4264,1931.997
1770318158071,66223.3145,116953798388.0979,2026-02-05 19:02:38.071,bitcoin,23.5607,77926.2993,88156.8764,73897.6427,66379.9982,2077.3641
1770321786580,65141.5039,119140008425.1309,2026-02-05 20:03:06.580,bitcoin,20.8532,77814.8813,88119.4842,73848.1329,65641.3169,2256.4747
1770325432325,63880.7715,131958390918.6235,2026-02-05 21:03:52.325,bitcoin,18.2246,77694.7655,88079.8135,73904.4762,64701.7291,2505.2204
1770328994760,63151.4808,136841206726.9764,2026-02-05 22:03:14.760,bitcoin,16.8978,77568.3317,88038.0096,73957.1299,63735.2314,2782.6339
1770332589772,63819.5049,140635639166.1584,2026-02-05 23:03:09.772,bitcoin,22.4663,77445.7099,87997.1823,73889.6194,63050.9703,2937.0166
1770336185158,62822.2641,142969080106.9888,2026-02-06 00:03:05.158,bitcoin,20.2814,77316.2566,87954.3705,73855.4682,62254.4783,3081.4635
1770339766464,63474.1772,156013535568.4466,2026-02-06 01:02:46.464,bitcoin,25.3895,77193.8577,87913.6971,73677.6326,61703.4778,3133.709
1770343352077,65564.6926,162374904265.328,2026-02-06 02:02:32.077,bitcoin,38.9081,77094.3657,87876.4484,73340.1288,61538.7125,3061.7806
1770346828120,64816.1857,163736099802.599,2026-02-06 03:00:28.120,bitcoin,36.3673,76992.0475,87837.4272,72934.8413,61345.6015,3044.3795
1770350595073,64091.2297,161516430150.3972,2026-02-06 04:03:15.073,bitcoin,34.0482,76882.1272,87797.6183,72536.7602,61098.6783,3044.067
1770354169928,64822.4561,159552982310.2272,2026-02-06 05:02:49.928,bitcoin,38.3207,76775.1438,87759.0322,71949.1022,61067.4167,3005.1292
1770357800975,66360.1668,162264206968.75,2026-02-06 06:03:20.975,bitcoin,46.2119,76676.3378,87722.7558,71206.0518,61303.8658,2921.4537
1770361411020,64760.0992,161997384220.7799,2026-02-06 07:03:31.020,bitcoin,40.4173,76570.7933,87684.0986,70499.571,61415.1012,2842.2314
1770365010609,64762.3175,162318983230.3045,2026-02-06 08:03:30.609,bitcoin,40.4285,76464.0546,87645.1293,69811.6041,61559.4506,2753.5731
1770368557087,64812.4581,162197083585.6392,2026-02-06 09:02:37.087,bitcoin,40.6987,76358.4619,87606.48,69215.9246,61692.7486,2602.9134
1770372070528,65743.139,165270409326.7766,2026-02-06 10:01:10.528,bitcoin,45.6282,76260.3505,87570.5029,68511.4446,62010.6704,2362.3348
1770375791873,65852.6464,165388006623.6913,2026-02-06 11:03:11.873,bitcoin,46.1949,76160.2666,87534.3407,67760.1093,62411.3103,2143.3476
1770379414016,66468.2307,164183065633.5603,2026-02-06 12:03:34.016,bitcoin,49.3886,76061.5096,87498.754,67585.4747,62495.2055,1939.6091
1770383009986,66475.3435,160591669868.1207,2026-02-06 13:03:29.986,bitcoin,49.426,75965.3089,87463.3902,67175.1468,62737.6946,1778.513
1770386606188,67249.2367,162169925886.1174,2026-02-06 14:03:26.188,bitcoin,53.4514,75873.8287,87429.0004,67403.1255,62625.9964,1601.8671
1770390191417,68114.3636,164512877815.2768,2026-02-06 15:03:11.417,bitcoin,57.5219,75785.5276,87395.9456,67810.7829,62407.4439,1486.3898
1770393815201,68582.1661,157357383903.0392,2026-02-06 16:03:35.201,bitcoin,59.5801,75701.1206,87364.3549,68378.3784,62183.9146,1573.3546
1770397391194,69871.9999,159453872658.0922,2026-02-06 17:03:11.194,bitcoin,64.664,75623.1563,87334.7647,69194.1377,61967.2782,1731.9862
1770400953543,70772.6188,158805332144.5887,2026-02-06 18:02:33.543,bitcoin,67.7173,75551.1062,87306.3524,70046.7392,61876.7904,2034.1321
1770404532385,69753.8068,155754508695.3443,2026-02-06 19:02:12.385,bitcoin,61.2679,75467.3388,87277.128,70535.5019,61981.4579,2192.4991
1770408165035,70670.2604,153010324806.8534,2026-02-06 20:02:45.035,bitcoin,64.5396,75387.2299,87248.7355,71033.6018,62268.1577,2392.6522
1770411794009,69990.2813,141509745628.229,2026-02-06 21:03:14.009,bitcoin,60.4589,75305.1001,87219.6347,71335.0894,62618.2805,2468.7229
1770415413268,70289.4346,134951738286.6926,2026-02-06 22:03:33.268,bitcoin,61.609,75222.434,87190.871,71748.1811,62677.663,2494.3651
1770418943560,71297.6352,132024258013.6522,2026-02-06 23:02:23.560,bitcoin,65.2746,75146.6913,87163.3549,72263.1547,62810.8343,2588.8567
1770422513674,70545.5122,128240322935.2818,2026-02-07 00:01:53.674,bitcoin,60.6242,75065.8805,87134.5576,72480.9194,63238.4978,2529.4528
1770426180531,69924.3733,112714668980.1235,2026-02-07 01:03:00.531,bitcoin,57.0118,74982.4429,87104.8505,72598.4282,63631.1808,2446.8783
1770429748253,70471.7584,108575067303.5234,2026-02-07 02:02:28.253,bitcoin,59.3127,74902.6714,87075.8859,72840.243,63800.5251,2477.1835
1770433383055,70323.8757,103832603184.5192,2026-02-07 03:03:03.055,bitcoin,58.4032,74821.1708,87047.3752,72886.6073,64310.5385,2446.4994
1770436854461,70793.2441,103167736814.8266,2026-02-07 04:00:54.461,bitcoin,60.4748,74743.1895,87019.7937,72905.5485,64894.69,2361.9486
1770440660268,70717.0279,101450324029.3842,2026-02-07 05:04:20.268,bitcoin,59.9527,74664.9941,86991.7505,72802.7375,65587.958,2292.2872
1770444243769,70109.2145,99122888504.0768,2026-02-07 06:04:03.769,bitcoin,55.8141,74583.1333,86963.1385,72670.3548,66156.9482,2265.9322
1770447669434,68878.3943,98126969432.4773,2026-02-07 07:01:09.434,bitcoin,48.5113,74495.2806,86934.0781,72399.6722,66730.2055,2106.3953
1770451431218,68052.866,99416928440.3239,2026-02-07 08:03:51.218,bitcoin,44.3225,74403.7722,86902.9891,72203.4586,67084.8827,1928.1082
1770454950609,68503.075,99303906320.8243,2026-02-07 09:02:30.609,bitcoin,47.0097,74317.7107,86872.9752,71927.5208,67563.5937,1715.9429
1770458417946,68042.7535,98940574772.1112,2026-02-07 10:00:17.946,bitcoin,44.6375,74228.6727,86842.5429,71807.1759,67763.2902,1576.3218
1770462149277,67959.1534,97563955211.089,2026-02-07 11:02:29.277,bitcoin,44.2012,74139.2285,86811.4628,71826.0244,67728.9208,1431.5304
1770465789434,67902.7832,97208075934.8864,2026-02-07 12:03:09.434,bitcoin,43.8897,74050.5089,86780.63,71890.3824,67596.6244,1333.5549
1770469371796,68967.5501,99031866216.7886,2026-02-07 13:02:51.796,bitcoin,50.9245,73969.1536,86751.6093,71870.383,67526.1788,1185.8077
1770472965726,68966.6091,96148208102.0116,2026-02-07 14:02:45.726,bitcoin,50.9185,73887.7458,86722.6745,71743.7799,67472.181,1092.8204
1770476597965,68572.1859,91161881883.9098,2026-02-07 15:03:17.965,bitcoin,48.3163,73812.5629,86693.1461,71730.183,67367.6158,1070.2043
1770480237146,69097.7989,87345575063.7604,2026-02-07 16:03:57.146,bitcoin,51.8478,73740.4539,86663.0648,71596.8886,67343.664,1054.3258
1770483818965,68955.4718,84835407217.0284,2026-02-07 17:03:38.965,bitcoin,50.8349,73673.1575,86632.6761,71542.3756,67294.6961,1060.7415
1770487205809,69077.4696,83877612461.5424,2026-02-07 18:00:05.809,bitcoin,51.7058,73614.6703,86601.8381,71447.813,67268.0623,1032.8991
1770491008511,69451.253,79746590511.7709,2026-02-07 19:03:28.511,bitcoin,54.3727,73563.9274,86571.9489,71158.4322,67372.8047,1031.4391
1770494615304,69274.9752,77715039228.6209,2026-02-07 20:03:35.304,bitcoin,52.8894,73513.8325,86542.0828,71001.812,67402.3713,1000.3864
1770498188563,69580.3851,74690229173.1558,2026-02-07 21:03:08.563,bitcoin,55.1712,73463.8117,86512.5472,70963.1197,67406.6648,993.7669
1770501764692,69423.2917,73709333124.4414,2026-02-07 22:02:44.692,bitcoin,53.7296,73411.4901,86482.3212,70815.1044,67449.8334,975.8728
1770505404271,69375.5323,69565511286.6586,2026-02-07 23:03:24.271,bitcoin,53.2739,73359.6864,86452.0871,70681.9845,67488.1189,885.5173
1770509035993,69271.2254,68349450225.9533,2026-02-08 00:03:55.993,bitcoin,52.2318,73303.911,86421.8996,70405.5098,67612.3918,844.2212
1770512658719,69072.0513,67302413196.2005,2026-02-08 01:04:18.719,bitcoin,50.2121,73245.816,86391.1787,70084.5484,67768.8555,831.8935
1770516225664,69336.6522,65812987246.6046,2026-02-08 02:03:45.664,bitcoin,52.8221,73191.591,86361.1485,69931.4263,67844.7213,787.6347
1770519841815,69323.1006,65686434021.6703,2026-02-08 03:04:01.815,bitcoin,52.6698,73134.8673,86331.0491,69970.7042,67849.9141,748.5483
1770523282366,69072.7323,64859818933.3937,2026-02-08 04:01:22.366,bitcoin,49.8125,73077.1597,86300.4519,69947.3405,67975.2645,657.4453
1770526997519,69257.2123,62980442390.2642,2026-02-08 05:03:17.519,bitcoin,51.8838,73019.686,86270.3488,69969.6286,68028.3901,555.221
1770530469891,69176.6298,62309233276.3731,2026-02-08 06:01:09.891,bitcoin,50.8957,72963.9542,86240.1566,69923.2686,68188.1377,502.9396
1770534168358,69275.2644,60777951795.5018,2026-02-08 07:02:48.358,bitcoin,52.0982,72910.539,86209.9718,69831.7942,68411.2232,507.287
1770537671585,69634.7787,54713385192.3396,2026-02-08 08:01:11.585,bitcoin,56.2991,72858.9244,86180.7542,69687.8357,68728.3813,486.9533
1770541381896,70616.3332,53805403588.723,2026-02-08 09:03:01.896,bitcoin,65.2574,72811.979,86154.0047,70057.3586,68523.7367,572.2949
1770544949418,70149.4932,52029292741.0222,2026-02-08 10:02:29.418,bitcoin,59.0567,72759.635,86126.1319,70186.6967,68512.687,562.6803
1770548642408,70192.5597,50790793228.3916,2026-02-08 11:04:02.408,bitcoin,59.4396,72712.0308,86098.0441,70264.6788,68596.7422,532.4889
1770552261666,70948.5596,50909192221.8052,2026-02-08 12:04:21.666,bitcoin,65.533,72666.0428,86071.0617,70571.9893,68474.5078,549.5201
1770555867898,71178.2155,48489406747.0179,2026-02-08 13:04:27.898,bitcoin,67.1476,72623.0832,86044.425,70872.8365,68395.935,647.0788
1770559445266,71450.0975,47875411428.0652,2026-02-08 14:04:05.266,bitcoin,68.9991,72582.6035,86017.934,71193.4328,68312.6015,746.9892
1770563015083,71185.4364,46594525663.132,2026-02-08 15:03:35.083,bitcoin,65.1499,72541.1274,85991.7826,71400.776,68278.6766,778.1636
1770566650149,71093.2899,44359669412.383,2026-02-08 16:04:10.149,bitcoin,63.8151,72502.7259,85963.9864,71559.8471,68301.437,814.1203
1770570234244,70382.8443,40167328812.6167,2026-02-08 17:03:54.244,bitcoin,54.5375,72460.9955,85934.6339,71603.0122,68338.5178,801.2311
1770573844287,70734.713,39545112061.9484,2026-02-08 18:04:04.287,bitcoin,57.8091,72419.5591,85906.0488,71680.6629,68392.0093,801.6739
1770577440230,71115.1026,39789681942.2202,2026-02-08 19:04:00.230,bitcoin,61.0707,72379.1944,85879.0193,71802.2919,68444.3373,829.422
1770581039582,71364.0262,38109107529.0576,2026-02-08 20:03:59.582,bitcoin,63.0819,72345.1829,85852.8801,71941.9641,68513.9452,858.5816
1770584415342,70744.2636,39956581402.1163,2026-02-08 21:00:15.342,bitcoin,55.4066,72307.7326,85825.8843,71953.5025,68669.628,861.2892
1770588224885,70676.4074,40124745069.1667,2026-02-08 22:03:44.885,bitcoin,54.623,72273.4508,85798.5153,71964.2829,68792.8231,853.8678
1770591793326,71010.3081,39885620566.4208,2026-02-08 23:03:13.326,bitcoin,57.7868,72236.9322,85771.4447,71993.632,68932.1947,851.0404
1770595437580,70288.1441,42710413811.3814,2026-02-09 00:03:57.580,bitcoin,49.7135,72197.5362,85743.3545,71919.3614,69128.0065,824.527
1770599050666,70459.1618,43232940126.5108,2026-02-09 01:04:10.666,bitcoin,51.4435,72155.1721,85715.5491,71854.0221,69313.5409,781.99
1770602544784,70331.3633,43958720147.7853,2026-02-09 02:02:24.784,bitcoin,50.0576,72112.6005,85687.4199,71744.6523,69538.384,751.0846
1770606161743,70569.9975,44628836015.8924,2026-02-09 03:02:41.743,bitcoin,52.6242,72077.7472,85659.6516,71616.109,69796.4005,715.454
1770609818368,71229.7353,45666691156.2305,2026-02-09 04:03:38.368,bitcoin,58.9112,72048.2392,85632.8645,71578.2084,69993.7968,668.2602
1770613390803,70964.7366,46394131621.1751,2026-02-09 05:03:10.803,bitcoin,55.7131,72019.308,85605.9584,71595.2611,70011.5845,613.9584
1770617070965,70917.7141,45222326315.1705,2026-02-09 06:04:30.965,bitcoin,55.141,71992.3756,85578.7926,71575.4508,70108.2168,534.2402
1770620577857,70599.4807,46173458009.8086,2026-02-09 07:02:57.857,bitcoin,51.302,71957.8285,85551.2761,71543.336,70181.0237,442.4919
1770624214806,70373.2412,46330132588.297,2026-02-09 08:03:34.806,bitcoin,48.7057,71920.8879,85523.2526,71545.4418,70121.3861,383.8552
1770627915874,69837.0773,46182465578.4719,2026-02-09 09:05:15.874,bitcoin,43.1346,71879.277,85494.5037,71581.0698,69951.6443,428.1682
1770631464242,69550.377,45873852335.2917,2026-02-09 10:04:24.242,bitcoin,40.469,71831.2755,85465.2313,71582.3534,69760.3887,478.6706
1770634990367,68682.8018,47155776171.5619,2026-02-09 11:03:10.367,bitcoin,33.6851,71779.143,85434.6429,71773.1402,69319.3384,626.8082
1770638648041,68832.0258,47596951083.6291,2026-02-09 12:04:08.041,bitcoin,35.6822,71726.4157,85404.3944,71841.0132,69025.3389,724.7499
1770642178390,69082.0229,47716231520.516,2026-02-09 13:02:58.390,bitcoin,38.9968,71673.8188,85374.4864,71894.4706,68841.7994,772.4322
1770645818510,68592.0551,47636321385.6665,2026-02-09 14:03:38.510,bitcoin,35.1712,71616.7731,85344.0095,71960.3569,68561.6473,833.9277
1770649437354,69277.2418,50373282830.7521,2026-02-09 15:03:57.354,bitcoin,43.5161,71566.5867,85314.5923,71872.5435,68465.6747,842.6292
1770653048338,69497.9505,50586871562.7089,2026-02-09 16:04:08.338,bitcoin,45.9304,71511.4406,85285.3618,71710.2446,68441.366,838.5569
1770656658213,70052.907,51918509561.7503,2026-02-09 17:04:18.213,bitcoin,51.5395,71460.4033,85256.8769,71646.65,68435.8249,838.3565
1770660278179,70580.7734,54510853357.2802,2026-02-09 18:04:38.179,bitcoin,56.1944,71410.7634,85229.3015,71634.8267,68438.0848,834.6626
1770663827055,70345.9955,55540937707.2144,2026-02-09 19:03:47.055,bitcoin,53.7227,71362.0612,85201.3548,71545.9202,68460.56,812.1766
1770667423251,70891.5813,56251217032.0151,2026-02-09 20:03:43.251,bitcoin,58.3116,71318.1762,85174.1058,71620.1749,68446.6491,787.0838
1770671058216,70744.7606,56620564562.8014,2026-02-09 21:04:18.216,bitcoin,56.6827,71275.3967,85146.7396,71654.5372,68440.8467,787.1004
1770674613561,70375.0959,58987498075.9862,2026-02-09 22:03:33.561,bitcoin,52.6916,71227.1624,85118.9415,71658.3801,68441.377,780.5677
1770678229473,70339.1669,58996917412.3902,2026-02-09 23:03:49.473,bitcoin,52.3061,71177.406,85091.1295,71635.014,68441.6601,759.3402
1770681843099,70123.688,55970867172.7496,2026-02-10 00:04:03.099,bitcoin,49.946,71126.5656,85062.9096,71484.6054,68481.4639,758.316
1770685432077,69826.1188,55256992263.4236,2026-02-10 01:03:52.077,bitcoin,46.8052,71071.9934,85034.1941,71359.2566,68492.9509,756.0609
1770689048786,70394.2392,54673189898.7926,2026-02-10 02:04:08.786,bitcoin,52.8955,71021.2663,85006.2526,71277.7394,68522.1206,757.1234
1770692601270,70064.7606,53438939737.4044,2026-02-10 03:03:21.270,bitcoin,49.3656,70975.4354,84977.7412,71215.9744,68530.4137,749.6043
1770696179597,69457.9862,53117473368.9359,2026-02-10 04:02:59.597,bitcoin,43.5957,70920.5456,84948.3683,71161.2799,68493.5826,714.6952
1770699777463,69797.4229,52918572064.2877,2026-02-10 05:02:57.463,bitcoin,47.3061,70867.3631,84919.3767,71159.3519,68491.5452,683.4599
1770703382631,69382.3386,52873750035.3865,2026-02-10 06:03:02.631,bitcoin,43.5346,70815.0725,84889.842,71159.8616,68474.2317,658.0321
1770707009853,68847.0507,53506698038.9094,2026-02-10 07:03:29.853,bitcoin,39.195,70757.5287,84859.5886,71141.9817,68508.5365,669.8262
1770710543150,68881.0732,52722974911.0827,2026-02-10 08:02:23.150,bitcoin,39.607,70699.1018,84829.4359,71137.1882,68518.2347,682.4235
1770714186243,69064.9911,52034983740.1912,2026-02-10 09:03:06.243,bitcoin,41.8993,70642.0474,84799.4326,71138.296,68515.4238,695.1068
1770717837962,69105.544,51648701984.6781,2026-02-10 10:03:57.962,bitcoin,42.4182,70587.0155,84769.5538,71083.9313,68621.1373,704.9962
1770721344171,68877.6485,50171205626.9493,2026-02-10 11:02:24.171,bitcoin,40.2428,70532.3411,84739.3702,71112.6445,68552.4648,694.0912
1770725020193,68522.8278,49736037055.8761,2026-02-10 12:03:40.193,bitcoin,37.0563,70475.8337,84708.7157,71180.1532,68387.4439,713.2135
1770728579479,68543.2305,49549051754.9886,2026-02-10 13:02:59.479,bitcoin,37.3635,70418.0432,84677.7578,71198.3929,68218.2365,740.5438
1770732168078,68958.61,49396649807.4564,2026-02-10 14:02:48.078,bitcoin,43.4167,70362.935,84647.5127,71094.9236,68159.4894,721.3184
1770735744965,68400.9303,49670133970.1868,2026-02-10 15:02:24.965,bitcoin,38.0939,70310.7573,84616.1727,71051.0647,68008.8419,762.7728
1770739381918,69246.2847,49421123396.0911,2026-02-10 16:03:01.918,bitcoin,48.4174,70258.912,84586.3992,70837.6515,68057.7254,766.3626
1770743001020,69539.8954,49403567289.3377,2026-02-10 17:03:21.020,bitcoin,51.446,70217.7082,84556.7181,70645.4998,68129.3906,760.8308
1770746597790,69855.8123,47715404256.1526,2026-02-10 18:03:17.790,bitcoin,54.5388,70187.7213,84527.5664,70556.8,68166.1619,733.9639
1770750151070,68892.1411,47050514706.2404,2026-02-10 19:02:31.070,bitcoin,45.1012,70162.6036,84497.1866,70411.9524,68166.307,726.7606
1770753791756,69014.0978,46333518662.4232,2026-02-10 20:03:11.756,bitcoin,46.3661,70129.1402,84467.2494,70293.9567,68173.3437,669.9037
1770757242181,68756.1114,45839394600.428,2026-02-10 21:00:42.181,bitcoin,44.0537,70083.5699,84437.008,70223.3207,68136.9789,621.073
1770760998773,68636.0826,44984430354.0297,2026-02-10 22:03:18.773,bitcoin,42.9798,70038.832,84406.5572,69998.7152,68185.7688,596.5631
1770764590009,68661.023,44352434883.3098,2026-02-10 23:03:10.009,bitcoin,43.2891,69997.7608,84376.3111,69828.2935,68215.8167,563.4725
1770768270101,68787.1116,42874724071.0538,2026-02-11 00:04:30.101,bitcoin,44.9163,69956.9121,84345.7107,69774.9922,68202.0305,533.6881
1770771778705,69163.8822,41130937835.9882,2026-02-11 01:02:58.705,bitcoin,49.5723,69916.7462,84315.1994,69656.707,68256.9616,513.764
1770775395302,68946.9776,43655027809.2083,2026-02-11 02:03:15.302,bitcoin,47.1039,69872.6165,84284.1434,69607.1787,68262.9539,436.7081
1770778822849,68644.9606,43241083756.3255,2026-02-11 03:00:22.849,bitcoin,43.8311,69829.6092,84251.556,69608.05,68241.8735,387.9076
1770782518507,68175.4504,43356164024.03,2026-02-11 04:01:58.507,bitcoin,39.2639,69779.4138,84218.7194,69647.0437,68132.3176,409.7056
1770786239711,67551.3978,44388924843.9344,2026-02-11 05:03:59.711,bitcoin,34.1677,69726.8465,84184.6924,69764.1286,67863.8733,460.1551
1770789788390,67393.1339,44617447024.1208,2026-02-11 06:03:08.390,bitcoin,32.998,69674.6162,84150.5154,69850.9633,67605.7976,533.792
1770793394850,66764.589,44958933490.7337,2026-02-11 07:03:14.850,bitcoin,28.7834,69616.3668,84115.903,70030.6981,67214.7569,671.9906
1770796857540,67017.0572,45160793056.8056,2026-02-11 08:00:57.540,bitcoin,32.512,69560.3703,84082.195,70120.1269,66974.7511,751.1217
1770800640815,66970.6291,45537195992.7733,2026-02-11 09:04:00.815,bitcoin,32.1784,69503.8112,84049.4398,70185.1651,66752.4526,814.355
1770804222338,66807.6119,45104034962.2508,2026-02-11 10:03:42.338,bitcoin,30.9763,69449.0565,84016.3314,70206.1289,66516.3891,875.0638
1770807649109,66494.9812,46093190568.381,2026-02-11 11:00:49.109,bitcoin,28.7577,69391.3987,83983.2389,70281.7746,66250.1485,952.8238
1770811466669,67014.715,45714337674.5301,2026-02-11 12:04:26.669,bitcoin,36.8548,69338.0702,83950.5918,70187.7596,66121.0065,988.1272
1770814941146,67091.5072,46254008029.9792,2026-02-11 13:02:21.146,bitcoin,37.9765,69284.7599,83917.8892,70011.0256,66052.9017,1014.1186
1770818634080,67437.2426,47615116264.2032,2026-02-11 14:03:54.080,bitcoin,42.8948,69241.2022,83885.7917,69717.5913,66104.479,1012.1438
1770822142598,66520.4704,45368182105.9334,2026-02-11 15:02:22.598,bitcoin,34.9749,69195.8734,83852.1015,69636.799,65948.1042,1062.2854
1770825818982,66493.8589,50369095822.0312,2026-02-11 16:03:38.982,bitcoin,34.7742,69151.0186,83817.2692,69504.0702,65828.8091,1076.8551
1770829377563,66001.2745,50752603750.3853,2026-02-11 17:02:57.563,bitcoin,31.2046,69106.3854,83781.0659,69430.8211,65626.5746,1090.8572
1770833032060,66499.0162,51365400028.1516,2026-02-11 18:03:52.060,bitcoin,38.1172,69071.2854,83746.4364,69303.1183,65540.5707,1028.6295
1770836574817,67229.7057,51344650665.134,2026-02-11 19:02:54.817,bitcoin,46.6,69034.1836,83712.6502,69144.4289,65556.1284,997.2383
1770840145507,67537.2135,52141066121.4085,2026-02-11 20:02:25.507,bitcoin,49.7235,68997.8594,83678.992,68960.3398,65615.2277,949.7428
1770843613247,67486.5182,52541115408.8608,2026-02-11 21:00:13.247,bitcoin,49.2124,68962.7507,83645.7885,68643.7969,65764.0342,912.8199
1770847391661,67779.2768,53933197656.0962,2026-02-11 22:03:11.661,bitcoin,52.2637,68933.8775,83613.3972,68377.6742,65913.3868,881.5292
1770850977001,67390.9263,54306834841.8603,2026-02-11 23:02:57.001,bitcoin,48.1326,68904.045,83580.3945,68114.7386,66050.919,842.0442
1770854594816,66993.7651,54800843034.4312,2026-02-12 00:03:14.816,bitcoin,44.278,68868.1542,83546.865,67925.7956,66121.6935,790.0186
1770858210969,67451.0712,55317435910.7553,2026-02-12 01:03:30.969,bitcoin,49.3115,68836.8319,83513.7521,67910.0382,66127.4182,685.5949
1770861740907,67649.6478,55322335342.2656,2026-02-12 02:02:20.907,bitcoin,51.366,68809.2112,83481.2335,67950.9839,66112.1239,589.3119
1770865333033,67387.8573,55598081784.5184,2026-02-12 03:02:13.033,bitcoin,48.571,68785.7031,83448.3961,67986.0824,66139.3522,503.3301
1770868959653,67524.2677,54424687250.1046,2026-02-12 04:02:39.653,bitcoin,50.0948,68764.2482,83415.3921,68032.6515,66143.5042,460.2781
1770872445953,66986.3043,53991969915.3616,2026-02-12 05:00:45.953,bitcoin,44.4957,68741.7706,83381.4935,68033.0701,66144.6531,450.7327
1770876187764,67078.8777,53319037946.8003,2026-02-12 06:03:07.764,bitcoin,45.622,68720.8866,83347.0323,68037.8357,66167.0141,445.7813
1770879753276,67053.2227,51541591158.0495,2026-02-12 07:02:33.276,bitcoin,45.3474,68698.5834,83312.3265,68023.9609,66236.7131,441.1368
1770883386608,67178.4581,50899324987.5879,2026-02-12 08:03:06.608,bitcoin,47.0239,68678.5666,83278.0667,68030.7601,66246.2882,441.381
1770886826396,67025.74,51108876405.6046,2026-02-12 09:00:26.396,bitcoin,45.2029,68654.841,83243.2849,68028.6246,66241.8469,440.899
1770890594264,67505.2024,51282011930.2833,2026-02-12 10:03:14.264,bitcoin,51.5469,68631.5018,83209.0659,68037.0941,66240.1734,444.5853
1770894152327,67918.8668,50990141316.2188,2026-02-12 11:02:32.327,bitcoin,56.2528,68614.8727,83175.6311,68121.2438,66295.8634,452.8809
1770897797199,68104.6461,51145339625.1171,2026-02-12 12:03:17.199,bitcoin,58.2155,68602.4093,83142.5542,68219.4131,66358.7727,489.1518
1770901404804,67821.8207,50669670652.2012,2026-02-12 13:03:24.804,bitcoin,54.2268,68592.7995,83109.0266,68126.7234,66633.517,503.2036
1770904945455,68308.5139,49744713826.2284,2026-02-12 14:02:25.455,bitcoin,59.384,68585.0602,83075.9611,68206.6574,66734.5329,546.6765
1770908560906,67619.7097,46693921918.2675,2026-02-12 15:02:40.906,bitcoin,50.6809,68574.7037,83041.4896,68220.2378,66759.9528,525.1468
1770912140668,67107.3988,44901368488.9602,2026-02-12 16:02:20.668,bitcoin,45.3566,68573.1071,83005.2468,68217.0082,66720.201,496.608
1770915800830,65788.2908,46749299373.9363,2026-02-12 17:03:20.830,bitcoin,35.1245,68559.0271,82966.5867,68430.5432,66336.8432,523.1377
1770919336279,65411.6291,48015526327.478,2026-02-12 18:02:16.279,bitcoin,32.846,68555.0104,82927.9783,68601.8539,65928.7677,635.2236
1770923004539,65536.3517,48298454644.7865,2026-02-12 19:03:24.539,bitcoin,34.3643,68550.9214,82889.0373,68704.4623,65640.7019,730.8824
1770926443822,65787.2604,48989373398.9865,2026-02-12 20:00:43.822,bitcoin,37.4293,68554.7651,82849.6647,68758.3215,65466.1923,784.7509
1770930044970,65373.1535,48913471510.3206,2026-02-12 21:00:44.970,bitcoin,34.5608,68563.6484,82809.3079,68810.6618,65206.0601,861.5983
1770933720672,65760.2622,47531343694.627,2026-02-12 22:02:00.672,bitcoin,39.2479,68579.1768,82769.9881,68769.1251,65058.6583,887.9332
1770937300131,66246.0382,47942956093.0854,2026-02-12 23:01:40.131,bitcoin,44.6094,68593.6205,82729.046,68720.4344,64993.1671,896.1806
1770940963643,66192.3791,47701691655.5755,2026-02-13 00:02:43.643,bitcoin,44.146,68613.6807,82688.6737,68648.8563,64931.5563,909.0223
1770944584364,65907.8518,48113619710.3257,2026-02-13 01:03:04.364,bitcoin,41.6736,68628.1669,82647.9703,68631.2687,64841.2986,923.4799
1770948160046,66354.2038,48298946112.6451,2026-02-13 02:02:40.046,bitcoin,46.7151,68632.8663,82607.8626,68595.1594,64804.9406,912.1778
1770951622916,66660.7492,47952305390.4838,2026-02-13 03:00:22.916,bitcoin,49.9169,68643.8459,82568.1114,68568.6165,64792.2362,903.5179
1770955364083,66460.8035,48074293429.1116,2026-02-13 04:02:44.083,bitcoin,47.8954,68657.9505,82527.5415,68520.7503,64768.3369,890.4129
1770959002630,66287.2479,48214914366.4008,2026-02-13 05:03:22.630,bitcoin,46.1483,68666.6695,82487.425,68481.43,64733.808,892.6226
1770962612338,66145.2665,47491349138.334,2026-02-13 06:03:32.338,bitcoin,44.7115,68665.3903,82447.4022,68376.5479,64702.6964,895.1432
1770966224946,66319.7928,46633005813.4014,2026-02-13 07:03:44.946,bitcoin,46.9001,68674.6742,82407.6805,68185.3358,64734.0012,893.2296
1770969649134,66168.0912,47724018561.1327,2026-02-13 08:00:49.134,bitcoin,45.2243,68683.0419,82367.3938,67917.2662,64808.4153,889.4467
1770973404328,66633.6017,47720173701.2964,2026-02-13 09:03:24.328,bitcoin,51.0089,68693.882,82328.173,67714.4781,64892.3814,884.4031
1770976873183,66895.3375,47889035286.3828,2026-02-13 10:01:13.183,bitcoin,53.9534,68700.7404,82289.0714,67345.0143,65120.5276,864.5776
1770980554662,66928.0872,47964373213.1156,2026-02-13 11:02:34.662,bitcoin,54.3233,68707.1418,82249.9194,67169.928,65226.4517,817.9604
1770984109205,67126.0146,46542115316.0361,2026-02-13 12:01:49.205,bitcoin,56.5929,68711.0572,82211.5714,67174.3699,65223.8714,756.1533
1770987760617,67051.5307,45919635881.5773,2026-02-13 13:02:40.617,bitcoin,55.4758,68714.4869,82172.7103,67285.3748,65239.1904,710.4328
1770991333464,67252.7866,47515963291.7418,2026-02-13 14:02:13.464,bitcoin,57.8944,68714.508,82134.256,67385.9976,65322.6834,614.6095
1770994934383,67680.1036,48184630500.1793,2026-02-13 15:02:14.383,bitcoin,62.5463,68711.9231,82094.3017,67573.3141,65349.7421,620.0247
1770998400271,68601.3561,45150077540.9668,2026-02-13 16:00:00.271,bitcoin,70.1924,68712.0373,82055.2194,68009.9694,65194.4963,756.4194
1771002000793,69105.3881,49058345773.9772,2026-02-13 17:00:00.793,bitcoin,73.3928,68707.4742,82016.1179,68460.2082,65117.481,917.9078
1771005613595,69016.9232,47383287375.5359,2026-02-13 18:00:13.595,bitcoin,71.933,68697.0236,81977.3304,68814.1138,65089.2415,1009.1129
1771009294480,69097.8375,45938355145.1904,2026-02-13 19:01:34.480,bitcoin,72.4723,68693.119,81938.8965,69145.8416,65042.6936,1085.1405
1771012983748,68928.368,45528663791.5593,2026-02-13 20:03:03.748,bitcoin,69.4617,68682.7506,81899.5701,69386.1086,65076.0256,1136.1949
1771016607968,68733.8441,44917475797.2908,2026-02-13 21:03:27.968,bitcoin,66.0689,68675.2718,81859.6013,69532.4198,65212.3135,1133.0314
1771020223321,68842.4853,44775516161.8113,2026-02-13 22:03:43.321,bitcoin,67.0373,68666.659,81819.7462,69694.2413,65299.3202,1143.5192
1771023750239,68930.8562,44504820255.9521,2026-02-13 23:02:30.239,bitcoin,67.8413,68652.5711,81780.8751,69857.2448,65363.3274,1169.3609
1771027335076,68848.916,43251101935.5521,2026-02-14 00:02:15.076,bitcoin,66.2283,68642.4723,81741.8687,69973.4322,65485.9512,1176.9352
1771030958064,69052.1181,42778849443.5381,2026-02-14 01:02:38.064,bitcoin,68.2446,68637.2803,81703.4534,70079.6224,65656.2481,1167.0693
1771034491662,68925.8141,42004195777.8641,2026-02-14 02:01:31.662,bitcoin,65.622,68628.0782,81665.253,70115.1726,65898.7526,1162.8812
1771038083799,68850.558,41282735570.54,2026-02-14 03:01:23.799,bitcoin,64.0428,68619.3085,81627.1063,70121.8479,66145.1538,1160.653
1771041752219,68946.5415,40795094229.3109,2026-02-14 04:02:32.219,bitcoin,65.1933,68608.3162,81589.6237,70071.3025,66473.5443,1144.0927
1771045409194,68759.1593,40612474007.6594,2026-02-14 05:03:29.194,bitcoin,61.0841,68596.6622,81551.2462,70022.1797,66735.2229,1100.0002
1771048977673,68742.1854,40022585459.3246,2026-02-14 06:02:57.673,bitcoin,60.7108,68588.5251,81512.827,69972.131,66969.9563,1031.6273
1771052442384,68897.3335,39928151639.6779,2026-02-14 07:00:42.384,bitcoin,62.9402,68588.6379,81474.8146,69901.6792,67237.3328,965.5985
1771056180778,69189.8293,39704978719.2318,2026-02-14 08:03:00.778,bitcoin,66.7686,68595.4055,81436.8222,69852.6624,67492.7311,875.0005
1771059645397,69726.2527,40599333406.8768,2026-02-14 09:00:45.397,bitcoin,72.3998,68602.6863,81399.4917,69814.9653,67797.9004,833.9211
1771063296364,69691.5213,39904915437.5909,2026-02-14 10:01:36.364,bitcoin,71.5543,68612.5004,81361.576,69723.0874,68133.6518,793.549
1771067003061,69635.2747,39669658327.7085,2026-02-14 11:03:23.061,bitcoin,70.1261,68622.4773,81323.8498,69643.9135,68408.3427,732.3598
1771070448924,70434.2846,41507093219.5172,2026-02-14 12:00:48.924,bitcoin,77.1142,68637.5458,81287.602,69959.533,68276.0161,727.7334
1771074228660,69633.0264,43865117570.3093,2026-02-14 13:03:48.660,bitcoin,61.5622,68641.507,81249.6787,70015.2704,68273.0426,631.2594
1771077785751,69416.5359,45423759271.6715,2026-02-14 14:03:05.751,bitcoin,58.1499,68644.1851,81211.542,70040.974,68287.3002,518.231
1771081389174,69702.718,44970344458.4944,2026-02-14 15:03:09.174,bitcoin,61.2107,68650.9145,81174.7358,70101.1991,68287.5631,441.0424
1771084981553,69761.7377,41130936726.0353,2026-02-14 16:03:01.553,bitcoin,61.8307,68654.8665,81138.7822,70166.4259,68305.6734,441.3655
1771088576652,69709.1138,40259239283.4511,2026-02-14 17:02:56.652,bitcoin,60.8961,68659.3524,81101.2786,70206.9868,68362.6394,452.6272
1771092191441,69687.2833,40040345552.8682,2026-02-14 18:03:11.441,bitcoin,60.4876,68662.9823,81063.9631,70241.6749,68412.4311,459.6613
1771095760114,69733.5412,38724650716.5567,2026-02-14 19:02:40.114,bitcoin,61.0833,68664.6626,81027.7429,70279.1863,68455.1882,468.3852
1771099362490,69825.5012,38447732149.985,2026-02-14 20:02:42.490,bitcoin,62.3001,68667.9395,80992.1566,70316.2911,68515.7419,474.6535
1771102968961,69990.8175,38078112131.5822,2026-02-14 21:02:48.961,bitcoin,64.4519,68670.3826,80957.0731,70380.1634,68545.7396,476.5257
1771106639163,69884.5066,39003121812.8865,2026-02-14 22:03:59.163,bitcoin,62.0011,68673.1279,80921.4269,70410.8445,68610.9276,473.623
1771110176125,69924.9165,39057623317.8667,2026-02-14 23:02:56.125,bitcoin,62.5835,68676.398,80885.8002,70428.0045,68701.2036,472.8498
1771113833822,69774.2353,38933493304.6419,2026-02-15 00:03:53.822,bitcoin,58.9549,68679.3921,80849.9522,70425.1336,68786.8438,458.6171
1771117406838,69729.4891,38684550920.876,2026-02-15 01:03:26.838,bitcoin,57.8816,68683.3055,80814.0293,70376.4536,68932.5568,450.9154
1771121007924,69674.4395,39045697388.5464,2026-02-15 02:03:27.924,bitcoin,56.5184,68685.3161,80777.9988,70289.4482,69112.7876,433.2968
1771124576910,69463.0762,39956539817.5793,2026-02-15 03:02:56.910,bitcoin,51.503,68686.1493,80741.8411,70203.8002,69255.0099,407.2548
1771128252938,69961.3128,40833202712.2084,2026-02-15 04:04:12.938,bitcoin,60.4194,68691.4385,80706.6316,70182.2578,69353.7006,390.9184
1771131807845,70155.3724,42838505803.4675,2026-02-15 05:03:27.845,bitcoin,63.2533,68696.7847,80671.7171,70236.0354,69342.835,359.4213
1771135373187,70243.0886,43297737779.1912,2026-02-15 06:02:53.187,bitcoin,64.4909,68703.1326,80636.4676,70302.4539,69331.5732,317.0444
1771139033261,70373.1269,43434701266.0676,2026-02-15 07:03:53.261,bitcoin,66.3027,68709.6675,80601.2874,70388.1858,69319.6266,287.5254
1771142564187,70786.2666,44923625589.2708,2026-02-15 08:02:44.187,bitcoin,71.3112,68716.5216,80566.802,70496.571,69246.4395,321.6502
1771146229234,70411.3205,44558798135.8849,2026-02-15 09:03:49.234,bitcoin,62.266,68715.3013,80531.749,70567.3488,69253.4912,338.1681
1771149770020,70376.8896,44221901300.5895,2026-02-15 10:02:50.020,bitcoin,61.4946,68716.6548,80496.7309,70604.245,69312.6303,348.5667
1771153396261,70404.9482,44440319311.4486,2026-02-15 11:03:16.261,bitcoin,61.9088,68717.9191,80462.2107,70656.0684,69331.03,355.7333
1771156982331,70267.1718,42656707239.257,2026-02-15 12:03:02.331,bitcoin,58.5773,68713.8632,80427.3163,70682.6006,69355.0411,347.6036
1771160650361,69387.6014,42551482718.7656,2026-02-15 13:04:10.361,bitcoin,42.7581,68703.2048,80391.1857,70709.9042,69295.5863,360.8089
1771164204829,68940.4054,41071921519.0369,2026-02-15 14:03:24.829,bitcoin,37.2501,68688.2661,80354.4241,70802.2439,69128.5589,401.8064
1771167820327,69110.9371,39546405848.8979,2026-02-15 15:03:40.327,bitcoin,40.4029,68675.9179,80318.1927,70846.2465,69022.2958,432.911
1771171405270,69060.5477,38531987079.0076,2026-02-15 16:03:25.270,bitcoin,39.7671,68663.8183,80282.7709,70884.0315,68908.0155,465.0486
1771174957916,69004.9733,38867825300.7962,2026-02-15 17:02:37.916,bitcoin,39.0374,68655.6166,80246.9796,70906.6548,68786.8077,496.7591
1771178557233,68580.5741,39012592092.0134,2026-02-15 18:02:37.233,bitcoin,33.9192,68642.7944,80210.3663,70976.014,68587.0553,559.0592
1771182032737,68391.5191,41597413648.6325,2026-02-15 19:00:32.737,bitcoin,31.912,68626.5826,80173.505,71041.1226,68368.607,628.243
1771185778384,68282.5566,43838127124.0491,2026-02-15 20:02:58.384,bitcoin,30.7814,68608.2405,80136.4972,71102.3418,68158.2199,694.4105
1771189399174,68418.5641,43276489914.204,2026-02-15 21:03:19.174,bitcoin,33.928,68594.3971,80098.9611,71127.2522,68002.217,736.148
1771192956165,68837.6541,43363826540.7752,2026-02-15 22:02:36.165,bitcoin,42.5885,68583.4521,80061.9316,71115.9369,67929.8538,749.9773
1771196554604,68923.2601,43705863143.9927,2026-02-15 23:02:34.604,bitcoin,44.1976,68571.0292,80025.0789,71110.2354,67881.5737,756.9183
1771200111693,68781.2971,44059453860.7473,2026-02-16 00:01:51.693,bitcoin,42.0909,68562.0599,79987.9421,71065.078,67808.7295,769.6361
1771203746273,68807.5499,43925298744.6162,2026-02-16 01:02:26.273,bitcoin,42.6354,68552.2288,79950.97,70984.6792,67754.346,779.6852
1771207347636,68600.8825,43706313176.7404,2026-02-16 02:02:27.636,bitcoin,39.4874,68541.9284,79913.8128,70883.4368,67691.3678,796.4758
1771210940011,68299.0879,44381880563.7944,2026-02-16 03:02:20.011,bitcoin,35.3794,68528.411,79876.2778,70753.3829,67614.0178,827.2361
1771214507482,68378.0507,43672421142.1315,2026-02-16 04:01:47.482,bitcoin,37.2197,68511.4367,79838.8314,70485.2877,67641.2914,839.4304
1771218137250,68833.3771,41648269413.2365,2026-02-16 05:02:17.250,bitcoin,46.654,68498.7501,79802.1106,70266.7005,67702.0843,823.0006
1771221684553,68368.574,41136567612.1425,2026-02-16 06:01:24.553,bitcoin,40.0394,68483.5766,79764.7474,70020.6461,67747.3071,811.4673
1771225393191,68411.1285,40630711877.0408,2026-02-16 07:03:13.191,bitcoin,40.866,68470.5507,79727.571,69697.6916,67870.8796,781.2742
1771228973131,68543.0473,38909820329.0034,2026-02-16 08:02:53.131,bitcoin,43.4679,68459.6567,79690.7973,69311.6211,68084.5377,696.5324
1771232505102,68726.3776,38007111217.4478,2026-02-16 09:01:45.102,bitcoin,46.9606,68453.0454,79654.0143,69191.4527,68138.5837,627.0081
1771236183125,68939.589,38137487836.66,2026-02-16 10:03:03.125,bitcoin,50.7701,68449.4097,79617.5234,69191.3266,68138.6282,543.4549
1771239759271,68766.4624,37706242633.1559,2026-02-16 11:02:39.271,bitcoin,47.7698,68449.9077,79581.0049,69135.7503,68159.7571,430.1895
1771243347089,68817.0068,37973118938.3607,2026-02-16 12:02:27.089,bitcoin,48.7226,68449.8183,79544.259,69092.9573,68178.1959,291.2797
1771246949167,69720.9153,38832877121.5102,2026-02-16 13:02:29.167,bitcoin,62.0533,68453.6213,79508.8541,69313.5362,68029.2113,330.0089
1771250562123,68361.147,39297775118.0377,2026-02-16 14:02:42.123,bitcoin,43.6637,68452.2468,79471.3118,69315.7575,68005.0473,335.171
1771254222183,68381.7627,40027605258.462,2026-02-16 15:03:42.183,bitcoin,43.9349,68446.9166,79433.7867,69316.0835,68003.7456,329.96
1771257777265,67513.432,42221842569.4659,2026-02-16 16:02:57.265,bitcoin,36.0588,68435.104,79394.9384,69433.2753,67809.6413,396.1545
1771261368139,67830.4827,41968084897.9602,2026-02-16 17:02:48.139,bitcoin,40.2693,68421.8752,79356.8271,69470.9648,67713.1437,417.4731
1771264957493,67923.402,41516441916.7974,2026-02-16 18:02:37.493,bitcoin,41.4854,68406.0576,79318.7781,69463.6641,67629.0192,437.3554
1771268638387,67845.6555,39034271272.7654,2026-02-16 19:03:58.387,bitcoin,40.738,68391.1746,79280.5335,69440.9586,67543.9643,458.8458
1771272200491,67881.7979,36519697773.2975,2026-02-16 20:03:20.491,bitcoin,41.2677,68373.2592,79242.5154,69421.8851,67473.0878,474.6167
1771275806309,68479.9637,36839510054.9105,2026-02-16 21:03:26.309,bitcoin,49.3387,68359.7783,79205.2177,69391.6598,67470.5545,474.345
1771279428549,68804.9768,36989741564.8897,2026-02-16 22:03:48.549,bitcoin,53.1093,68350.4323,79168.4688,69413.1327,67469.491,473.376
1771282976121,68589.2218,37273468048.0055,2026-02-16 23:02:56.121,bitcoin,50.4262,68340.016,79131.5981,69427.376,67484.2611,465.1518
1771286610055,68852.4864,36572599362.3889,2026-02-17 00:03:30.055,bitcoin,53.5123,68332.4493,79095.1475,69465.4067,67493.6739,467.3548
1771290135223,68856.5451,36927057262.0893,2026-02-17 01:02:15.223,bitcoin,53.5603,68326.678,79058.7675,69468.2784,67493.1191,468.9225
1771293756279,68587.9014,36327672525.6593,2026-02-17 02:02:36.279,bitcoin,49.8886,68315.926,79022.1901,69478.8918,67504.4383,468.7948
1771297416425,68815.0291,36816177766.4314,2026-02-17 03:03:36.425,bitcoin,52.8327,68308.4871,78985.83,69508.1537,67515.5665,471.5759
1771300931916,68465.8802,35989118077.2942,2026-02-17 04:02:11.916,bitcoin,48.1497,68302.5817,78948.7663,69504.38,67511.6235,470.8516
1771304442446,68419.7875,36126242159.4827,2026-02-17 05:00:42.446,bitcoin,47.5505,68294.3815,78911.7746,69484.5636,67500.7809,466.1681
1771308045069,68196.1913,36581384447.7534,2026-02-17 06:00:45.069,bitcoin,44.6477,68287.3211,78874.3657,69433.232,67477.7727,469.5317
1771311843279,68358.3887,36497778423.0303,2026-02-17 07:04:03.279,bitcoin,47.1673,68284.4124,78837.1908,69403.0021,67467.1953,470.034
1771315320124,68358.5489,36524847831.5983,2026-02-17 08:02:00.124,bitcoin,47.1698,68281.3022,78800.1949,69364.4029,67459.9487,470.5784
1771318921710,68142.8771,36154433716.5071,2026-02-17 09:02:01.710,bitcoin,44.0761,68275.8134,78762.7006,69077.4371,67589.1106,472.3052
1771322515931,68079.2936,36208180455.528,2026-02-17 10:01:55.931,bitcoin,43.177,68269.7048,78724.9924,69071.3317,67567.0307,466.5039
1771326135716,67784.0267,36630534471.7039,2026-02-17 11:02:15.716,bitcoin,39.1801,68263.1951,78687.0066,69075.8389,67502.7499,477.6337
1771329632329,67833.1455,36728930327.19,2026-02-17 12:00:32.329,bitcoin,40.1722,68259.0899,78649.1133,69039.3454,67571.2147,480.5094
1771333338178,67888.1758,34909822549.0576,2026-02-17 13:02:18.178,bitcoin,41.3271,68255.1907,78611.3769,69035.1636,67581.1659,387.6313
1771336833831,68091.797,33752121508.0738,2026-02-17 14:00:33.831,bitcoin,45.5177,68250.0311,78573.8656,69029.3245,67603.8445,388.4865
1771340551408,66900.8609,35004692496.1021,2026-02-17 15:02:31.408,bitcoin,31.3942,68241.1021,78534.9236,69194.316,67344.3735,474.5829
1771344147028,67352.0356,35239069460.5064,2026-02-17 16:02:27.028,bitcoin,39.1032,68229.8268,78496.4149,69238.3555,67247.3578,485.566
1771347638300,67520.4566,36626716150.8616,2026-02-17 17:00:38.300,bitcoin,41.7352,68217.8064,78458.0692,69231.6744,67158.0882,499.2219
1771351365274,67198.5378,37612963257.1095,2026-02-17 18:02:45.274,bitcoin,38.3255,68201.9893,78419.1964,69197.7168,67031.4018,535.2788
1771355000349,68070.6543,38524971730.3701,2026-02-17 19:03:20.349,bitcoin,50.1963,68197.0995,78381.2192,69149.6991,67027.5628,531.9022
1771358465001,67789.9677,39134927307.9145,2026-02-17 20:01:05.001,bitcoin,47.0571,68189.813,78342.9788,69043.335,67027.6751,534.2183
1771362132834,67729.88,39336930269.8611,2026-02-17 21:02:12.834,bitcoin,46.3882,68183.7045,78304.7369,68920.9188,67037.4248,535.5992
1771365790689,67643.9669,38650434779.5892,2026-02-17 22:03:10.689,bitcoin,45.3948,68177.799,78266.2076,68841.0072,67022.9429,522.5553
1771369358968,67511.081,38395544655.384,2026-02-17 23:02:38.968,bitcoin,43.8311,68170.9541,78227.4465,68696.7235,67036.8318,521.7434
1771372923508,67478.6692,38229721350.3632,2026-02-18 00:02:03.508,bitcoin,43.4381,68163.1658,78191.1172,68615.7936,67019.0406,501.2427
1771376536416,67295.9392,37481625573.9481,2026-02-18 01:02:16.416,bitcoin,41.1954,68152.0471,78155.9481,68540.0652,66982.3842,480.8826
1771380112564,67121.1742,34217119692.4721,2026-02-18 02:01:52.564,bitcoin,39.1154,68141.1792,78120.6613,68506.9297,66908.018,482.3767
1771383705436,67298.875,37082948920.8265,2026-02-18 03:01:45.436,bitcoin,42.3053,68133.1668,78085.5795,68413.8114,66895.1849,446.4256
1771387403314,67605.8744,37182166644.4317,2026-02-18 04:03:23.314,bitcoin,47.4297,68129.7764,78050.8163,68304.052,66929.6769,422.1721
1771390906523,67770.5255,37258218172.2443,2026-02-18 05:01:46.523,bitcoin,49.995,68131.0808,78016.2825,68246.4943,66949.9994,396.4885
1771394432154,67610.2491,36190226981.4741,2026-02-18 06:00:32.154,bitcoin,47.562,68132.3731,77981.728,68184.526,66965.0632,383.0089
1771398146424,67812.3234,36279028092.0419,2026-02-18 07:02:26.424,bitcoin,50.8121,68138.6096,77947.3904,68188.0041,66964.4148,356.5603
1771401775802,68087.7701,36703040743.9,2026-02-18 08:02:55.802,bitcoin,54.9142,68144.9829,77913.1141,68231.4203,66946.4611,337.3282
1771405272191,68092.3094,37070301208.7109,2026-02-18 09:01:12.191,bitcoin,54.9808,68151.6596,77878.1831,68266.3287,66931.966,334.2647
1771409002928,68130.7666,36764127032.1896,2026-02-18 10:03:22.928,bitcoin,55.5798,68159.5355,77843.7341,68274.222,66927.9696,337.2993
1771412556503,67757.1892,36694251750.5392,2026-02-18 11:02:36.503,bitcoin,48.7892,68167.0487,77808.6776,68237.6909,67050.1336,336.8827
1771416141509,67378.8049,37243789152.3792,2026-02-18 12:02:21.509,bitcoin,43.0517,68169.2159,77773.02,68236.5069,67053.9945,338.8842
1771419728004,67465.5279,37118013395.2163,2026-02-18 13:02:08.004,bitcoin,44.6581,68171.4422,77737.5657,68236.5574,67048.4512,335.8934
1771423334250,67191.8921,36800808405.1259,2026-02-18 14:02:14.250,bitcoin,40.7521,68169.9817,77701.7606,68237.2247,67047.1193,330.3191
1771426909221,67156.6757,35730171678.1032,2026-02-18 15:01:49.221,bitcoin,40.264,68173.7687,77666.1969,68193.2612,66999.685,311.1706
1771430539135,67663.217,34816752345.1244,2026-02-18 16:02:19.135,bitcoin,49.6123,68180.7291,77631.0216,68181.2347,66999.0363,307.4458
1771434044658,67105.6264,34304419793.6245,2026-02-18 17:00:44.658,bitcoin,41.8487,68187.3027,77594.7067,68182.257,66935.5887,323.32
1771437695746,67147.9294,33354650307.879,2026-02-18 18:01:35.746,bitcoin,42.5828,68191.1652,77558.546,68180.9761,66887.2658,326.0827
1771441225557,66315.3572,33920556777.7374,2026-02-18 19:00:25.557,bitcoin,33.5941,68185.7227,77521.4363,68311.6489,66637.0207,399.7464
1771444921312,66143.1102,34610151591.2064,2026-02-18 20:02:01.312,bitcoin,32.0852,68177.4245,77484.073,68426.2254,66388.8882,481.9153
1771448523574,66245.5429,35200176100.6911,2026-02-18 21:02:03.574,bitcoin,33.9842,68170.0377,77446.6682,68492.6731,66217.4009,535.1502
1771452106007,66319.0985,35736897625.3347,2026-02-18 22:01:46.007,bitcoin,35.3815,68161.3462,77409.6787,68536.1941,66093.6724,573.3075
1771455683232,66395.023,36244828945.8187,2026-02-18 23:01:23.232,bitcoin,36.8669,68155.4182,77373.331,68555.2382,65984.2431,601.7807
1771459273233,66437.1359,35928484483.8277,2026-02-19 00:01:13.233,bitcoin,37.7221,68152.1049,77337.051,68536.0276,65886.5798,623.5816
1771462998732,66422.4828,35770496577.7459,2026-02-19 01:03:18.732,bitcoin,37.5316,68145.9824,77300.6125,68485.0291,65802.774,644.7656
1771466560008,66833.1728,35684366154.6901,2026-02-19 02:02:40.008,bitcoin,45.794,68141.1224,77264.609,68434.8594,65775.2361,648.862
1771470044709,66822.5565,32900121060.5897,2026-02-19 03:00:44.709,bitcoin,45.626,68137.7575,77228.951,68349.59,65761.5288,652.431
1771473641661,66933.9275,36226210236.3641,2026-02-19 04:00:41.661,bitcoin,47.7898,68134.2436,77193.629,68202.4705,65793.2641,646.9911
1771477398157,66780.8912,36095149523.5955,2026-02-19 05:03:18.157,bitcoin,45.132,68133.0209,77158.5269,68029.4407,65835.1521,636.1668
1771480862769,66837.4203,35761486922.7701,2026-02-19 06:01:02.769,bitcoin,46.3196,68131.5836,77124.0953,67817.1196,65918.1385,628.395
1771484461425,67116.5035,36550123836.4358,2026-02-19 07:01:01.425,bitcoin,51.8596,68131.9603,77091.2493,67702.5156,65968.6739,607.9669
1771488115418,67170.0219,36263879475.7237,2026-02-19 08:01:55.418,bitcoin,52.8642,68131.9101,77057.9571,67670.4182,65979.8931,566.1297
1771491743652,66935.072,36158594718.4567,2026-02-19 09:02:23.652,bitcoin,48.1169,68131.3704,77024.5794,67593.6523,66003.6134,515.5643
1771495362686,66811.1456,36096597974.3726,2026-02-19 10:02:42.686,bitcoin,45.7816,68127.2391,76991.1496,67554.003,66005.188,449.9087
1771498965150,66808.5615,35862139469.1405,2026-02-19 11:02:45.150,bitcoin,45.7318,68120.6301,76957.3031,67517.3223,66007.0573,410.4468
1771502561805,66477.6959,34505825311.6079,2026-02-19 12:02:41.805,bitcoin,39.7627,68110.9459,76923.0615,67343.2166,66062.6109,401.228
1771506053718,66493.3834,35162078412.3894,2026-02-19 13:00:53.718,bitcoin,40.1615,68103.0385,76888.7768,67290.8357,66053.7675,381.161
1771509727060,65893.7814,36293294637.9928,2026-02-19 14:02:07.060,bitcoin,31.5608,68088.6651,76854.0776,67275.0489,65944.1395,410.2017
1771513268233,66395.4966,36864335694.4837,2026-02-19 15:01:08.233,bitcoin,42.6315,68081.3782,76820.6472,67272.857,65954.3454,404.3056
1771516862850,66361.8368,36576101386.9529,2026-02-19 16:01:02.850,bitcoin,42.139,68076.9403,76787.3367,67259.0015,65990.0735,351.6153
1771520520239,66301.0231,36306790240.4421,2026-02-19 17:02:00.239,bitcoin,41.2127,68079.9923,76754.3889,67255.5779,65999.0451,342.8872
1771524117321,66299.169,36887593973.5603,2026-02-19 18:01:57.321,bitcoin,41.183,68085.2752,76721.9723,67256.5937,65996.0364,327.3261
1771527735671,66982.7222,36186373960.3094,2026-02-19 19:02:15.671,bitcoin,54.2764,68093.8846,76690.7675,67294.8426,66016.5574,333.5238
1771531239949,67011.6707,35131927433.5847,2026-02-19 20:00:39.949,bitcoin,54.7359,68101.1727,76659.4378,67333.2652,66035.5883,329.7581
1771535002401,67091.7257,34446610431.3637,2026-02-19 21:03:22.401,bitcoin,56.0514,68111.4023,76628.3455,67378.1677,66057.6101,332.2534
1771538527434,66898.793,33870178212.0521,2026-02-19 22:02:07.434,bitcoin,52.1201,68118.1793,76597.1228,67384.3533,66057.9865,327.1357
1771542204375,66915.1098,34327242105.6028,2026-02-19 23:03:24.375,bitcoin,52.424,68122.1619,76567.3543,67393.0256,66058.5696,324.0985
1771545756225,66956.6641,33879277609.3998,2026-02-20 00:02:36.225,bitcoin,53.2381,68126.7112,76537.6929,67395.6528,66058.216,322.4522
1771549352687,67227.6749,34847035123.4405,2026-02-20 01:02:32.687,bitcoin,58.255,68134.5673,76507.6772,67452.6611,66045.886,330.7084
1771552946623,67247.4301,34370034183.1851,2026-02-20 02:02:26.623,bitcoin,58.6036,68139.8841,76477.5816,67505.4037,66034.1444,344.935
1771556529439,67239.575,34039828298.2417,2026-02-20 03:02:09.439,bitcoin,58.3948,68143.3295,76447.4326,67524.9923,66026.863,357.3422
1771560167556,67334.8265,33919864270.1333,2026-02-20 04:02:47.556,bitcoin,60.2448,68148.532,76416.8848,67553.7378,66014.598,372.9308
1771563824628,67232.6875,33849496455.0725,2026-02-20 05:03:44.628,bitcoin,57.3024,68154.1596,76386.1501,67590.9019,66007.1954,382.3561
1771567421193,67767.3596,35856352869.948,2026-02-20 06:03:41.193,bitcoin,66.5207,68163.815,76355.4409,67744.2913,65949.4274,427.1121
1771570806770,67839.8448,35670030493.2421,2026-02-20 07:00:06.770,bitcoin,67.5437,68172.8629,76325.3123,67894.2444,65902.6026,468.5028
1771574619701,67806.3747,35747948062.38,2026-02-20 08:03:39.701,bitcoin,66.5327,68182.6146,76295.7443,68015.3232,65914.3918,501.093
1771578175707,67850.719,34903093391.6219,2026-02-20 09:02:55.707,bitcoin,67.2325,68189.8593,76266.2796,68127.0492,65938.3992,535.1634
1771581718021,68172.8562,35742718701.571,2026-02-20 10:01:58.021,bitcoin,71.8391,68197.4636,76237.2093,68217.2607,66076.0952,587.3857
1771585363278,67910.8989,35966371865.2361,2026-02-20 11:02:43.278,bitcoin,63.9642,68203.3137,76207.689,68284.1142,66160.7819,612.2731
1771588948194,67346.7644,37774043405.5673,2026-02-20 12:02:28.194,bitcoin,50.9988,68204.6277,76178.0089,68257.7952,66285.5937,601.2445
1771592588447,67502.2573,37565003446.5954,2026-02-20 13:03:08.447,bitcoin,53.7797,68207.3105,76148.6308,68215.0208,66448.4916,591.6375
1771596135266,66754.6354,38378946389.6051,2026-02-20 14:02:15.266,bitcoin,41.5653,68204.3454,76118.2954,68149.1667,66559.8923,535.6454
1771599807650,67101.9757,37203278831.0131,2026-02-20 15:03:27.650,bitcoin,47.528,68200.9041,76086.8634,68145.613,66575.3714,509.1071
1771603405167,67558.753,45762985262.4132,2026-02-20 16:03:25.167,bitcoin,54.1534,68194.6982,76055.3984,68160.4703,66615.2223,479.6964
1771606867292,67782.2858,47003527895.9337,2026-02-20 17:01:07.292,bitcoin,57.0138,68186.8225,76027.8001,68200.6789,66644.0696,444.3097
1771610556353,67582.5045,50839356553.8283,2026-02-20 18:02:36.353,bitcoin,53.784,68178.2843,75999.6606,68199.1125,66714.0072,389.1076
1771614146779,67920.9159,52476074893.2941,2026-02-20 19:02:26.779,bitcoin,58.1127,68171.2789,75971.1251,68231.943,66781.7573,394.5662
1771617799390,67622.6681,51611599983.447,2026-02-20 20:03:19.390,bitcoin,53.3685,68163.5068,75939.7627,68220.9336,66859.3671,386.7812
1771621376127,67700.6332,52770846389.6533,2026-02-20 21:02:56.127,bitcoin,54.4161,68157.3568,75908.7213,68232.2679,66895.3286,382.5904
1771624809080,67774.4149,52700512575.842,2026-02-20 22:00:09.080,bitcoin,55.4364,68150.9992,75877.6105,68248.1207,66932.1744,367.2165
1771628509104,68041.999,52884092583.5972,2026-02-20 23:01:49.104,bitcoin,59.0191,68145.7084,75847.4963,68295.6585,66964.879,360.3252
1771632095614,68001.169,52999595424.7587,2026-02-21 00:01:35.614,bitcoin,58.2496,68140.6623,75817.7782,68333.1824,66993.9893,348.0103
1771635686318,67814.8474,52975799223.2697,2026-02-21 01:01:26.318,bitcoin,54.7419,68133.2976,75787.2569,68334.8868,67050.5009,341.5171
1771639346125,67938.1181,52432002589.9772,2026-02-21 02:02:26.125,bitcoin,56.6038,68127.4184,75756.5887,68351.6561,67050.8074,337.7328
1771642821704,67990.9711,52222419380.2668,2026-02-21 03:00:21.704,bitcoin,57.4128,68122.3018,75726.2049,68368.9173,67048.6589,332.8274
1771646565685,67636.098,52718098251.2602,2026-02-21 04:02:45.685,bitcoin,50.5931,68114.5016,75695.4461,68359.5411,67041.0074,324.7768
1771650126973,67795.1935,52085349207.7966,2026-02-21 05:02:06.973,bitcoin,53.2728,68108.7637,75664.7259,68354.6715,67040.3244,310.013
1771653727329,67833.3582,50853375201.5883,2026-02-21 06:02:07.329,bitcoin,53.9185,68103.354,75634.1198,68304.4005,67056.6457,310.7686
1771657241289,67771.1549,49992693850.7819,2026-02-21 07:00:41.289,bitcoin,52.6417,68096.6506,75603.1188,68290.0227,67057.0491,309.9321
1771660951186,67835.5816,49222749125.1383,2026-02-21 08:02:31.186,bitcoin,53.8604,68088.5896,75572.6794,68299.2773,67096.6762,310.3548
1771664538042,68033.4551,49491090943.6665,2026-02-21 09:02:18.042,bitcoin,57.4796,68078.5134,75542.4117,68335.7556,67113.3177,315.9344
1771668152943,68134.2748,48813531917.3753,2026-02-21 10:02:32.943,bitcoin,59.2341,68069.2441,75512.0875,68240.7209,67346.3162,313.6516
1771671730600,68185.9616,48509882920.5238,2026-02-21 11:02:10.600,bitcoin,60.1422,68060.6172,75481.785,68198.9951,67496.4407,325.563
1771675340281,68080.9829,47038911339.9853,2026-02-21 12:02:20.281,bitcoin,57.3481,68046.6094,75451.5569,68212.7258,67534.9329,321.8892
1771678846188,68177.9654,46533219794.297,2026-02-21 13:00:46.188,bitcoin,59.2324,68037.9484,75421.3725,68254.3195,67532.9073,327.2845
1771682540586,68234.6591,39953156063.9003,2026-02-21 14:02:20.586,bitcoin,60.3356,68030.9134,75391.8836,68286.444,67565.9982,254.0595
1771686115506,68447.854,37597077627.074,2026-02-21 15:01:55.506,bitcoin,64.2529,68023.444,75362.9701,68378.4769,67526.659,227.4777
1771689674798,68624.3569,33799830795.535,2026-02-21 16:01:14.798,bitcoin,67.1458,68016.6738,75334.7699,68492.4053,67512.8995,257.4813
1771693392362,68302.6245,31444013702.9895,2026-02-21 17:03:12.362,bitcoin,57.9411,68008.3019,75306.1943,68518.5374,67546.9665,263.9794
1771696944648,68404.9899,25937828307.7867,2026-02-21 18:02:24.648,bitcoin,59.828,68000.6692,75277.0445,68560.6434,67567.9181,263.7361
1771700623634,68560.6847,24011096965.2972,2026-02-21 19:03:43.634,bitcoin,62.578,67993.6879,75248.1992,68631.3893,67549.0408,285.493
1771704234370,68519.9811,22704659116.2878,2026-02-21 20:03:54.370,bitcoin,61.3947,67985.9169,75218.7972,68686.7096,67545.6016,287.3043
1771707796046,68284.7694,22461786261.4687,2026-02-21 21:03:16.046,bitcoin,54.9309,67975.7619,75189.5178,68697.1931,67582.1104,278.6715
1771711361418,68352.6778,21662021984.1152,2026-02-21 22:02:41.418,bitcoin,56.3595,67966.6439,75160.4663,68717.234,67603.5255,274.1635
1771715005336,67951.1559,20982782461.5358,2026-02-21 23:03:25.336,bitcoin,46.8947,67954.8953,75130.8699,68717.9297,67598.8482,275.9826
1771718528172,67978.7902,20631874041.4294,2026-02-22 00:02:08.172,bitcoin,47.5475,67944.2081,75101.0359,68689.1431,67661.904,276.4438
1771722031466,67894.3982,20342120422.5715,2026-02-22 01:00:31.466,bitcoin,45.6998,67933.2849,75071.0378,68681.0662,67679.9014,273.0768
1771725727786,68113.1904,20342032221.1647,2026-02-22 02:02:07.786,bitcoin,51.0147,67923.9918,75040.8848,68670.5071,67718.4438,270.2258
1771729346272,67883.4504,20207100163.929,2026-02-22 03:02:26.272,bitcoin,45.9309,67914.5893,75010.7897,68658.3339,67741.8465,273.5203
1771732924682,68008.4217,20046904933.014,2026-02-22 04:02:04.682,bitcoin,48.9133,67902.9649,74980.5008,68645.1524,67772.312,254.3816
1771736570149,67960.9229,19901876754.8265,2026-02-22 05:02:50.149,bitcoin,47.8333,67889.9027,74950.1013,68648.4423,67761.7688,246.6887
1771740189438,67946.0233,19856016731.8571,2026-02-22 06:03:09.438,bitcoin,47.4792,67876.2297,74920.1877,68652.4363,67738.9498,241.4374
1771743741131,68026.5117,19902331872.4691,2026-02-22 07:02:21.131,bitcoin,49.6478,67862.2618,74890.4827,68650.3929,67725.0482,229.1616
1771747419719,67985.8351,19948265808.547,2026-02-22 08:03:39.719,bitcoin,48.5566,67845.5925,74860.7399,68651.8428,67714.0835,221.7218
1771750922518,67950.3145,19701161473.8995,2026-02-22 09:02:02.518,bitcoin,47.5733,67830.9437,74831.3257,68651.3201,67691.8411,224.5884
1771754555532,68039.3698,19087643710.9366,2026-02-22 10:02:35.532,bitcoin,50.2912,67817.0299,74802.4161,68643.9662,67679.666,226.0227
1771758128739,68119.2301,18324481608.9141,2026-02-22 11:02:08.739,bitcoin,52.6613,67803.4244,74773.5316,68609.484,67681.2858,226.1405
1771761793668,68194.5934,18605105808.4711,2026-02-22 12:03:13.668,bitcoin,54.849,67791.0876,74744.4957,68533.9486,67713.8449,225.5946
1771765360756,67931.5802,18738974940.737,2026-02-22 13:02:40.756,bitcoin,46.7319,67782.4208,74714.9794,68514.947,67695.7421,230.5364
1771768949467,67631.9325,19518219247.2226,2026-02-22 14:02:29.467,bitcoin,39.5506,67774.6323,74685.0289,68501.0467,67632.3366,253.1813
1771772561726,67417.6936,19518102712.7709,2026-02-22 15:02:41.726,bitcoin,35.3661,67764.5535,74655.1419,68468.9264,67550.1579,282.5277
1771776171675,67664.8963,20158620602.1457,2026-02-22 16:02:51.675,bitcoin,42.8763,67756.246,74624.6092,68385.5584,67548.0174,270.7965
1771779728771,67607.7004,19344845908.1308,2026-02-22 17:02:08.771,bitcoin,41.6698,67747.9289,74593.4729,68352.8759,67512.993,279.2767
1771783354862,67338.1749,20087401704.9828,2026-02-22 18:02:34.862,bitcoin,36.4631,67740.5337,74561.3384,68331.1743,67433.2443,299.1742
1771786946046,67408.0021,20015558278.764,2026-02-22 19:02:26.046,bitcoin,38.6035,67734.6794,74529.3669,68347.6398,67362.4634,293.2647
1771790582538,67401.2712,19915329680.0655,2026-02-22 20:03:02.538,bitcoin,38.469,67729.4337,74498.2313,68352.8909,67299.4604,283.3906
1771794180332,67368.493,19917017997.1541,2026-02-22 21:03:00.332,bitcoin,37.7785,67723.1833,74467.6943,68361.6873,67238.0735,288.0017
1771797753305,67584.4614,19942744332.9652,2026-02-22 22:02:33.305,bitcoin,44.8075,67715.7238,74437.6218,68323.4256,67223.4622,270.7913
1771801360889,67654.0356,19936754579.7914,2026-02-22 23:02:40.889,bitcoin,46.889,67708.1689,74407.297,68311.8686,67212.0778,270.7824
1771804813999,67585.1172,20354767532.0653,2026-02-23 00:00:13.999,bitcoin,45.0755,67701.0487,74376.8858,68283.672,67197.9439,271.1656
1771808545581,66754.4877,21159311987.173,2026-02-23 01:02:25.581,bitcoin,30.0105,67688.8281,74345.5243,68362.4113,66998.5611,341.0494
1771812202673,64435.1271,29019798321.0471,2026-02-23 02:03:22.673,bitcoin,14.9677,67664.032,74310.8286,69065.1103,65944.7724,747.1102
1771815789168,64758.9307,31426989900.709,2026-02-23 03:03:09.168,bitcoin,20.9269,67642.9596,74276.3738,69286.0582,65397.0665,939.2816
1771819338792,64939.8244,32828730074.4071,2026-02-23 04:02:18.792,bitcoin,24.1259,67622.494,74242.0703,69370.7599,65007.7637,1060.797
1771822978408,64795.0574,32953310863.5666,2026-02-23 05:02:58.408,bitcoin,23.313,67598.4564,74207.4661,69416.8668,64646.1311,1169.0778
1771826555984,65040.4088,35325958286.8515,2026-02-23 06:02:35.984,bitcoin,27.7557,67578.6459,74173.2835,69369.4757,64393.6261,1235.8295
1771830236446,65752.5424,37112833234.7254,2026-02-23 07:03:56.446,bitcoin,38.8322,67562.8209,74140.3006,69229.4524,64296.9806,1246.277
1771833723814,65939.8878,38001506340.92,2026-02-23 08:02:03.814,bitcoin,41.3785,67547.3259,74107.6077,69049.9163,64251.0462,1243.9772
1771837401335,65671.1603,39642257475.8991,2026-02-23 09:03:21.335,bitcoin,38.8784,67529.1401,74074.4791,68897.4951,64177.4253,1246.351
1771840934214,66381.4806,40889595097.5658,2026-02-23 10:02:14.214,bitcoin,47.8482,67513.9133,74042.4317,68781.3245,64168.5508,1219.9367
1771844584905,66317.2922,42205214197.8293,2026-02-23 11:03:04.905,bitcoin,47.1745,67499.3349,74010.2546,68685.8664,64153.9687,1185.2924
1771848130689,66183.3561,42600220350.7304,2026-02-23 12:02:10.689,bitcoin,45.7276,67483.6584,73977.9415,68539.8717,64151.8095,1141.5516
1771851744548,66275.636,43708321530.5728,2026-02-23 13:02:24.548,bitcoin,46.9352,67463.1508,73945.8397,68395.4973,64162.9774,1104.8226
1771855330812,66136.6158,43017853948.3763,2026-02-23 14:02:10.812,bitcoin,45.2999,67449.9095,73913.8961,68279.2364,64159.0824,1079.8667
1771858955665,65914.2831,44474369398.5438,2026-02-23 15:02:35.665,bitcoin,42.7355,67435.2221,73881.402,68133.8265,64155.1203,1063.7977
1771862602390,65646.1556,45284261554.9973,2026-02-23 16:03:22.390,bitcoin,39.8087,67424.1074,73848.7717,67969.9551,64143.4802,1036.517
1771866236043,65381.7237,46223410748.3267,2026-02-23 17:03:56.043,bitcoin,37.1095,67409.5315,73815.7772,67792.5842,64122.1742,1012.5205
1771869776115,64750.32,49586317905.7619,2026-02-23 18:02:56.115,bitcoin,31.5998,67390.6441,73781.7537,67561.9748,64069.3695,1023.1495
1771873401655,64632.9138,50992902000.7911,2026-02-23 19:03:21.655,bitcoin,30.6874,67371.5206,73747.556,67265.2935,64063.9385,1024.1177
1771876883445,64312.3149,53178007539.102,2026-02-23 20:01:23.445,bitcoin,28.2857,67350.2737,73713.0097,66944.2828,64057.669,1030.6162
1771880604441,64473.3261,54953030026.3728,2026-02-23 21:03:24.441,bitcoin,31.198,67326.4246,73678.6139,66775.4611,63998.3746,1013.4877
1771884188425,64570.1394,55416584953.2074,2026-02-23 22:03:08.425,bitcoin,32.9609,67301.2173,73644.3524,66764.8411,64022.4958,957.8316
1771887757277,64719.4472,56783137049.6079,2026-02-23 23:02:37.277,bitcoin,35.6973,67278.1829,73610.2209,66766.6253,64016.7633,866.6453
1771891378046,64645.6354,56590235309.3724,2026-02-24 00:02:58.046,bitcoin,34.938,67253.1421,73576.2608,66777.0038,63976.9658,755.9038
1771894815226,64941.5287,56509415294.5555,2026-02-24 01:00:15.226,bitcoin,40.4096,67229.8385,73542.6126,66773.5655,63995.0513,697.9328
1771898591867,64135.6168,50423393016.4445,2026-02-24 02:03:11.867,bitcoin,32.4139,67203.3368,73508.0382,66825.6896,63852.448,716.0575
1771902171785,64066.1799,49033982998.6098,2026-02-24 03:02:51.785,bitcoin,31.8296,67175.0698,73473.4143,66826.8386,63682.6627,750.4053
1771905753196,63559.9929,48402139396.3813,2026-02-24 04:02:33.196,bitcoin,27.8832,67145.8681,73438.3242,66837.3374,63434.1744,823.2677
1771909412574,63327.5495,49711847988.3086,2026-02-24 05:03:32.574,bitcoin,26.2723,67115.5572,73402.8036,66872.5023,63164.6485,903.4462
1771912956035,63069.3425,50335902079.0869,2026-02-24 06:02:36.035,bitcoin,24.5739,67085.0402,73366.9962,66780.5945,62925.3425,995.4847
1771916527208,63048.9367,49537065510.5285,2026-02-24 07:02:07.208,bitcoin,24.4395,67053.4363,73331.3616,66646.8391,62732.2623,1061.3726
1771920143672,63149.6209,49612743756.9708,2026-02-24 08:02:23.672,bitcoin,26.5743,67022.4308,73296.0935,66478.7216,62597.0063,1097.1166
1771923798129,63379.6039,49458141990.7199,2026-02-24 09:03:18.129,bitcoin,31.3457,66994.078,73261.6761,66222.6528,62563.4719,1117.9408
1771927253541,63219.5637,48863661457.3698,2026-02-24 10:00:53.541,bitcoin,29.8901,66965.151,73226.8976,65958.8561,62535.5633,1098.4309
1771930995131,63276.2557,48697114649.6437,2026-02-24 11:03:15.131,bitcoin,31.1105,66938.319,73191.873,65694.1894,62536.4274,1063.8518
1771934614966,63207.5935,48631706088.4238,2026-02-24 12:03:34.966,bitcoin,30.4199,66910.786,73156.8928,65452.6575,62534.1031,1025.8617
1771938134798,62972.7675,48118298809.3632,2026-02-24 13:02:14.798,bitcoin,28.1206,66881.5276,73121.2332,65249.2645,62496.6004,973.2314
1771941766857,62905.7501,49784514976.0862,2026-02-24 14:02:46.857,bitcoin,27.4822,66850.6583,73085.2883,65156.7098,62404.6981,913.7618
1771945350514,63446.9278,48979528901.9232,2026-02-24 15:02:30.514,bitcoin,39.439,66830.0992,73050.3871,65046.6803,62396.1291,830.4134
1771948919734,63963.0483,46899173478.4502,2026-02-24 16:01:59.734,bitcoin,48.2093,66809.9266,73016.5627,65006.6228,62401.2599,748.0752
1771952621260,64253.8474,49195946161.0846,2026-02-24 17:03:41.260,bitcoin,52.3927,66790.4825,72983.6781,64973.04,62412.8948,682.2646
1771956151983,64215.2625,49496112337.6777,2026-02-24 18:02:31.983,bitcoin,51.7949,66772.7249,72950.9898,64915.3844,62435.0627,659.3967
1771959730148,64426.9461,48762593216.6214,2026-02-24 19:02:10.148,bitcoin,54.8393,66751.0362,72919.214,64857.294,62463.903,649.5173
1771963326332,64443.4962,47421338700.6823,2026-02-24 20:02:06.332,bitcoin,55.0782,66731.1167,72888.7298,64816.7666,62484.2164,654.5168
1771967009711,64455.4462,45476605640.1729,2026-02-24 21:03:29.711,bitcoin,55.2622,66711.626,72857.9248,64700.4638,62551.911,653.7376
1771970574209,64045.7083,45933533355.1102,2026-02-24 22:02:54.209,bitcoin,48.0018,66690.2078,72826.7501,64688.1276,62555.2564,635.683
1771974162249,64113.9657,44949577977.1562,2026-02-24 23:02:42.249,bitcoin,49.1992,66669.9869,72795.9095,64694.6955,62553.467,608.4802
1771977613956,64074.111,44864477921.1624,2026-02-25 00:00:13.956,bitcoin,48.4969,66649.7217,72764.6747,64737.5627,62562.0117,583.0158
1771981299044,64233.5856,44952908832.6532,2026-02-25 01:01:39.044,bitcoin,51.4811,66631.4934,72733.4076,64800.7305,62589.4474,535.4132
1771985025182,65942.4194,45994833583.106,2026-02-25 02:03:45.182,bitcoin,70.9229,66624.477,72703.3817,65278.0776,62399.408,699.914
1771988626366,65893.8901,46605674287.8961,2026-02-25 03:03:46.366,bitcoin,70.0642,66616.114,72673.441,65627.4152,62334.5658,820.9964
1771992168874,65390.0448,45616141756.4559,2026-02-25 04:02:48.874,bitcoin,61.7108,66602.9245,72643.1904,65801.6284,62384.395,875.1767
1771995706902,65448.3634,44224550630.1124,2026-02-25 05:01:46.902,bitcoin,62.2715,66589.1021,72612.2822,65969.0689,62423.8304,917.169
1771999329130,64880.506,44307872659.5501,2026-02-25 06:02:09.130,bitcoin,53.9822,66572.8537,72580.5547,66016.5394,62542.4542,909.6835
1772002931206,64881.8847,43433451520.4522,2026-02-25 07:02:11.206,bitcoin,53.9982,66555.4106,72548.6997,66051.763,62667.7935,894.4651
1772006498149,65017.3242,43315989553.4328,2026-02-25 08:01:38.149,bitcoin,55.6314,66537.1341,72516.9081,66078.4627,62822.0668,882.4648
1772010155156,65506.8262,43732146767.0664,2026-02-25 09:02:35.156,bitcoin,61.018,66521.7443,72485.8386,66117.5776,63036.3579,897.5556
1772013755632,65544.0134,43608362842.1807,2026-02-25 10:02:35.632,bitcoin,61.4014,66506.347,72455.2558,66098.9586,63318.8031,896.5471
1772017361481,65383.6066,43530434148.2711,2026-02-25 11:02:41.481,bitcoin,58.7187,66492.2185,72424.0937,66096.9757,63514.4539,880.7579
1772020989893,65410.9571,43774005774.669,2026-02-25 12:03:09.893,bitcoin,59.0473,66480.5051,72393.061,66134.1503,63622.0702,851.604
1772024590986,66060.9925,43141456226.369,2026-02-25 13:03:10.986,bitcoin,65.9777,66472.1448,72362.9863,66290.1635,63646.7716,824.9775
1772028127699,66244.5082,43051858638.001,2026-02-25 14:02:07.699,bitcoin,67.6425,66466.5056,72332.9775,66454.8104,63685.0492,781.2571
1772031781279,66951.8483,43949318220.2906,2026-02-25 15:03:01.279,bitcoin,73.1053,66465.2864,72303.5908,66770.9069,63621.4429,826.7088
1772035377383,67415.1469,45849933070.9529,2026-02-25 16:02:57.383,bitcoin,75.9673,66463.8098,72275.5816,67151.1173,63538.3976,926.7822
1772038981064,68273.9264,45979990804.3124,2026-02-25 17:03:01.064,bitcoin,80.1779,66470.764,72248.7907,67697.8469,63373.516,1099.9032
1772042488020,68650.0033,49717436598.1512,2026-02-25 18:01:28.020,bitcoin,81.6908,66479.7049,72222.4755,68206.9534,63324.839,1262.5321
1772046226810,69340.359,51707428044.296,2026-02-25 19:03:46.810,bitcoin,84.0911,66497.7108,72196.3555,68801.2365,63253.1953,1459.1599
1772049774362,69050.9632,53159870295.9665,2026-02-25 20:02:54.362,bitcoin,79.3924,66515.0195,72170.0989,69193.7948,63358.3221,1580.1448
1772053365840,69161.6407,54732368917.1792,2026-02-25 21:02:45.840,bitcoin,79.8559,66532.3772,72144.6001,69539.2983,63505.6241,1678.7295
1772057025345,68978.7018,52960228064.8891,2026-02-25 22:03:45.345,bitcoin,76.7813,66548.2082,72118.2239,69859.9385,63488.6122,1715.1191
1772060582721,68441.7215,53953922501.4647,2026-02-25 23:03:02.721,bitcoin,68.4504,66560.3909,72091.0325,70055.3584,63547.9754,1699.7586
1772064202991,67954.5932,54802923569.3997,2026-02-26 00:03:22.991,bitcoin,61.89,66569.4234,72062.8858,70152.9444,63706.8443,1641.8079
1772067676297,68350.6934,56102641944.9719,2026-02-26 01:01:16.297,bitcoin,64.8408,66580.9008,72035.2648,70279.4708,63870.5508,1590.5592
1772071378977,68260.2117,53192407837.6839,2026-02-26 02:02:58.977,bitcoin,63.6288,66589.3951,72007.1617,70321.6754,64166.3169,1603.9602
1772074972735,68268.5928,52738206059.9986,2026-02-26 03:02:52.735,bitcoin,63.6965,66598.0025,71978.8382,70320.4705,64506.1925,1610.0364
1772078556365,68208.5254,51840293421.4133,2026-02-26 04:02:36.365,bitcoin,62.7945,66605.5894,71950.4466,70279.904,64865.8792,1587.3801
1772082024028,68588.0656,52489772359.1381,2026-02-26 05:00:24.028,bitcoin,66.0645,66616.3464,71922.8344,70293.1504,65160.7567,1570.0193
1772085747972,68433.731,52174971935.4986,2026-02-26 06:02:27.972,bitcoin,63.616,66625.8482,71895.1879,70248.1436,65494.7352,1499.4243
1772089370879,68178.6308,54769544599.8221,2026-02-26 07:02:50.879,bitcoin,59.6789,66632.1704,71867.3624,70097.2424,65925.1388,1403.5486
1772092945249,67849.3905,55372348232.4886,2026-02-26 08:02:25.249,bitcoin,54.9519,66636.2143,71839.0687,69849.2549,66416.9697,1294.4292
1772096582267,67957.2785,58535120046.5755,2026-02-26 09:03:02.267,bitcoin,56.1768,66642.2988,71811.1685,69662.0235,66793.8297,1208.723
1772100191397,68571.5988,59345453557.2385,2026-02-26 10:03:11.397,bitcoin,62.4397,66652.7777,71784.4384,69457.5254,67231.0369,1118.7775
1772103721784,68299.3006,60068013963.3709,2026-02-26 11:02:01.784,bitcoin,58.4522,66661.6512,71757.5281,69324.7733,67498.5342,981.736
1772107219411,68033.5796,59927379715.6858,2026-02-26 12:00:19.411,bitcoin,54.776,66670.9124,71729.9458,69254.9457,67630.205,807.0861
1772110956758,68170.7214,59106793690.7576,2026-02-26 13:02:36.758,bitcoin,56.3034,66680.8965,71702.5903,69255.2974,67619.5328,673.9341
1772114456908,67911.7307,57617092809.351,2026-02-26 14:00:56.908,bitcoin,52.6845,66692.9081,71674.8814,69242.945,67558.058,530.5371
1772118156508,67688.0468,55260734857.5504,2026-02-26 15:02:36.508,bitcoin,49.7124,66700.6019,71647.1711,69097.1558,67538.6159,466.3456
1772121769547,67386.857,57228241546.573,2026-02-26 16:02:49.547,bitcoin,45.9534,66706.7032,71618.6465,69038.0806,67431.2805,468.8007
1772125397215,66641.5855,56002762702.9248,2026-02-26 17:03:17.215,bitcoin,38.2468,66708.7303,71588.2394,69066.6362,67150.7194,582.4786
1772128987311,66832.3165,53661810773.2259,2026-02-26 18:03:07.311,bitcoin,40.975,66711.9038,71559.6244,69024.1224,66978.5947,645.1377
1772132549890,67323.7881,52447134366.1983,2026-02-26 19:02:29.890,bitcoin,47.421,66713.934,71530.6941,68987.8556,66903.0682,619.608
1772136187535,67584.8784,51883171798.4697,2026-02-26 20:03:07.535,bitcoin,50.5128,66717.3459,71501.9409,68981.1133,66872.839,594.1331
1772139767888,67383.361,51025079451.1269,2026-02-26 21:02:47.888,bitcoin,48.1589,66719.0819,71471.5438,68939.2904,66817.9286,558.6247
1772143336975,67448.4665,48598892992.1858,2026-02-26 22:02:16.975,bitcoin,48.986,66722.3537,71441.6413,68899.3117,66776.7328,524.8871
1772146983518,67559.7782,47077305655.439,2026-02-26 23:03:03.518,bitcoin,50.4419,66726.1911,71411.697,68851.2554,66753.9077,516.63
1772150453072,67461.3295,45335111330.4966,2026-02-27 00:00:53.072,bitcoin,49.1071,66729.195,71381.4985,68806.5989,66723.8446,522.9018
1772154250117,67222.7895,44299769917.9463,2026-02-27 01:04:10.117,bitcoin,45.9352,66729.1659,71350.9061,68691.5728,66702.3431,526.5882
1772157800001,67347.653,44699139281.5511,2026-02-27 02:03:20.001,bitcoin,47.8346,66729.7625,71320.3938,68587.7989,66697.5091,525.0599
1772161264048,67330.5925,44135913616.0408,2026-02-27 03:01:04.048,bitcoin,47.5886,66730.3043,71290.0837,68521.1916,66679.3127,520.8121
1772164997716,67617.938,44350681029.9986,2026-02-27 04:03:17.716,bitcoin,52.0605,66731.9895,71260.376,68502.5954,66674.7636,510.8586
1772168559543,67736.1385,44751513709.9892,2026-02-27 05:02:39.543,bitcoin,53.8065,66734.9862,71230.9713,68478.6936,66676.5514,474.8696
1772172214069,67721.514,44511259982.153,2026-02-27 06:03:34.069,bitcoin,53.5466,66734.7133,71201.4148,68316.9404,66753.2961,446.1585
1772175780908,67664.1286,43536060703.7467,2026-02-27 07:03:00.908,bitcoin,52.4757,66733.6674,71171.4714,68206.0297,66800.6896,431.0467
1772179403778,67693.9354,44696131453.1714,2026-02-27 08:03:23.778,bitcoin,53.0015,66732.9981,71141.8249,68152.4321,66820.3228,428.5221
1772183011409,67938.6388,44011373648.8751,2026-02-27 09:03:31.409,bitcoin,57.189,66733.5214,71112.6582,68099.5396,66850.007,427.8777
1772186628337,67368.8677,44413878286.9945,2026-02-27 10:03:48.337,bitcoin,46.7452,66728.7358,71082.2775,68040.4563,66854.8041,377.4673
1772190049932,66633.3344,45533128781.3355,2026-02-27 11:00:49.932,bitcoin,37.2804,66721.1312,71050.8051,68074.1398,66715.6493,388.0593
1772193724991,66137.8596,46709953273.3885,2026-02-27 12:02:04.991,bitcoin,32.5058,66713.9354,71017.7281,68205.2497,66459.6396,458.6117
1772197398856,65904.7595,48034988639.9598,2026-02-27 13:03:18.856,bitcoin,30.525,66704.4264,70984.4417,68329.3148,66261.892,523.5417
1772201017476,66256.9207,48699148079.205,2026-02-27 14:03:37.476,bitcoin,36.7915,66701.4639,70951.3021,68379.5302,66154.1369,549.7364
1772204635943,66063.8292,48021136376.0569,2026-02-27 15:03:55.943,bitcoin,34.9311,66695.2844,70918.7357,68433.0687,65974.6025,591.2598
1772208067904,66113.3331,46472683328.3198,2026-02-27 16:01:07.904,bitcoin,35.827,66686.6807,70886.3996,68433.3931,65827.1237,627.684
1772211875419,65521.3907,44691274263.9827,2026-02-27 17:04:35.419,bitcoin,30.4313,66673.223,70852.965,68509.6983,65564.6214,702.3609
1772215378562,65695.3503,45165581292.2898,2026-02-27 18:02:58.562,bitcoin,33.5964,66661.99,70819.1654,68519.1828,65379.8253,755.9395
1772218937533,65299.54,44100852170.6984,2026-02-27 19:02:17.533,bitcoin,30.2267,66646.3865,70785.7546,68534.3714,65138.6129,830.9883
1772222575766,65405.874,43231649148.3312,2026-02-27 20:02:55.766,bitcoin,32.1943,66633.1913,70752.5019,68514.6725,64952.7662,875.9805
1772226211780,65588.5342,42738275277.4726,2026-02-27 21:03:31.780,bitcoin,35.5561,66620.6193,70719.9516,68484.9109,64819.1023,905.0704
1772229712876,65517.6453,41872963606.9326,2026-02-27 22:01:52.876,bitcoin,34.8343,66607.1862,70686.9369,68427.7553,64693.2571,928.6238
1772233243964,65612.7961,43659123869.2262,2026-02-27 23:00:43.964,bitcoin,36.6921,66592.7266,70654.0945,68350.2857,64598.9471,935.2746
1772236984104,65878.8393,43001213638.4639,2026-02-28 00:03:04.104,bitcoin,41.697,66580.0937,70621.7412,68203.548,64571.7749,929.0666
1772240612868,65941.4254,42693449745.6548,2026-02-28 01:03:32.868,bitcoin,42.8418,66568.9424,70589.7108,68012.9714,64582.8803,925.7149
1772244165866,65808.0006,41653349540.5585,2026-02-28 02:02:45.866,bitcoin,40.9938,66556.2631,70558.2433,67798.3236,64606.1767,917.7052
1772247794211,65966.5342,40996334609.0369,2026-02-28 03:03:14.211,bitcoin,44.0803,66544.2129,70528.1229,67567.3108,64667.4301,901.9622
1772251399760,65788.1461,39694070330.515,2026-02-28 04:03:19.760,bitcoin,41.4527,66533.2132,70497.3826,67283.2602,64760.9018,869.3977
1772254982782,65662.7944,39096454563.7881,2026-02-28 05:03:02.782,bitcoin,39.6636,66520.5203,70466.1128,66819.3084,64997.2691,822.4813
1772258463629,65537.0987,38861552054.3892,2026-02-28 06:01:03.629,bitcoin,37.8973,66506.8521,70434.8467,66447.0187,65186.3818,767.6743
1772262022635,63176.9334,42531954157.7509,2026-02-28 07:00:22.635,bitcoin,19.9406,66479.5056,70400.1514,66884.0939,64403.6666,909.7901
1772265775584,63810.1069,45060799340.151,2026-02-28 08:02:55.584,bitcoin,29.5805,66455.5444,70366.1802,66979.2802,64075.705,929.0891
1772269429539,63476.5001,45714895870.3066,2026-02-28 09:03:49.539,bitcoin,27.6888,66428.4197,70332.24,67097.6975,63714.4618,923.9925
1772272962145,63657.7153,44690422062.5999,2026-02-28 10:02:42.145,bitcoin,30.2965,66401.7735,70298.7819,67081.8274,63470.4113,923.9331
1772276599574,64006.6075,44202313996.6885,2026-02-28 11:03:19.574,bitcoin,35.1457,66376.8964,70265.6721,67021.6345,63324.882,931.4355
1772280126101,63861.7571,44881461865.971,2026-02-28 12:02:06.101,bitcoin,34.0855,66351.7819,70232.6201,66940.3225,63181.0365,960.6168
1772283751240,64003.6845,42528492697.7987,2026-02-28 13:02:31.240,bitcoin,36.1189,66326.935,70199.3348,66905.997,63063.5914,980.8415
1772287385069,65140.3571,43846149531.726,2026-02-28 14:03:05.069,bitcoin,49.544,66308.5166,70167.7172,66852.2495,63061.8395,952.224
1772290964040,64469.5917,43670128475.4044,2026-02-28 15:02:44.040,bitcoin,43.7067,66284.8364,70136.4875,66815.2774,63015.8168,937.9732
1772294552582,64855.3528,40798178834.7482,2026-02-28 16:02:32.582,bitcoin,47.5351,66262.4019,70109.0036,66774.4423,63001.5998,910.0724
1772298157785,65106.7269,41963989697.9995,2026-02-28 17:02:37.785,bitcoin,49.925,66243.3787,70081.1966,66726.1032,63001.7582,903.3931
1772301829262,65397.7298,41524049341.086,2026-02-28 18:03:49.262,bitcoin,52.6159,66225.4783,70055.099,66712.4058,63003.464,894.9999
1772305372916,65917.0503,41776079478.6225,2026-02-28 19:02:52.916,bitcoin,57.0515,66209.7424,70030.8066,66756.8988,62989.3964,913.9481
1772308950300,66356.5028,42620940815.8836,2026-02-28 20:02:30.300,bitcoin,60.4272,66196.8645,70006.4965,66842.2871,62951.7744,952.8514
1772312558306,66944.8881,43813945129.4539,2026-02-28 21:02:38.306,bitcoin,64.4556,66188.8891,69982.7252,67043.5209,62850.8869,1025.3525
1772316105360,66745.2727,38717674416.2,2026-02-28 22:01:45.360,bitcoin,62.1443,66179.3212,69958.2154,67204.0848,62784.0503,1077.4846
1772319734866,67185.7455,46108657886.1488,2026-02-28 23:02:14.866,bitcoin,65.1168,66174.7652,69934.279,67430.0783,62679.9779,1153.2934
1772323262109,66995.1858,46265946359.8567,2026-03-01 00:01:02.109,bitcoin,62.8187,66168.9104,69909.8689,67619.7052,62611.055,1203.4669
1772326964572,66809.9699,46574520236.9383,2026-03-01 01:02:44.572,bitcoin,60.5808,66162.4554,69885.9422,67775.2143,62570.2634,1237.9732
1772330466920,67268.5151,48796310018.4788,2026-03-01 02:01:06.920,bitcoin,64.0001,66157.4276,69865.0938,68015.177,62503.4424,1299.5091
1772334006114,67767.3056,51769198342.4675,2026-03-01 03:00:06.114,bitcoin,67.3208,66156.7363,69845.3184,68277.1683,62700.4883,1386.3886
1772337773315,67526.9551,52613823909.905,2026-03-01 04:02:53.315,bitcoin,64.2456,66153.8704,69824.4421,68486.0514,62863.29,1450.7195
1772341391535,67350.7423,52903381254.2838,2026-03-01 05:03:11.535,bitcoin,62.0091,66150.2384,69802.9909,68579.3266,63157.439,1499.7173
1772345016389,67320.5448,53162142044.0558,2026-03-01 06:03:36.389,bitcoin,61.6132,66146.5153,69781.27,68632.1052,63470.9434,1542.2685
1772348589751,66933.9096,50085058427.8203,2026-03-01 07:03:09.751,bitcoin,56.6288,66140.0117,69759.6621,68625.4583,63770.3205,1471.3526
1772352159784,67136.8781,47647809987.8377,2026-03-01 08:02:39.784,bitcoin,58.5257,66134.9584,69738.0544,68568.6035,64154.6874,1433.1386
1772355779808,66557.0047,47225469266.0738,2026-03-01 09:02:59.808,bitcoin,51.5844,66126.6649,69715.8391,68413.1374,64565.4855,1339.032
1772359437243,66428.7489,47332922114.8647,2026-03-01 10:03:57.243,bitcoin,50.1672,66117.0779,69693.8987,68376.1758,64731.2863,1239.0889
1772362959590,66467.9152,45980675972.1728,2026-03-01 11:02:39.590,bitcoin,50.6134,66107.2486,69671.4003,68207.3902,65099.9042,1150.9444
1772366634113,66464.7576,44506777972.3388,2026-03-01 12:03:54.113,bitcoin,50.5741,66096.952,69648.3522,68056.4558,65411.7791,1030.1675
1772370185193,66321.4641,44213013271.4333,2026-03-01 13:03:05.193,bitcoin,48.7243,66087.3679,69625.6916,67907.5984,65682.1102,897.7096
1772373622380,66978.0072,43894783009.6752,2026-03-01 14:00:22.380,bitcoin,56.5635,66083.4755,69603.9695,67784.6614,65963.0749,856.0717
1772377387065,66862.5063,42831938477.1293,2026-03-01 15:03:07.065,bitcoin,54.9713,66080.1708,69581.6273,67719.5965,66122.6855,733.231
1772380987684,66912.0313,43062104466.6322,2026-03-01 16:03:07.684,bitcoin,55.5491,66075.6895,69559.6127,67704.3632,66193.4716,626.2382
1772384650532,66114.2099,44007042991.0096,2026-03-01 17:04:10.532,bitcoin,45.4348,66066.7997,69536.2018,67745.9193,66068.8477,539.8089
1772388147294,66026.8397,44486823312.8456,2026-03-01 18:02:27.294,bitcoin,44.4796,66058.9941,69512.7988,67792.2204,65950.7033,481.8372
1772391844817,66317.2951,43745802863.1815,2026-03-01 19:04:04.817,bitcoin,48.3657,66052.5018,69488.4801,67767.145,65888.9336,455.886
1772395229771,65958.5998,42839200198.0947,2026-03-01 20:00:29.771,bitcoin,44.2469,66043.9145,69463.2441,67784.5611,65767.859,480.2388
1772398962601,65315.3094,42983795779.6178,2026-03-01 21:02:42.601,bitcoin,37.9972,66031.6931,69437.5874,67893.555,65509.399,567.3608
1772402588164,65704.6054,42541308148.1523,2026-03-01 22:03:08.164,bitcoin,43.2236,66020.5035,69411.9309,67860.6319,65385.9311,605.448
1772406187390,65226.8554,43416566932.4809,2026-03-01 23:03:07.390,bitcoin,38.891,66006.056,69385.8259,67759.0892,65233.4288,665.7174
1772409776203,65736.204,44355182226.4759,2026-03-02 00:02:56.203,bitcoin,45.198,65995.0506,69360.2905,67617.3998,65196.0431,683.8343
1772413346429,66524.7464,45012899973.0089,2026-03-02 01:02:26.429,bitcoin,53.2434,65993.6831,69336.1,67498.3251,65232.5182,681.8275
1772416948670,66537.9695,43993453329.7317,2026-03-02 02:02:28.670,bitcoin,53.3671,66006.2,69312.0231,67375.5061,65277.0796,664.4848
1772420533716,66291.9453,42095116293.4408,2026-03-02 03:02:13.716,bitcoin,50.6818,66015.3251,69287.4063,67305.6904,65282.6989,610.1449
1772424040985,66827.4526,41951068245.0901,2026-03-02 04:00:40.985,bitcoin,55.885,66026.561,69263.7027,67246.7192,65310.7276,572.455
1772427686540,66794.8983,42396774834.2383,2026-03-02 05:01:26.540,bitcoin,55.5016,66038.4648,69240.0097,67277.6587,65303.5775,544.1211
1772431294853,66737.6694,42906458092.2032,2026-03-02 06:01:34.853,bitcoin,54.7901,66048.5675,69216.2261,67310.7779,65301.3503,513.7174
1772434897239,66204.5487,41775344159.6376,2026-03-02 07:01:37.239,bitcoin,48.5465,66051.258,69192.0135,67295.6809,65290.1106,501.092
1772438496706,65967.0725,42388608656.6079,2026-03-02 08:01:36.706,bitcoin,46.0302,66051.4198,69167.7646,67277.1825,65258.8405,477.7805
1772442091166,66248.4295,42784357536.1149,2026-03-02 09:01:31.166,bitcoin,49.378,66054.856,69144.5521,67273.2592,65255.4604,474.7983
1772445764134,66178.7551,43717790443.4569,2026-03-02 10:02:44.134,bitcoin,48.5745,66053.6493,69121.1877,67178.9112,65269.8831,474.3737
1772449349321,66264.5157,43995425960.2743,2026-03-02 11:02:29.321,bitcoin,49.6604,66053.3351,69097.9637,67103.5666,65285.4287,472.6845
1772452966025,66338.3181,45075781806.5919,2026-03-02 12:02:46.025,bitcoin,50.6266,66054.2575,69075.0896,67016.8589,65314.7651,471.1393
1772456549144,65950.5193,45188904422.2494,2026-03-02 13:02:29.144,bitcoin,45.6666,66052.3223,69051.9164,67013.6359,65301.619,475.3156
1772460216960,65415.5056,46020887832.2687,2026-03-02 14:03:36.960,bitcoin,39.8639,66048.03,69027.9892,67041.2495,65212.872,478.3781
1772463688544,67038.3825,49615721106.7379,2026-03-02 15:01:28.544,bitcoin,57.5035,66054.721,69008.3162,67157.8036,65168.4267,490.3929
1772467390506,69099.855,56519908792.3171,2026-03-02 16:03:10.506,bitcoin,69.6727,66075.2788,68991.4936,67934.877,64705.4788,759.4161
1772470970866,69481.9962,59880323541.2828,2026-03-02 17:02:50.866,bitcoin,71.3127,66099.6852,68976.5224,68585.4778,64471.5467,999.7587
1772474575800,69165.1818,61158409700.8924,2026-03-02 18:02:55.800,bitcoin,68.0283,66125.9641,68962.9972,69018.0022,64385.0799,1140.7786
1772478168554,68907.877,61424892194.0178,2026-03-02 19:02:48.554,bitcoin,65.3941,66151.4103,68950.4025,69287.4949,64483.6893,1235.8787
1772481794977,68957.5541,62476299265.6071,2026-03-02 20:03:14.977,bitcoin,65.6705,66179.0605,68938.2728,69548.6095,64544.7098,1310.8721
1772485276347,69250.0452,63191550506.1982,2026-03-02 21:01:16.347,bitcoin,67.3252,66207.4934,68926.1425,69847.8792,64517.9699,1363.647
1772488998819,69429.2685,62371112347.6189,2026-03-02 22:03:18.819,bitcoin,68.3324,66236.4168,68913.9424,70146.0718,64508.9073,1426.0188
1772492577445,69388.3446,62054765318.0344,2026-03-02 23:02:57.445,bitcoin,67.8184,66264.2078,68901.8727,70394.9515,64569.6675,1440.3587
1772496223766,68810.6954,60902030477.8644,2026-03-03 00:03:43.766,bitcoin,60.8584,66288.9999,68888.2188,70532.9637,64629.9796,1433.7252
1772499638335,69026.2061,61028291660.2592,2026-03-03 01:00:38.335,bitcoin,62.4084,66313.3134,68874.5996,70685.566,64700.508,1457.3908
1772503043895,68905.303,60128119903.7912,2026-03-03 01:57:23.895,bitcoin,60.9502,66341.7044,68861.3481,70804.6862,64798.1512,1468.5964
1772503402291,68751.3543,60064096933.8643,2026-03-03 02:03:22.291,bitcoin,59.0579,66369.5924,68847.3184,70865.6333,64991.8847,1458.2741
1772507036576,68502.2659,59839601185.7627,2026-03-03 03:03:56.576,bitcoin,56.027,66399.0106,68833.061,70858.5702,65252.4671,1454.0641
1772510558495,68360.792,58824268468.9005,2026-03-03 04:02:38.495,bitcoin,54.3218,66428.9704,68818.4054,70840.316,65481.9576,1442.8436
1772514206271,68110.956,58026575211.8578,2026-03-03 05:03:26.271,bitcoin,51.3496,66458.98,68803.9213,70778.6997,65736.794,1423.9538
1772517821354,67942.9312,59596140186.6853,2026-03-03 06:03:41.354,bitcoin,49.3922,66488.1109,68789.6072,70697.9911,65985.3441,1377.0624
1772521446470,68090.5816,59528257261.8189,2026-03-03 07:04:06.470,bitcoin,51.1542,66517.5214,68775.4191,70604.478,66254.0836,1308.7053
1772524992873,68158.4167,58785776970.9535,2026-03-03 08:03:12.873,bitcoin,51.9814,66545.9667,68761.0514,70402.0818,66677.2695,1250.048
1772528514077,66962.9759,60236047567.7006,2026-03-03 09:01:54.077,bitcoin,39.3385,66568.249,68744.4121,70027.623,67206.4753,1205.8321
1772532035451,66628.7677,57208260502.0998,2026-03-03 10:00:35.451,bitcoin,36.6544,66588.2044,68728.3548,70106.62,67086.5169,1182.7517
1772535760483,66813.1021,61256624248.1504,2026-03-03 11:02:40.483,bitcoin,39.1217,66609.6657,68711.8805,70159.5662,66804.8953,1153.9714
1772539340448,67060.4432,61466095068.6678,2026-03-03 12:02:20.448,bitcoin,42.3655,66633.9972,68696.1375,70081.3871,66640.9192,1079.1055
1772542862948,67380.5355,62439535725.8393,2026-03-03 13:01:02.948,bitcoin,46.3496,66660.6328,68681.0401,70001.1938,66542.6478,916.0672
1772546590266,66923.7683,59902369736.9799,2026-03-03 14:03:10.266,bitcoin,41.8986,66681.3283,68665.4433,69970.9459,66374.4848,923.4313
1772550260073,66634.2853,59307259453.7741,2026-03-03 15:04:20.073,bitcoin,39.3214,66697.2285,68650.2899,69935.3325,66177.7714,970.9037
1772553782014,67711.7802,55388568528.8295,2026-03-03 16:03:02.014,bitcoin,51.3233,66717.8114,68636.843,69781.0387,66178.2387,938.7728
1772557392387,68206.8726,54869049323.1922,2026-03-03 17:03:12.387,bitcoin,55.6628,66741.571,68623.6636,69597.8465,66239.1913,914.2823
1772561031217,68345.772,54391147289.1841,2026-03-03 18:03:51.217,bitcoin,56.8257,66764.8973,68610.3989,69420.0,66312.7806,900.3546
1772564492247,68657.7504,54243761641.9632,2026-03-03 19:01:32.247,bitcoin,59.4014,66789.9822,68598.7042,69395.0949,66322.3912,889.9304
1772568169299,68457.6004,53626005374.0149,2026-03-03 20:02:49.299,bitcoin,57.0499,66813.8045,68586.7898,69298.739,66361.8864,859.01
1772571721597,68217.0588,53425468887.3788,2026-03-03 21:02:01.597,bitcoin,54.2694,66838.634,68575.375,69192.4437,66399.3574,808.7053
1772575321833,68053.5577,53829077181.6483,2026-03-03 22:02:01.833,bitcoin,52.4,66862.084,68562.7474,69093.7382,66428.2832,753.2143
1772578849904,68265.4108,52926002593.6714,2026-03-03 23:00:49.904,bitcoin,54.5831,66887.0322,68550.7456,69059.3563,66438.9795,733.9888
1772582511226,68292.1928,52663524039.5365,2026-03-04 00:01:51.226,bitcoin,54.8649,66911.1905,68537.851,69049.8488,66441.6272,700.5839
1772586151122,68157.5414,52915337391.8312,2026-03-04 01:02:31.122,bitcoin,53.0815,66924.3758,68524.8984,69054.9425,66441.192,669.5518
1772589823748,68416.3656,53650315902.0696,2026-03-04 02:03:43.748,bitcoin,56.0395,66939.3905,68513.7748,69108.6801,66434.7978,653.5039
1772593442502,68283.275,53316226814.1847,2026-03-04 03:04:02.502,bitcoin,54.149,66956.6121,68502.7973,69130.0923,66432.655,645.4505
1772596996523,67727.1505,54393675241.2511,2026-03-04 04:03:16.523,bitcoin,47.0124,66970.1763,68491.5501,69097.4716,66422.149,636.0643
1772600691021,67767.3106,54663920514.5816,2026-03-04 05:04:51.021,bitcoin,47.55,66987.3597,68480.8903,69086.8411,66513.213,632.9128
1772604225530,68205.1241,54665481980.3839,2026-03-04 06:03:45.530,bitcoin,53.1325,67007.1409,68469.5038,69057.6123,66700.0775,637.7649
1772607698377,68494.151,54299592387.7359,2026-03-04 07:01:38.377,bitcoin,56.4295,67027.8363,68458.2745,69062.8028,66862.9918,650.6992
1772611225756,69507.0084,56670318646.5514,2026-03-04 08:00:25.756,bitcoin,65.5701,67051.6469,68448.1068,69295.1456,66875.3056,733.6105
1772614994080,70987.4275,60418950561.4322,2026-03-04 09:03:14.080,bitcoin,74.1171,67084.0482,68438.9024,69974.0921,66557.0483,944.1322
1772618545601,71525.1744,63648896959.8121,2026-03-04 10:02:25.601,bitcoin,76.4081,67120.6051,68430.6859,70610.4065,66380.8745,1133.7165
1772622200743,71312.3541,65773919952.1651,2026-03-04 11:03:20.743,bitcoin,73.6304,67155.7325,68421.8277,70998.2966,66460.7913,1251.053
1772625783866,71124.6944,65039002291.2261,2026-03-04 12:03:03.866,bitcoin,71.1734,67185.8736,68412.3922,71343.7402,66456.6391,1328.6819
1772629414414,71322.6491,66501988814.3891,2026-03-04 13:03:34.414,bitcoin,72.2262,67216.1006,68402.874,71692.526,66419.4309,1411.1176
1772632987303,71474.0935,68425507737.3449,2026-03-04 14:03:07.303,bitcoin,73.0376,67243.0187,68394.215,72027.0164,66397.7726,1456.5526
1772636568236,71725.0723,71510718715.9161,2026-03-04 15:02:48.236,bitcoin,74.3736,67268.673,68384.4408,72370.6227,66360.8986,1473.0501
1772640207370,73394.4765,75016851558.5077,2026-03-04 16:03:27.370,bitcoin,81.0869,67299.1525,68377.1732,73057.4016,66167.8072,1670.8093
1772643791451,73316.1912,74917509293.5535,2026-03-04 17:03:11.451,bitcoin,80.0281,67326.9274,68369.3897,73603.9253,66131.1968,1828.4691
1772647418238,73247.3771,76294105172.8592,2026-03-04 18:03:38.238,bitcoin,79.051,67350.1835,68362.0556,74040.9676,66213.5364,1949.0019
1772650954050,73648.6492,77296692045.404,2026-03-04 19:02:34.050,bitcoin,80.5429,67377.5507,68355.645,74496.9181,66295.9098,2080.2743
1772654628853,73669.7789,78906701016.0094,2026-03-04 20:03:48.853,bitcoin,80.6211,67404.3848,68349.7257,74882.2097,66448.3768,2177.8465
1772658176822,73161.4801,79279832040.9813,2026-03-04 21:02:56.822,bitcoin,73.0134,67429.2823,68342.341,75101.2298,66729.7506,2210.2462
1772661701420,73332.9247,80362568310.663,2026-03-04 22:01:41.420,bitcoin,73.9078,67458.3966,68334.8891,75308.4091,67014.2271,2222.8439
1772665350406,72719.8141,80499661520.7683,2026-03-04 23:02:30.406,bitcoin,65.5425,67486.761,68326.6321,75361.9251,67404.3651,2198.1574
1772668970776,72718.8879,81319331497.784,2026-03-05 00:02:50.776,bitcoin,65.5304,67512.7622,68317.9163,75274.8602,67990.6037,2158.0527
1772672595128,72792.8052,82215055971.9699,2026-03-05 01:03:15.128,bitcoin,66.0673,67539.7419,68309.4114,75092.3396,68675.6738,2094.2589
1772676222155,72543.9746,81561690776.864,2026-03-05 02:03:42.155,bitcoin,62.536,67565.1906,68302.1608,74836.8988,69364.9997,2020.0563
1772679803318,72477.5989,81514384219.8438,2026-03-05 03:03:23.318,bitcoin,61.5903,67590.6018,68293.5471,74480.3316,70119.9116,1915.931
1772683377103,72504.3875,80463645271.7729,2026-03-05 04:02:57.103,bitcoin,61.8411,67613.9132,68284.8975,74213.9411,70686.04,1736.781
1772687001334,72826.2928,73831531765.0656,2026-03-05 05:03:21.334,bitcoin,64.8143,67640.0594,68277.4797,74178.4575,70905.4101,1520.8296
1772690566932,72398.019,81250756795.0955,2026-03-05 06:02:46.932,bitcoin,58.3052,67665.1748,68268.9847,74156.5546,71014.5975,1288.9282
1772694218904,72558.8073,80563808640.8272,2026-03-05 07:03:38.904,bitcoin,59.9321,67693.2071,68260.4597,74106.7893,71189.0082,1023.8977
1772697788793,72058.0921,73873352615.7147,2026-03-05 08:03:08.793,bitcoin,52.9969,67717.6167,68251.3041,74008.0348,71381.1024,830.5908
1772701395081,72340.2323,76447514454.3682,2026-03-05 09:03:15.081,bitcoin,56.0809,67740.049,68242.9559,73913.145,71577.7505,770.6383
1772704861620,72589.8352,72435954649.6722,2026-03-05 10:01:01.620,bitcoin,58.6648,67765.5879,68235.3544,73817.4252,71785.0445,741.6984
1772708585213,73406.8699,65966722066.2606,2026-03-05 11:03:05.213,bitcoin,65.7649,67797.5718,68228.9527,73805.1573,71965.4921,712.074
1772712081114,72896.381,72430588137.0631,2026-03-05 12:01:21.114,bitcoin,58.9514,67825.7007,68221.5143,73750.2448,71970.5951,635.9506
1772715773102,72956.7117,71203158190.6322,2026-03-05 13:02:53.102,bitcoin,59.4856,67855.7303,68214.2087,73708.936,71975.9559,563.965
1772719339994,72488.1592,69979810014.2236,2026-03-05 14:02:19.994,bitcoin,53.6462,67884.3024,68207.7106,73663.1765,71945.7937,495.5873
1772722847594,72619.8953,67391113330.8791,2026-03-05 15:00:47.594,bitcoin,54.9842,67915.4515,68200.2989,73521.8514,71984.2434,439.8541
1772726617692,71594.573,64940045033.8555,2026-03-05 16:03:37.692,bitcoin,44.2729,67944.9336,68193.5384,73454.4753,71844.0989,494.9593
1772730013189,71267.7071,63963756458.0784,2026-03-05 17:00:13.189,bitcoin,41.4975,67971.3347,68188.5024,73525.0358,71584.1611,570.4518
1772733741916,70744.216,62016407431.5123,2026-03-05 18:02:21.916,bitcoin,37.4485,67991.6944,68185.214,73612.2068,71238.1192,683.7544
1772737297798,70979.1654,61062034182.3541,2026-03-05 19:01:37.798,bitcoin,40.2656,68011.8985,68180.1351,73672.1442,71004.1169,721.2553
1772740963839,70953.8091,58041392532.8339,2026-03-05 20:02:43.839,bitcoin,40.0559,68033.1511,68172.5544,73699.9495,70799.8038,740.1469
1772744542176,71265.6409,57780372546.338,2026-03-05 21:02:22.176,bitcoin,43.9231,68055.8724,68165.7677,73661.5301,70685.5067,753.2887
1772748198734,71155.3206,56866169530.6738,2026-03-05 22:03:18.734,bitcoin,42.8694,68077.2744,68159.6487,73645.122,70563.0494,753.7445
1772751768552,71233.2187,56020516200.966,2026-03-05 23:02:48.552,bitcoin,43.8929,68099.7262,68153.5147,73617.6483,70466.0851,770.2758
1772755391412,70878.2726,55163553569.1059,2026-03-06 00:03:11.412,bitcoin,40.346,68121.485,68146.5238,73599.0512,70322.0707,801.1888
1772758995585,70961.6731,54443094237.3819,2026-03-06 01:03:15.585,bitcoin,41.5414,68142.997,68139.025,73510.3574,70224.3025,815.7983
1772762601499,71238.2851,53636909774.8102,2026-03-06 02:03:21.499,bitcoin,45.4459,68166.2571,68132.5918,73455.2177,70163.4688,820.5942
1772766120914,71240.5357,54179193303.9788,2026-03-06 03:02:00.914,bitcoin,45.4778,68187.8202,68125.1366,73369.4351,70117.4243,823.7479
1772769756739,71066.0314,53651609852.0183,2026-03-06 04:02:36.739,bitcoin,43.3601,68207.641,68117.7524,73338.826,70048.8273,828.7682
1772773358414,70599.9923,53765458711.8748,2026-03-06 05:02:38.414,bitcoin,38.239,68224.7748,68110.0193,73289.5105,69924.1189,835.9838
1772776949854,70435.7863,49888765359.0932,2026-03-06 06:02:29.854,bitcoin,36.5988,68241.2727,68101.5266,73192.0569,69806.1676,863.1999
1772780540628,70622.5035,52491609427.1655,2026-03-06 07:02:20.628,bitcoin,39.7628,68258.7047,68093.4684,72847.9515,69871.8363,864.7643
1772784213307,71059.3355,51942805146.3255,2026-03-06 08:03:33.307,bitcoin,46.4907,68277.2803,68085.95,72581.9961,69954.0871,864.1037
1772787621860,70751.6544,50679742632.0338,2026-03-06 09:00:21.860,bitcoin,42.8596,68297.4159,68078.6517,72235.2225,70080.355,859.7539
1772791339368,70561.7729,49827165291.8521,2026-03-06 10:02:19.368,bitcoin,40.7446,68320.7995,68070.8466,71978.4339,70144.505,843.238
1772794981158,70527.986,48383240507.3495,2026-03-06 11:03:01.158,bitcoin,40.3629,68346.9312,68063.2828,71563.7064,70350.0416,739.9285
1772798604533,70196.2249,46176988915.9128,2026-03-06 12:03:24.533,bitcoin,36.7251,68372.4756,68055.1558,71505.8889,70268.0243,682.4077
1772802181317,69955.8639,47987801599.3877,2026-03-06 13:03:01.317,bitcoin,34.3122,68394.4931,68048.4904,71535.6896,70107.0393,606.013
1772805613049,69913.6602,48653897601.8773,2026-03-06 14:00:13.049,bitcoin,33.8912,68417.4088,68042.6265,71596.5111,69963.1622,560.3355
1772809386031,68403.2726,51262764184.1062,2026-03-06 15:03:06.031,bitcoin,23.0093,68431.0394,68034.8123,71963.3948,69338.6892,653.9055
1772812843558,68534.0627,50291499623.7385,2026-03-06 16:00:43.558,bitcoin,25.2476,68448.9719,68027.9157,72124.3272,68935.7822,767.2951
1772816422379,68455.8624,49025529841.8381,2026-03-06 17:00:22.379,bitcoin,24.7836,68465.4036,68022.4435,72182.606,68596.5254,869.7158
1772820204796,67974.7128,48852111836.6805,2026-03-06 18:03:24.796,bitcoin,22.0936,68481.3272,68014.8212,72270.8436,68190.2271,1007.2307
1772823807812,68225.3484,48655700989.8002,2026-03-06 19:03:27.812,bitcoin,26.565,68498.1098,68007.3013,72242.4242,67917.8595,1088.7909
1772827355786,68136.5508,46714136416.3203,2026-03-06 20:02:35.786,bitcoin,25.9957,68513.2766,68000.0121,72229.6255,67656.486,1160.1315
1772830925501,68122.789,47473968347.9197,2026-03-06 21:02:05.501,bitcoin,25.9031,68528.7834,67993.7521,72168.1702,67434.0529,1204.2519
1772834621493,68298.3102,46749390464.9454,2026-03-06 22:03:41.493,bitcoin,29.3609,68544.7686,67988.0514,72011.0432,67297.1824,1227.151
1772838058175,68413.332,46267096105.0576,2026-03-06 23:00:58.175,bitcoin,31.6131,68559.8548,67981.6485,71810.5233,67214.982,1228.0879
1772841795119,68133.4123,45739709755.2997,2026-03-07 00:03:15.119,bitcoin,29.1752,68572.9024,67975.2877,71622.6075,67109.6358,1248.4126
1772845331057,68314.6316,45644313715.1328,2026-03-07 01:02:11.057,bitcoin,32.7889,68587.8228,67969.7664,71478.0923,67025.615,1245.2965
1772848987085,68275.39,44010699810.8732,2026-03-07 02:03:07.085,bitcoin,32.4033,68601.566,67965.5139,71339.2432,66948.4244,1217.1177
1772852592532,68341.334,43947243331.8101,2026-03-07 03:03:12.532,bitcoin,33.8118,68616.7635,67961.6426,71141.4792,66918.0714,1172.2177
1772856190365,68117.0496,42693606993.366,2026-03-07 04:03:10.365,bitcoin,31.4143,68631.3722,67957.9683,70810.2278,66955.0943,1133.5164
1772859784738,68069.3321,42271768719.2149,2026-03-07 05:03:04.738,bitcoin,30.9121,68646.445,67954.471,70502.7509,66994.3389,1113.4132
1772863378258,67996.8456,41238457250.6524,2026-03-07 06:02:58.258,bitcoin,30.1243,68675.135,67950.5775,70190.9358,67049.6613,1095.1244
1772867015611,67691.4881,41554176478.1725,2026-03-07 07:03:35.611,bitcoin,27.0022,68698.2384,67946.6194,69831.6653,67125.282,1066.4718
1772870575265,67834.6149,40746446135.7648,2026-03-07 08:02:55.265,bitcoin,30.6312,68724.1796,67942.2069,69486.5071,67234.2792,975.6771
1772874087612,67765.6184,39923043843.5226,2026-03-07 09:01:27.612,bitcoin,29.8605,68748.6314,67937.1228,69135.0794,67366.6824,891.9417
1772877853243,67998.5282,39910331505.3181,2026-03-07 10:04:13.243,bitcoin,35.7381,68772.3928,67933.3533,68607.782,67702.4666,794.1995
1772881399819,67873.1588,39177891870.2058,2026-03-07 11:03:19.819,bitcoin,34.0825,68796.2702,67930.1237,68582.1318,67675.1054,673.2995
1772884874993,68013.7156,38764455999.9326,2026-03-07 12:01:14.993,bitcoin,37.5742,68820.1395,67928.1479,68518.2094,67686.9931,553.619
1772888556165,67991.1036,36365252882.4514,2026-03-07 13:02:36.165,bitcoin,37.2325,68837.1082,67925.9012,68464.198,67694.5285,426.6247
1772892228332,67916.1033,33406272856.4739,2026-03-07 14:03:48.332,bitcoin,36.0611,68857.6231,67923.8963,68465.2822,67687.5834,226.4636
1772895768695,68019.1602,29908681787.2228,2026-03-07 15:02:48.695,bitcoin,38.9054,68876.4553,67924.7901,68449.5287,67682.7182,219.0772
1772899338203,67899.1508,27976513517.4126,2026-03-07 16:02:18.203,bitcoin,36.8497,68893.0769,67924.4366,68442.8663,67665.6406,202.6954
1772903014220,67801.0163,26233054011.8075,2026-03-07 17:03:34.220,bitcoin,35.2113,68907.3822,67926.8179,68440.4967,67635.8329,193.5188
1772906568619,67785.6089,24593660014.561,2026-03-07 18:02:48.619,bitcoin,34.9486,68918.5045,67928.9878,68410.6052,67614.4542,200.4822
1772910179180,67568.8822,24319626430.7199,2026-03-07 19:02:59.180,bitcoin,31.3995,68925.7211,67932.3591,68368.5148,67572.0997,218.5037
1772913663486,67094.312,25327244537.1582,2026-03-07 20:01:03.486,bitcoin,25.3329,68926.6105,67936.8224,68462.3419,67374.3625,286.4496
1772917348197,67399.6293,24687179197.3427,2026-03-07 21:02:28.197,bitcoin,34.148,68930.5055,67942.7226,68429.3424,67315.8618,307.2121
1772920932663,67439.6776,24465984720.4237,2026-03-07 22:02:12.663,bitcoin,35.2282,68932.017,67947.7506,68385.8054,67275.8275,313.857
1772924523506,67249.1136,24768342805.2509,2026-03-07 23:02:03.506,bitcoin,32.4966,68933.5285,67953.899,68334.4467,67217.9642,321.9616
1772928075382,67267.813,24300333795.381,2026-03-08 00:01:15.382,bitcoin,33.0452,68936.2537,67959.168,68310.7002,67156.787,337.844
1772931810286,67197.2296,24455863404.6938,2026-03-08 01:03:30.286,bitcoin,31.9884,68935.8294,67961.4354,68290.4041,67089.8729,343.9145
1772935389676,67281.0936,24742809499.8615,2026-03-08 02:03:09.676,bitcoin,34.6621,68932.9353,67964.8589,68262.5001,67046.2016,340.921
1772938963372,66935.5885,25498394960.3973,2026-03-08 03:02:43.372,bitcoin,29.5143,68929.4152,67968.8093,68300.0614,66933.0504,352.5666
1772942584235,67017.0628,25813637402.5522,2026-03-08 04:03:04.235,bitcoin,32.0761,68927.4291,67971.8574,68298.7718,66852.5848,363.9497
1772946120942,66636.373,26011286499.8557,2026-03-08 05:02:00.942,bitcoin,27.1168,68923.3566,67972.241,68343.4464,66694.9856,403.9803
1772949792050,67150.7662,26410590961.4103,2026-03-08 06:03:12.050,bitcoin,40.5026,68924.6474,67975.5614,68285.1421,66668.5138,401.9968
1772953349373,67167.1268,25947842089.4382,2026-03-08 07:02:29.373,bitcoin,40.8745,68924.8275,67978.9014,68239.1192,66643.9335,407.3051
1772957007845,67317.6791,25760234892.6184,2026-03-08 08:03:27.845,bitcoin,44.3238,68929.3553,67982.3809,68160.9772,66652.4718,403.1835
1772960557294,67526.0408,25875696083.4996,2026-03-08 09:02:37.294,bitcoin,48.7775,68935.8868,67984.8571,68091.484,66675.4588,399.0348
1772964145146,67722.3906,26997110090.396,2026-03-08 10:02:25.146,bitcoin,52.6236,68943.3539,67987.454,68057.2625,66690.309,387.2738
1772967629146,67884.7561,27799565502.1657,2026-03-08 11:00:29.146,bitcoin,55.5929,68951.8063,67989.4214,68027.2748,66706.8562,387.8061
1772971341139,67514.2501,27711802445.8564,2026-03-08 12:02:21.139,bitcoin,48.1732,68958.9062,67990.8643,67965.9665,66729.6744,370.3727
1772975003550,67323.57,28735803236.9543,2026-03-08 13:03:23.550,bitcoin,44.8552,68960.9631,67990.9676,67906.0696,66741.8268,352.5477
1772978558735,67248.5195,30686370005.742,2026-03-08 14:02:38.735,bitcoin,43.5828,68963.2608,67989.765,67839.7653,66754.4221,337.8511
1772982232022,67321.5932,30870809468.2928,2026-03-08 15:03:52.022,bitcoin,45.2124,68965.6987,67988.0142,67813.1487,66756.3098,310.6029
1772985765119,67198.7199,30859842381.6907,2026-03-08 16:02:45.119,bitcoin,42.9651,68972.1541,67984.3013,67812.7746,66767.1247,290.4396
1772989408142,66867.1399,31509031187.9721,2026-03-08 17:03:28.142,bitcoin,37.5421,68977.1559,67978.8771,67814.5585,66712.0919,287.8887
1772993015121,67030.4742,32291973735.1959,2026-03-08 18:03:35.121,bitcoin,41.4617,68981.401,67975.0946,67796.7672,66688.9629,272.983
1772996559513,66847.6739,31803867051.2766,2026-03-08 19:02:39.513,bitcoin,38.5462,68986.6931,67969.7855,67802.8132,66642.7728,277.7303
1773000077824,67297.5503,31098549655.1393,2026-03-08 20:01:17.824,bitcoin,48.2,68998.4922,67966.0456,67804.9063,66643.6535,276.351
1773003613207,67254.4625,31873229382.2011,2026-03-08 21:00:13.207,bitcoin,47.4315,69007.7175,67961.8304,67807.7706,66646.5125,274.3646
1773007385146,66962.4969,29823223109.9636,2026-03-08 22:03:05.146,bitcoin,42.4879,69018.0487,67955.8093,67802.431,66619.9924,276.3487
1773011019444,66243.6112,35333693949.4742,2026-03-08 23:03:39.444,bitcoin,33.2881,69021.069,67949.8345,67895.5067,66457.719,340.1897
1773014588290,65962.9356,35756249855.6544,2026-03-09 00:03:08.290,bitcoin,30.5103,69017.7249,67944.3325,68015.6508,66232.1622,419.7737
1773018227669,66369.2907,37173246582.5221,2026-03-09 01:03:47.669,bitcoin,38.5103,69016.7208,67938.6346,68038.3701,66182.7346,446.4291
1773021793935,66204.5981,39356218875.8598,2026-03-09 02:03:13.935,bitcoin,36.6678,69016.2009,67932.9134,68071.0736,66055.4143,478.9453
1773025250214,66577.3868,39736261312.4196,2026-03-09 03:00:50.214,bitcoin,43.2827,69014.7124,67927.058,68062.0058,66005.5081,487.8985
1773028991127,67197.0809,37821224177.8721,2026-03-09 04:03:11.127,bitcoin,52.2171,69017.1064,67922.1692,68050.6459,66004.8082,489.1223
1773032625100,67143.7363,39946186458.8876,2026-03-09 05:03:45.100,bitcoin,51.4655,69019.5234,67918.0505,68007.5761,66009.6475,482.0834
1773036067255,67860.7873,42014437470.4206,2026-03-09 06:01:07.255,bitcoin,59.8341,69029.382,67916.6371,68035.8663,65995.1971,509.2022
1773039653885,67277.5702,42145345155.1624,2026-03-09 07:00:53.885,bitcoin,51.9831,69037.1826,67915.5603,67933.8655,66036.4793,510.4726
1773043385517,67544.0025,42783166230.3443,2026-03-09 08:03:05.517,bitcoin,54.8948,69044.8943,67914.2283,67938.7542,66034.5658,516.9159
1773046906195,67799.3863,44003449284.0625,2026-03-09 09:01:46.195,bitcoin,57.5518,69054.5409,67913.8903,68017.239,66003.6626,529.5857
1773050591630,68007.3354,44856671033.5748,2026-03-09 10:03:11.630,bitcoin,59.6369,69064.9149,67913.9572,68141.6824,65955.1008,546.812
1773054022282,67608.5927,45256129059.9213,2026-03-09 11:00:22.282,bitcoin,54.1449,69072.476,67913.5486,68177.326,65948.1572,532.7993
1773057665433,67772.8335,44391345226.6562,2026-03-09 12:01:05.433,bitcoin,55.9445,69083.3231,67911.8893,68247.367,65935.5275,543.8103
1773061301414,68149.8465,45080020913.0127,2026-03-09 13:01:41.414,bitcoin,59.8408,69099.599,67910.7549,68393.9993,65917.1658,581.9618
1773064888282,69019.8991,46982531268.5893,2026-03-09 14:01:28.282,bitcoin,67.0771,69111.3937,67911.3767,68733.6013,65776.5063,695.4483
1773068643775,69151.0064,46657547017.3225,2026-03-09 15:04:03.775,bitcoin,68.0124,69111.6982,67911.4506,69049.1442,65691.2967,798.5447
1773072219904,68865.0015,51595837792.9606,2026-03-09 16:03:39.904,bitcoin,63.757,69108.0256,67911.325,69248.6024,65648.5836,858.947
1773075810605,68967.557,52440651219.1714,2026-03-09 17:03:30.605,bitcoin,64.6121,69106.8492,67911.1723,69448.5622,65619.9333,910.3532
1773079429102,68586.1323,53257244534.7736,2026-03-09 18:03:49.102,bitcoin,59.0339,69104.9341,67909.9707,69563.2874,65667.5716,933.3017
1773083041420,68382.3744,54058159287.7769,2026-03-09 19:04:01.420,bitcoin,56.2406,69101.5104,67908.731,69590.4338,65854.3016,937.2329
1773086583835,69013.3213,56223235704.1678,2026-03-09 20:03:03.835,bitcoin,62.2044,69100.1013,67907.9434,69638.6371,66111.1368,978.3411
1773090063351,69011.5318,56100731871.997,2026-03-09 21:01:03.351,bitcoin,62.1785,69097.6148,67907.3715,69694.0166,66319.9814,1011.5878
1773093806315,68985.5673,55770176691.2276,2026-03-09 22:03:26.315,bitcoin,61.7768,69095.2173,67906.8299,69666.0737,66626.0212,1028.4283
1773097398791,68646.0043,52832350484.0432,2026-03-09 23:03:18.791,bitcoin,56.6252,69094.237,67905.9616,69600.6038,66898.3528,984.1971
1773101000543,68420.9662,51973976830.997,2026-03-10 00:03:20.543,bitcoin,53.4444,69090.6344,67905.0573,69573.5799,67047.7654,895.4732
1773104590002,69123.8152,52090444829.5825,2026-03-10 01:03:10.002,bitcoin,60.8427,69091.9351,67904.7617,69599.4747,67219.8784,849.596
1773108133082,69316.0733,51173236965.5826,2026-03-10 02:02:13.082,bitcoin,62.5938,69095.2965,67904.7519,69706.5717,67258.31,775.9149
1773111755572,70275.6336,52389385690.1639,2026-03-10 03:02:35.572,bitcoin,69.8426,69105.8523,67906.4226,69959.5131,67305.1749,792.6523
1773115334610,69449.862,51636670700.6182,2026-03-10 04:02:14.610,bitcoin,59.209,69112.3348,67906.6902,70001.1457,67454.1283,774.4795
1773118846083,70044.9007,52413207721.9705,2026-03-10 05:00:46.083,bitcoin,63.5192,69123.8464,67907.8961,70161.3165,67518.5089,777.4206
1773122506305,69961.9953,51637951013.4476,2026-03-10 06:01:46.305,bitcoin,62.5278,69135.8646,67908.8499,70287.1189,67588.1725,804.1023
1773126154259,69914.5961,52016640048.2152,2026-03-10 07:02:34.259,bitcoin,61.9327,69146.7219,67909.2385,70320.0336,67785.8581,777.5608
1773129782450,70419.166,52863636489.8678,2026-03-10 08:03:02.450,bitcoin,65.6777,69160.1787,67908.9647,70442.6624,67927.8626,791.5176
1773133360569,70662.6835,53142697192.1535,2026-03-10 09:02:40.569,bitcoin,67.3473,69182.2008,67909.6775,70630.0133,67991.7955,825.0161
1773136943788,71056.8991,53811115036.3744,2026-03-10 10:02:23.788,bitcoin,69.9,69208.5587,67910.8779,70926.4641,67899.0446,886.2847
1773140561894,70770.463,53650180051.78,2026-03-10 11:02:41.894,bitcoin,65.8705,69232.1144,67910.6306,71112.3881,67875.0663,874.3216
1773144182453,70612.0841,53865225107.6868,2026-03-10 12:03:02.453,bitcoin,63.6845,69253.2551,67909.8443,71242.5943,67919.5684,845.8023
1773147789637,70533.4143,54082116204.5921,2026-03-10 13:03:09.637,bitcoin,62.5737,69272.0223,67908.5711,71345.2601,67973.4882,826.1744
1773151404946,69920.6566,52612107003.6418,2026-03-10 14:03:24.946,bitcoin,54.5869,69289.8609,67906.8145,71340.9335,68111.2673,821.5104
1773155058962,71473.0345,54736227231.1958,2026-03-10 15:04:18.962,bitcoin,66.3166,69318.663,67907.3419,71542.3795,68218.8873,900.8181
1773158670412,71384.6184,55088864454.9027,2026-03-10 16:04:30.412,bitcoin,65.2824,69340.5251,67908.7332,71733.3025,68265.094,946.8756
1773162132426,71230.967,56232598900.3148,2026-03-10 17:02:12.426,bitcoin,63.431,69358.5257,67909.4225,71861.2304,68359.1096,973.8477
1773165841373,70876.3289,55637325092.0878,2026-03-10 18:04:01.373,bitcoin,59.2542,69373.5885,67909.0909,71906.1535,68503.2627,953.2123
1773169399054,70016.6074,57475139570.9578,2026-03-10 19:03:19.054,bitcoin,50.562,69381.6769,67907.2194,71821.5585,68724.918,890.5364
1773172956092,70037.0394,56785026238.8287,2026-03-10 20:02:36.092,bitcoin,50.747,69391.0784,67906.2372,71656.4068,69051.677,862.9773
1773176674275,70257.5419,56794064971.5432,2026-03-10 21:04:34.275,bitcoin,52.7989,69403.2241,67905.6554,71586.5139,69234.9426,832.2479
1773180187293,69784.4052,57266224196.1204,2026-03-10 22:03:07.293,bitcoin,48.1624,69413.5268,67903.9528,71538.2648,69330.0249,799.3402
1773183784687,69707.359,57081990993.0368,2026-03-10 23:03:04.687,bitcoin,47.4319,69422.1098,67903.1461,71553.1063,69258.3559,738.1103
1773187391015,69928.9163,57072643308.7166,2026-03-11 00:03:11.015,bitcoin,49.7902,69431.8522,67902.4097,71514.5379,69344.8298,635.4611
1773190982180,70057.9854,56863262498.4388,2026-03-11 01:03:02.180,bitcoin,51.1646,69443.1643,67902.03,71514.2785,69346.3976,588.3201
1773194523552,70080.114,56659471802.3122,2026-03-11 02:02:03.552,bitcoin,51.4102,69453.0676,67901.3496,71511.1625,69361.3255,551.0971
1773198050927,69763.5165,55315797039.8398,2026-03-11 03:00:50.927,bitcoin,47.7133,69461.8786,67899.3132,71520.1618,69337.2182,563.9624
1773201732229,69557.7538,54355783378.289,2026-03-11 04:02:12.229,bitcoin,45.4269,69472.775,67897.359,71541.2916,69229.9472,557.0202
1773205397276,70155.6506,54498240828.6843,2026-03-11 05:03:17.276,bitcoin,52.5431,69486.9913,67896.3006,71512.7571,69207.7785,554.9626
1773208851338,69538.6095,54074938021.5747,2026-03-11 06:00:51.338,bitcoin,45.8922,69494.9287,67894.8272,71443.2946,69125.412,573.912
1773212551710,69949.2109,53558829002.1329,2026-03-11 07:02:31.710,bitcoin,50.3921,69503.5898,67894.2383,71388.5435,69098.0379,572.8849
1773216129099,69654.5142,49559852456.0747,2026-03-11 08:02:09.099,bitcoin,47.3485,69504.4678,67893.9847,71354.9657,69035.8587,588.4121
1773219757783,69624.4749,50645234931.4232,2026-03-11 09:02:37.783,bitcoin,47.0366,69496.355,67894.0876,71324.1234,68975.807,598.0672
1773223365091,69463.4954,49011363948.4318,2026-03-11 10:02:45.091,bitcoin,45.3141,69484.0831,67895.1719,71335.5314,68918.6829,592.8838
1773226821209,69611.2181,48840991872.3578,2026-03-11 11:00:21.209,bitcoin,47.2241,69473.9573,67896.2541,71090.6855,68977.3471,590.1108
1773230611712,69180.6597,48301475333.2607,2026-03-11 12:03:31.712,bitcoin,42.5586,69462.3857,67896.3911,70845.1184,69002.5184,611.6495
1773234138544,69350.5265,49269466657.8903,2026-03-11 13:02:18.544,bitcoin,44.8726,69450.6468,67897.4445,70562.8983,69096.6945,620.655
1773237819947,70175.8488,50463825235.9246,2026-03-11 14:03:39.947,bitcoin,54.4697,69442.9192,67898.6926,70375.6649,69213.8799,620.9717
1773241424599,70623.2772,50478998551.5147,2026-03-11 15:03:44.599,bitcoin,58.6704,69436.3609,67900.2556,70504.2211,69145.9906,556.324
1773244875334,70259.3852,50071083984.0111,2026-03-11 16:01:15.334,bitcoin,54.2838,69417.6996,67900.5423,70535.8228,69136.6235,476.2522
1773248556628,70564.7676,49750436181.5397,2026-03-11 17:02:36.628,bitcoin,57.1774,69401.3221,67900.5201,70599.3473,69103.8216,413.8937
1773252005893,70773.2392,51872177378.733,2026-03-11 18:00:05.893,bitcoin,59.0814,69386.5951,67901.1135,70748.5863,69053.4659,404.0173
1773255820305,70632.1626,46810706925.4092,2026-03-11 19:03:40.305,bitcoin,57.2271,69368.6398,67900.7532,70846.8309,69047.7018,429.0784
1773259400302,70628.5493,49576579655.6773,2026-03-11 20:03:20.302,bitcoin,57.1776,69350.5373,67900.5918,70929.3929,69035.1031,450.8993
1773262949290,70653.8633,49342210251.1754,2026-03-11 21:02:29.290,bitcoin,57.4552,69335.611,67900.979,71003.3032,69020.7806,468.7241
1773266581085,70740.8453,48566545641.4406,2026-03-11 22:03:01.085,bitcoin,58.452,69320.1819,67901.5369,71086.0095,69004.1474,490.7741
1773270203170,70399.5678,48724379761.6238,2026-03-11 23:03:23.170,bitcoin,53.1866,69306.3709,67901.92,71120.3219,69033.4401,491.4408
1773273754319,70202.8864,47935417116.8442,2026-03-12 00:02:34.319,bitcoin,50.3704,69291.3947,67902.4433,71125.9384,69092.3369,491.518
1773277374301,70222.9694,47234879694.513,2026-03-12 01:02:54.301,bitcoin,50.6577,69276.0981,67902.2054,71130.3431,69094.664,492.5184
1773280997650,69829.3961,47174894157.0098,2026-03-12 02:03:17.650,bitcoin,45.1427,69259.9399,67901.8785,71119.6712,69134.4146,495.0641
1773284431447,69310.473,45777430235.7384,2026-03-12 03:00:31.447,bitcoin,39.0986,69241.088,67901.6737,71147.8469,69042.3651,515.2781
1773288127871,69437.4349,45041892804.9481,2026-03-12 04:02:07.871,bitcoin,41.1738,69222.8323,67901.1737,71159.1819,69009.3222,520.7905
1773291774924,69366.4682,45243933490.1382,2026-03-12 05:02:54.924,bitcoin,40.3463,69202.2381,67901.1516,71173.8817,68968.8218,537.8685
1773295392344,69456.7784,44900675131.406,2026-03-12 06:03:12.344,bitcoin,41.9454,69184.7307,67901.9985,71174.2901,68967.7416,541.2228
1773299002792,69477.5813,44826269071.3909,2026-03-12 07:03:22.792,bitcoin,42.3289,69166.3901,67902.827,71180.2129,68948.4552,551.7831
1773302613372,69819.1395,44869003898.2483,2026-03-12 08:03:33.372,bitcoin,48.3608,69153.063,67903.8744,71143.6152,69048.9008,548.5094
1773306166481,69873.547,45520751365.2631,2026-03-12 09:02:46.481,bitcoin,49.271,69138.3803,67904.9411,71118.862,69125.9561,543.59
1773309740654,69965.1244,46097392084.2353,2026-03-12 10:02:20.654,bitcoin,50.8415,69122.757,67906.4515,71110.297,69113.4486,531.483
1773313399983,70410.7763,46635508820.851,2026-03-12 11:03:19.983,bitcoin,57.7042,69104.9232,67909.0736,71082.044,69120.4516,529.5949
1773316898333,70446.0486,46458841748.1275,2026-03-12 12:01:38.333,bitcoin,58.2016,69090.3378,67911.7164,71100.7268,69120.4351,500.8185
1773320510956,70394.1744,45489358117.1666,2026-03-12 13:01:50.956,bitcoin,57.1374,69075.0846,67913.7102,71079.2543,69124.8483,476.8144
1773324165636,69946.9896,44735206176.2442,2026-03-12 14:02:45.636,bitcoin,48.8462,69059.9586,67915.8576,70989.6139,69131.8637,478.6159
1773327808867,69573.4481,44979921584.5458,2026-03-12 15:03:28.867,bitcoin,43.2062,69041.825,67916.3119,70920.9217,69094.6844,480.7958
1773331207779,70350.7056,45590499094.4133,2026-03-12 16:00:07.779,bitcoin,54.8804,69034.4211,67917.4381,70876.784,69111.0378,482.4754
1773334950091,70400.8699,44740664046.0087,2026-03-12 17:02:30.091,bitcoin,55.5159,69029.2613,67918.1951,70832.6369,69129.8855,476.7846
1773338615909,70219.8185,43140787774.6874,2026-03-12 18:03:35.909,bitcoin,52.6343,69026.1399,67920.0391,70741.4122,69169.0075,455.5349
1773342126349,69831.6515,42906759651.4639,2026-03-12 19:02:06.349,bitcoin,47.0013,69019.3095,67921.1746,70687.374,69166.2541,441.9409
1773345732896,70478.8855,43251310861.7403,2026-03-12 20:02:12.896,bitcoin,55.5445,69016.4825,67923.5673,70730.1728,69151.0552,434.2638
1773349406992,70197.5331,43116397440.3582,2026-03-12 21:03:26.992,bitcoin,51.6471,69010.1247,67925.736,70727.1576,69151.5268,415.5166
1773352938352,70310.9834,42856379734.2234,2026-03-12 22:02:18.352,bitcoin,53.0769,69005.0989,67928.0276,70765.6308,69161.2123,391.4217
1773356594705,70168.7543,42344051251.4054,2026-03-12 23:03:14.705,bitcoin,51.0393,68998.7628,67929.9466,70754.2241,69258.4471,383.8579
1773360173734,70495.6757,42834145307.9492,2026-03-13 00:02:53.734,bitcoin,55.2881,68996.4855,67931.7963,70788.1507,69330.3447,395.4877
1773363796593,71485.146,46451219559.3216,2026-03-13 01:03:16.593,bitcoin,65.1466,68999.6014,67935.3215,71057.9638,69272.3993,497.3216
1773367350292,71636.0208,46934138672.8155,2026-03-13 02:02:30.292,bitcoin,66.3644,69001.9688,67939.4758,71314.2762,69234.0111,590.2183
1773371027841,71157.3,47226347330.2072,2026-03-13 03:03:47.841,bitcoin,59.2859,69001.4734,67943.6172,71398.6833,69317.576,599.4194
1773374592528,71402.447,47136711870.5438,2026-03-13 04:03:12.528,bitcoin,61.5477,69003.4759,67948.9659,71540.7899,69333.8001,623.8365
1773378113727,71332.3553,47153720845.9113,2026-03-13 05:01:53.727,bitcoin,60.5126,69007.8352,67954.437,71647.3739,69373.0969,626.895
1773381645270,71605.4285,47824340974.8492,2026-03-13 06:00:45.270,bitcoin,63.1152,69014.7973,67961.1604,71795.0134,69389.4878,644.2902
1773385278545,71347.2235,48319671432.498,2026-03-13 07:01:18.545,bitcoin,59.1456,69019.1111,67967.1745,71882.1656,69395.9803,633.5951
1773388977579,71626.3072,49093039852.8603,2026-03-13 08:02:57.579,bitcoin,61.9325,69022.486,67973.6408,72009.1251,69387.0467,651.8898
1773392547777,71790.5117,48906987880.5984,2026-03-13 09:02:27.777,bitcoin,63.5098,69028.6696,67980.5615,72153.3747,69382.4308,674.6808
1773396196581,72039.9143,48832465975.3258,2026-03-13 10:03:16.581,bitcoin,65.8258,69037.4681,67988.2628,72309.404,69435.694,709.6991
1773399772290,72479.002,50379934273.3961,2026-03-13 11:02:52.290,bitcoin,69.4965,69049.0813,67995.852,72487.0903,69548.5631,784.8779
1773403443677,72257.3336,50070938963.776,2026-03-13 12:04:03.677,bitcoin,65.662,69061.3498,68003.0268,72643.0759,69583.2403,828.8704
1773407004672,72811.1463,50817291978.7836,2026-03-13 13:03:24.672,bitcoin,70.1006,69078.3455,68010.4906,72894.3092,69573.0346,903.3226
1773410537333,73479.766,53255764706.5211,2026-03-13 14:02:17.333,bitcoin,74.4026,69099.5724,68020.1562,73255.3924,69537.9462,1000.2143
1773414169516,72418.4012,56034872574.678,2026-03-13 15:02:49.516,bitcoin,59.7148,69123.4719,68028.3848,73288.6383,69763.3752,968.8122
1773417748239,71826.5324,58676526263.0926,2026-03-13 16:02:28.239,bitcoin,53.3857,69143.07,68036.4754,73292.6475,69894.1308,952.2949
1773421398651,71929.654,60825059103.2379,2026-03-13 17:03:18.651,bitcoin,54.2946,69163.7473,68044.018,73258.098,70101.8923,935.8754
1773425011564,71008.4708,62544319689.5778,2026-03-13 18:03:31.564,bitcoin,45.7186,69181.8054,68049.2663,73198.4106,70231.3285,904.8556
1773428591761,71073.1331,62015444654.0563,2026-03-13 19:03:11.761,bitcoin,46.3591,69198.7565,68054.1773,73100.6054,70419.5715,840.7445
1773432200902,71182.3833,62907083763.9811,2026-03-13 20:03:20.902,bitcoin,47.4865,69216.8864,68059.3104,73035.0973,70553.7504,814.9202
1773435741903,71352.0892,62220961757.8577,2026-03-13 21:02:21.903,bitcoin,49.2702,69236.1085,68064.2726,73036.4083,70539.1337,764.4826
1773439350036,71143.1841,61961510517.7827,2026-03-13 22:02:30.036,bitcoin,47.1472,69253.0422,68069.4841,73041.8625,70484.3958,721.502
1773442982093,70794.0945,62445663860.6135,2026-03-13 23:03:02.093,bitcoin,43.7545,69267.2134,68074.7623,73067.179,70422.7587,676.4339
1773446619476,70965.2823,62328257621.5837,2026-03-14 00:03:39.476,bitcoin,45.8137,69284.0698,68079.6432,73081.2147,70365.0066,647.6799
1773450211794,70689.0519,59358545910.5424,2026-03-14 01:03:31.794,bitcoin,43.0733,69298.2033,68083.8646,73113.4875,70268.4035,677.403
1773453610025,70859.8417,59112822070.7612,2026-03-14 02:00:10.025,bitcoin,45.2538,69313.5869,68088.6868,73121.5731,70185.7592,695.8514
1773457351714,70856.0899,57608572142.834,2026-03-14 03:02:31.714,bitcoin,45.2128,69328.5557,68093.3143,73132.6994,70125.5195,706.945
1773460959969,71077.0888,58531009791.3244,2026-03-14 04:02:39.969,bitcoin,48.1883,69346.175,68098.996,73124.3797,70078.9174,713.875
1773464518710,71039.2037,56211863756.0894,2026-03-14 05:01:58.710,bitcoin,47.71,69363.8528,68104.4964,73103.3039,70024.8624,720.7891
1773468187350,71011.2932,56527188112.8304,2026-03-14 06:03:07.350,bitcoin,47.3371,69381.7959,68109.9937,73053.5779,69971.7263,729.625
1773471806121,70652.3935,56372493294.733,2026-03-14 07:03:26.121,bitcoin,42.7149,69399.4203,68114.8186,72938.6647,69903.9787,751.2393
1773475396648,70601.523,55583029613.6453,2026-03-14 08:03:16.648,bitcoin,42.0875,69415.89,68119.785,72845.0316,69832.0307,773.4387
1773479010974,70580.5485,53320583060.5659,2026-03-14 09:03:30.974,bitcoin,41.8149,69432.6456,68124.0563,72605.7602,69848.2423,791.0354
1773482553681,70539.2734,52950662184.1208,2026-03-14 10:02:33.681,bitcoin,41.2485,69447.7691,68127.6958,72025.5534,70134.3999,799.3323
1773486099301,70555.9008,51057523449.2081,2026-03-14 11:01:39.301,bitcoin,41.5917,69463.7378,68131.1003,71732.5602,70241.143,778.3381
1773489729942,70714.5982,50805639539.6032,2026-03-14 12:02:09.942,bitcoin,44.9001,69479.8144,68135.118,71577.4197,70285.0901,757.4805
1773493361591,70724.3567,49164050029.1081,2026-03-14 13:02:41.591,bitcoin,45.106,69496.0838,68138.4734,71331.6448,70410.3353,682.3435
1773496990096,70882.7824,45636500959.5543,2026-03-14 14:03:10.096,bitcoin,48.4724,69513.7426,68143.0054,71321.0963,70408.315,464.2625
1773500588054,70619.8198,39917357396.5427,2026-03-14 15:03:08.054,bitcoin,43.6837,69529.2227,68147.8838,71299.7985,70384.2814,362.7683
1773504125968,70602.1742,35106274035.0198,2026-03-14 16:02:05.968,bitcoin,43.374,69545.3122,68154.5697,71254.0702,70371.9888,316.5469
1773507782262,70685.1245,31080423134.5306,2026-03-14 17:03:02.262,bitcoin,45.3357,69562.4795,68161.894,71147.4085,70411.954,229.4583
1773511355626,70618.0223,29258259631.3,2026-03-14 18:02:35.626,bitcoin,44.0076,69579.3391,68168.9519,71086.9876,70419.8588,230.984
1773514930070,70690.0472,27890227054.4227,2026-03-14 19:02:10.070,bitcoin,45.8416,69597.9174,68175.7613,71082.3307,70414.1109,226.339
1773518540311,70703.1403,26830454393.6478,2026-03-14 20:02:20.311,bitcoin,46.1867,69619.3986,68183.1641,71054.3715,70415.8559,212.7768
1773522009193,70835.1746,25883269552.238,2026-03-14 21:00:09.193,bitcoin,49.6693,69639.8482,68190.2126,71063.8077,70421.032,176.4545
1773525746460,70809.7434,24753096097.4378,2026-03-14 22:02:26.460,bitcoin,49.0114,69659.9081,68196.5511,71058.3705,70421.4593,157.7975
1773529401480,70723.7806,23843044453.2375,2026-03-14 23:03:21.480,bitcoin,46.7568,69680.5907,68202.8447,71047.2925,70419.3064,157.682
1773533259142,71122.9356,21373738228.1051,2026-03-15 00:07:39.142,bitcoin,56.7139,69703.5378,68210.0879,71060.0847,70411.0989,169.7934
1773536927997,71019.8597,22700232967.9246,2026-03-15 01:08:47.997,bitcoin,53.9101,69726.2916,68216.5679,71055.588,70413.6611,177.2115
1773540500452,71163.1801,22643538895.8941,2026-03-15 02:08:20.452,bitcoin,57.0868,69749.3993,68222.8213,71094.6529,70389.785,193.8001
1773544297154,71448.5593,22268258726.5855,2026-03-15 03:11:37.154,bitcoin,62.6126,69776.2622,68229.7487,71246.8288,70317.2256,236.3735
1773547778581,71426.7846,22560062845.0848,2026-03-15 04:09:38.581,bitcoin,61.9571,69802.5105,68236.887,71357.9453,70288.6353,262.8957
1773551380663,71540.1654,22198949338.2326,2026-03-15 05:09:40.663,bitcoin,64.0667,69831.6998,68244.3799,71477.6082,70264.9341,298.255
1773554985701,71576.9263,22657444890.7862,2026-03-15 06:09:45.701,bitcoin,64.7493,69858.0459,68251.6815,71582.2613,70264.0463,332.3917
1773558574815,71454.9596,22035923450.2672,2026-03-15 07:09:34.815,bitcoin,60.634,69883.5688,68259.0244,71643.3313,70292.8822,349.659
1773561776214,71449.0233,22254404416.8364,2026-03-15 08:02:56.214,bitcoin,60.4327,69908.1601,68265.7124,71700.484,70309.172,360.6541
1773565339862,71636.4461,22248385897.6431,2026-03-15 09:02:19.862,bitcoin,64.4465,69932.6268,68272.2973,71785.0573,70315.8077,379.2127
1773568922266,71827.4773,22030554697.8438,2026-03-15 10:02:02.266,bitcoin,68.0086,69957.0618,68279.102,71901.3385,70293.9959,404.3159
1773572561431,71796.9029,22433608940.7225,2026-03-15 11:02:41.431,bitcoin,66.8541,69980.3484,68285.5894,71983.6554,70329.3873,419.5009
1773576147633,71849.2683,22286509017.7284,2026-03-15 12:02:27.633,bitcoin,67.8605,70006.1521,68292.2529,72057.3973,70380.3549,439.2584
1773579684571,71616.4955,22305147525.9171,2026-03-15 13:01:24.571,bitcoin,59.2491,70031.7052,68298.3136,72083.421,70447.4682,440.8652
1773583311895,71557.5674,22958121929.3011,2026-03-15 14:01:51.895,bitcoin,57.2679,70057.3543,68303.699,72082.8075,70542.0363,443.2103
1773586910344,71609.5148,22907627039.8564,2026-03-15 15:01:50.344,bitcoin,58.5827,70082.8777,68307.877,72083.1177,70633.6729,432.911
1773590635496,71491.2529,22873556579.0438,2026-03-15 16:03:55.496,bitcoin,54.4734,70108.4285,68311.1907,72058.6108,70736.991,413.5531
1773594221424,71430.564,22293871856.3263,2026-03-15 17:03:41.424,bitcoin,52.4406,70135.5917,68314.5429,72035.8712,70819.2695,394.7175
1773597784172,71831.0673,21093547525.3384,2026-03-15 18:03:04.172,bitcoin,62.4101,70164.1667,68318.3391,72040.6141,70916.659,379.8785
1773601339141,71389.648,23266351466.9623,2026-03-15 19:02:19.141,bitcoin,49.9756,70191.2022,68321.7575,71958.0323,71065.8276,352.1626
1773604897994,71557.0448,23857527105.4855,2026-03-15 20:01:37.994,bitcoin,53.7397,70216.5564,68325.6787,71942.6177,71124.6531,321.7952
1773608571828,71760.8802,24234511108.2441,2026-03-15 21:02:51.828,bitcoin,57.8944,70243.3803,68329.732,71916.0998,71225.2731,303.1477
1773612187978,72080.4383,24690818115.0211,2026-03-15 22:03:07.978,bitcoin,63.4383,70273.8442,68334.1064,71976.6241,71256.4745,295.1196
1773615834901,72783.2867,27232249458.9391,2026-03-15 23:03:54.901,bitcoin,72.13,70312.7708,68339.5708,72298.4686,71068.1028,349.4631
1773619420268,72799.179,28747205982.2498,2026-03-16 00:03:40.268,bitcoin,72.2904,70353.4628,68344.7751,72523.5921,70980.2187,411.7512
1773622930253,72560.0196,29696077516.8231,2026-03-16 01:02:10.253,bitcoin,66.1228,70390.3123,68349.8226,72643.5778,70962.2185,425.6911
1773626591578,72753.65,30483865860.2806,2026-03-16 02:03:11.578,bitcoin,68.4684,70429.2948,68355.2435,72790.9645,70932.5042,455.5747
1773630202681,72565.3414,29765152388.6821,2026-03-16 03:03:22.681,bitcoin,63.8391,70464.9374,68360.2696,72874.8852,70959.6216,474.6329
1773633808360,73658.2291,34336174053.6899,2026-03-16 04:03:28.360,bitcoin,74.5808,70503.3966,68367.0739,73223.7924,70831.635,592.5221
1773637401214,73861.9561,33380584191.2753,2026-03-16 05:03:21.214,bitcoin,76.0114,70543.386,68374.1847,73561.4329,70716.5454,703.45
1773640882934,74157.3424,38484128724.6926,2026-03-16 06:01:22.934,bitcoin,77.9491,70580.8655,68381.4903,73918.1326,70592.8323,817.9014
1773644632344,73765.3208,39840602506.9759,2026-03-16 07:03:52.344,bitcoin,69.8814,70619.4831,68387.8451,74125.773,70582.0337,867.6177
1773648201713,73485.9872,40701513134.2762,2026-03-16 08:03:21.713,bitcoin,64.7396,70654.852,68393.067,74257.3114,70614.1671,886.1913
1773651804789,73138.3744,42722850197.2478,2026-03-16 09:03:24.789,bitcoin,58.9289,70686.6317,68397.8543,74317.2338,70706.4327,888.4053
1773655310788,73259.3197,43025008500.6425,2026-03-16 10:01:50.788,bitcoin,60.2652,70717.8935,68402.8876,74374.5974,70819.2442,897.1184
1773658942142,73734.9128,41895439125.8861,2026-03-16 11:02:22.142,bitcoin,65.0771,70754.3597,68407.4719,74486.1579,70920.2236,922.7921
1773662561875,73565.8117,42399149560.5829,2026-03-16 12:02:41.875,bitcoin,62.1932,70788.8417,68412.9341,74536.369,71077.4684,934.266
1773666166420,73843.3242,43968548671.1842,2026-03-16 13:02:46.420,bitcoin,64.9392,70822.7315,68419.0824,74591.5101,71263.6033,942.8248
1773669715209,74019.4071,45089659042.8187,2026-03-16 14:01:55.209,bitcoin,66.597,70852.4905,68425.0778,74685.8589,71388.0885,947.7915
1773673358863,73446.1842,48783647761.9846,2026-03-16 15:02:38.863,bitcoin,57.1271,70878.057,68430.1951,74611.9701,71667.6309,921.621
1773676903512,73263.8788,51311361843.6019,2026-03-16 16:01:43.512,bitcoin,54.4741,70904.2408,68435.1322,74505.8476,71944.4368,876.0208
1773680532829,73764.8334,53007111188.4381,2026-03-16 17:02:12.829,bitcoin,59.9748,70932.796,68440.7955,74434.163,72216.5167,828.7235
1773684144088,73954.1749,53393575502.4329,2026-03-16 18:02:24.088,bitcoin,61.8509,70964.7486,68446.6575,74400.6124,72437.4409,806.6912
1773687780568,73957.4083,54656998524.7048,2026-03-16 19:03:00.568,bitcoin,61.8838,70997.9334,68452.3963,74440.4699,72514.9956,732.4151
1773691372241,73958.3119,56434947461.3304,2026-03-16 20:02:52.241,bitcoin,61.8937,71027.3678,68457.9067,74467.103,72604.2758,652.2888
1773694819595,74225.2199,56905699539.7341,2026-03-16 21:00:19.595,bitcoin,64.7958,71058.4017,68463.9354,74481.7973,72756.1015,583.379
1773698623788,74438.8297,57126965623.2676,2026-03-16 22:03:43.788,bitcoin,66.9642,71090.8616,68470.2048,74540.3465,72866.0703,541.2096
1773702050286,74717.3894,57435607814.8009,2026-03-16 23:00:50.286,bitcoin,69.5944,71127.0008,68477.0702,74586.2149,73035.4067,567.0134
1773705638551,74858.1487,56424669615.7877,2026-03-17 00:00:38.551,bitcoin,70.8571,71165.3173,68484.1934,74766.1171,72975.4965,592.5167
1773709355180,75173.1423,59428358171.7592,2026-03-17 01:02:35.180,bitcoin,73.5083,71201.3252,68491.8305,74996.3606,72876.3716,612.4586
1773712958672,75632.4102,61330583950.5923,2026-03-17 02:02:38.672,bitcoin,76.8195,71238.9225,68500.399,75301.389,72718.8499,674.2816
1773716628546,75197.4439,62153780447.0948,2026-03-17 03:03:48.546,bitcoin,68.1337,71268.219,68507.6714,75466.2219,72697.2294,655.5802
1773720193275,74426.4773,60217082115.4913,2026-03-17 04:03:13.275,bitcoin,56.039,71297.8417,68513.6035,75492.8522,72764.648,654.6347
1773723761559,74279.5052,59861853002.8875,2026-03-17 05:02:41.559,bitcoin,54.0685,71323.0477,68519.2096,75472.7136,72898.8998,654.2223
1773727410176,74004.7134,59536224814.486,2026-03-17 06:03:30.176,bitcoin,50.4937,71347.1115,68524.2535,75441.8694,73004.2833,654.3246
1773730883760,74080.29,58905162283.3265,2026-03-17 07:01:23.760,bitcoin,51.4445,71371.9073,68528.8285,75440.6288,73040.0617,650.7213
1773734610257,74251.4702,57405012513.4882,2026-03-17 08:03:30.257,bitcoin,53.6176,71394.7186,68534.1621,75434.3716,73114.8846,637.8963
1773738165765,74187.0847,57100301609.223,2026-03-17 09:02:45.765,bitcoin,52.6629,71415.6972,68539.454,75435.5606,73148.0717,601.6961
1773741770920,73931.4287,57466501510.1164,2026-03-17 10:02:50.920,bitcoin,48.937,71432.8075,68544.3519,75435.9853,73138.8492,572.0554
1773745379217,73727.0159,57416683122.7369,2026-03-17 11:02:59.217,bitcoin,46.1269,71450.406,68549.1572,75414.8748,73188.0428,572.3395
1773749041536,74049.9903,57034660311.3678,2026-03-17 12:04:01.536,bitcoin,50.9222,71470.8697,68555.6328,75356.0714,73325.4574,557.1869
1773752404364,73716.499,56461040641.3148,2026-03-17 13:00:04.364,bitcoin,46.3359,71489.8167,68562.2662,75359.3409,73317.3545,561.5436
1773756121391,73664.9269,55942258509.4616,2026-03-17 14:02:01.391,bitcoin,45.6511,71512.104,68568.5912,75374.0147,73273.7559,571.5994
1773759765350,74372.3151,55448297414.8367,2026-03-17 15:02:45.350,bitcoin,55.3892,71529.3616,68575.9687,75381.2879,73307.9733,548.998
1773763410001,73938.4595,54061262040.4487,2026-03-17 16:03:30.001,bitcoin,49.5278,71544.563,68582.8207,75381.8099,73305.4661,512.7601
1773766987725,74139.8497,54947160956.5061,2026-03-17 17:03:07.725,bitcoin,52.0636,71561.8778,68590.542,75380.1526,73298.5864,502.2667
1773770626983,74522.9778,54837865624.0902,2026-03-17 18:03:46.983,bitcoin,56.5374,71583.5841,68599.0579,75386.6122,73300.5416,499.3015
1773774170119,74686.0299,54422554857.4542,2026-03-17 19:02:50.119,bitcoin,58.3202,71611.3782,68607.9516,75382.8837,73301.1341,499.052
1773777744229,74511.4376,52059094727.3327,2026-03-17 20:02:24.229,bitcoin,55.6862,71638.0116,68616.4139,75341.8653,73307.4814,493.3583
1773781392981,74556.972,49767866404.4916,2026-03-17 21:03:12.981,bitcoin,56.2413,71663.6034,68624.3574,75241.3328,73346.3969,493.9516
1773784968723,74690.9077,52005754125.8102,2026-03-17 22:02:48.723,bitcoin,57.9113,71692.8088,68632.368,74996.4691,73497.1104,497.9717
1773788566201,74313.1169,51309621227.5702,2026-03-17 23:02:46.201,bitcoin,51.895,71720.224,68640.0511,74814.3985,73590.7483,493.1667
1773792181062,73926.279,47796151709.5938,2026-03-18 00:03:01.062,bitcoin,46.561,71744.0178,68647.1605,74791.623,73563.504,489.8472
1773795782976,73854.9689,47372786745.2734,2026-03-18 01:03:02.976,bitcoin,45.63,71766.6189,68654.4578,74784.0323,73528.641,464.7532
1773799373606,74092.3883,44886088474.7472,2026-03-18 02:02:53.606,bitcoin,49.2674,71790.5015,68662.504,74785.3362,73536.1046,365.2213
1773802990508,74358.6202,44296660763.6259,2026-03-18 03:03:10.508,bitcoin,53.0598,71817.8533,68670.8104,74803.8501,73545.4237,301.5458
1773806412761,74494.6747,41667556431.6374,2026-03-18 04:00:12.761,bitcoin,54.9146,71847.2397,68678.6733,74830.7086,73542.8857,304.2931
1773810055674,74179.8197,39316170810.6332,2026-03-18 05:00:55.674,bitcoin,49.9916,71871.1931,68686.7445,74830.3525,73542.5153,303.5742
1773813749134,73946.7303,38766458050.0182,2026-03-18 06:02:29.134,bitcoin,46.6569,71897.4319,68694.4328,74829.9391,73544.4589,305.2326
1773817433029,73961.8757,38116575527.1476,2026-03-18 07:03:53.029,bitcoin,46.9047,71921.3169,68701.959,74815.6783,73582.2057,307.7726
1773820983231,73890.2127,35470382743.6083,2026-03-18 08:03:03.231,bitcoin,45.8199,71946.5293,68709.131,74819.2315,73562.6746,312.4052
1773824567001,74036.0931,37623333375.5974,2026-03-18 09:02:47.001,bitcoin,48.4343,71972.789,68716.2094,74801.4809,73612.3847,313.2455
1773828174518,74163.7809,34628629379.488,2026-03-18 10:02:54.518,bitcoin,50.6777,72000.7669,68723.7057,74772.8165,73690.9345,309.8172
1773831777859,73939.5225,35894346189.6527,2026-03-18 11:02:57.859,bitcoin,46.8247,72026.5306,68730.8203,74761.5012,73658.9705,299.8353
1773835386573,72953.7292,38024272600.0401,2026-03-18 12:03:06.573,bitcoin,34.4319,72048.9893,68735.3103,74932.4823,73389.5164,388.7566
1773838829830,72387.2869,39475902664.7968,2026-03-18 13:00:29.830,bitcoin,29.5864,72067.0653,68740.9022,75165.888,72980.8545,521.0967
1773842587741,72067.4025,40122931036.5214,2026-03-18 14:03:07.741,bitcoin,27.2538,72078.3245,68746.0211,75328.1436,72573.0413,658.4738
1773846170135,71297.8564,42037131136.7539,2026-03-18 15:02:50.135,bitcoin,22.6313,72082.3399,68751.2773,75536.7686,72025.599,853.0739
1773849738360,71518.8047,42633963110.397,2026-03-18 16:02:18.360,bitcoin,26.4866,72089.8364,68756.4,75608.8071,71654.2972,978.5447
1773853350113,71328.6141,44306635469.2222,2026-03-18 17:02:30.113,bitcoin,25.3171,72094.3831,68761.1294,75636.8688,71303.3997,1093.8679
1773856932278,71626.3066,44678866086.3449,2026-03-18 18:02:12.278,bitcoin,30.4905,72099.4609,68766.3803,75549.1011,71084.7072,1152.003
1773860634328,71026.6245,45202449171.9118,2026-03-18 19:03:54.328,bitcoin,26.5071,72101.8089,68770.7481,75545.3355,70759.8236,1232.0962
1773864179243,71074.6189,46062233794.4185,2026-03-18 20:02:59.243,bitcoin,27.3254,72104.4641,68774.3518,75537.4109,70482.5822,1293.1094
1773867766070,71238.1085,46761900874.0997,2026-03-18 21:02:46.070,bitcoin,30.1775,72107.9417,68777.7312,75487.6906,70270.6165,1322.9267
1773871212632,71292.5903,47215382182.0427,2026-03-18 22:00:12.632,bitcoin,31.1472,72111.2259,68781.4859,75372.6263,70105.7009,1326.9562
1773874972451,71136.5238,47044192685.8038,2026-03-18 23:02:52.451,bitcoin,29.8675,72115.6126,68784.6581,75189.6617,69966.4559,1344.1315
1773878574421,71256.6596,47403445162.9627,2026-03-19 00:02:54.421,bitcoin,32.1774,72121.885,68787.9916,74932.1386,69900.1775,1359.3848
1773882221975,70995.4921,46931616911.1616,2026-03-19 01:03:41.975,bitcoin,29.8739,72126.4834,68791.3355,74708.5364,69805.347,1380.1416
1773885748019,71140.2216,46854575241.7713,2026-03-19 02:02:28.019,bitcoin,32.7472,72134.2859,68794.5649,74485.1363,69748.0962,1372.3576
1773889417086,71052.2097,46440447377.9354,2026-03-19 03:03:37.086,bitcoin,31.8914,72144.6534,68798.1571,74222.9814,69719.2845,1340.2465
1773892943097,71225.1594,47144477706.4481,2026-03-19 04:02:23.097,bitcoin,35.4605,72155.2946,68802.0534,73929.4152,69746.3454,1275.6382
1773896640928,70844.7399,46936397347.1269,2026-03-19 05:04:00.928,bitcoin,31.5448,72164.0938,68805.7319,73550.0787,69806.5465,1231.1658
1773900151569,70830.7659,46450323343.8458,2026-03-19 06:02:31.569,bitcoin,31.4076,72172.2723,68809.1658,73028.4265,69994.8972,1186.8724
1773903641841,70551.5551,46772625461.7139,2026-03-19 07:00:41.841,bitcoin,28.7198,72178.665,68812.2116,72433.7081,70250.8188,1135.9046
1773907246552,70212.6671,49528797437.1367,2026-03-19 08:00:46.552,bitcoin,25.8305,72181.0075,68815.0864,72128.222,70282.1987,1086.7565
1773910841605,69971.3966,49655348530.4839,2026-03-19 09:00:41.605,bitcoin,23.9808,72181.5899,68817.7143,71989.1719,70179.6598,1010.0232
1773914582005,70492.2267,51933314924.1298,2026-03-19 10:03:02.005,bitcoin,34.8301,72184.7274,68821.4757,71824.5934,70186.7207,848.4307
1773918185773,70125.923,51828110782.5992,2026-03-19 11:03:05.773,bitcoin,31.4324,72183.0319,68824.6601,71838.4822,70055.6386,673.878
1773921612416,69934.9315,48718802050.7942,2026-03-19 12:00:12.416,bitcoin,29.8,72179.9895,68827.5028,71821.3073,69914.4262,600.7151
1773925312904,69298.8789,47515855652.6393,2026-03-19 13:01:52.904,bitcoin,25.1213,72173.4699,68829.1793,71914.3075,69618.4525,626.702
1773928998452,69891.6587,49962488649.4457,2026-03-19 14:03:18.452,bitcoin,35.3144,72173.1405,68833.3332,71816.6526,69542.6426,607.1754
1773932565270,69550.6301,48268153934.368,2026-03-19 15:02:45.270,bitcoin,32.5677,72173.0047,68836.3868,71831.3487,69380.3471,649.0476
1773936161830,69454.0895,47686685012.0382,2026-03-19 16:02:41.830,bitcoin,31.8133,72167.6677,68839.0724,71827.4922,69222.1506,676.7536
1773939734705,69446.0413,47995031568.1762,2026-03-19 17:02:14.705,bitcoin,31.7473,72161.9842,68842.1939,71775.3053,69095.1308,703.0303
1773943280111,69849.4411,47199237488.5883,2026-03-19 18:01:20.111,bitcoin,38.6226,72159.7796,68844.6645,71665.6029,69060.5183,680.0952
1773946888461,69818.76,46503474323.2519,2026-03-19 19:01:28.461,bitcoin,38.3066,72159.7029,68847.4822,71569.5147,69024.8301,683.768
1773950475027,70284.7923,47382132634.4167,2026-03-19 20:01:15.027,bitcoin,45.59,72158.5475,68851.0307,71442.4456,69054.7125,671.0469
1773954091143,70491.5688,45509076642.2865,2026-03-19 21:01:31.143,bitcoin,48.4954,72160.2978,68854.9857,71373.605,69073.1608,648.0107
1773957733786,70472.2944,45099989491.7381,2026-03-19 22:02:13.786,bitcoin,48.2369,72161.2579,68859.0985,71268.3289,69111.6441,618.8259
1773961392665,70147.4529,45515630962.804,2026-03-19 23:03:12.665,bitcoin,43.9807,72161.1311,68862.8052,71147.9,69141.5974,596.4937
1773964953623,69912.3285,46107534617.9777,2026-03-20 00:02:33.623,bitcoin,41.1505,72157.6588,68866.439,70954.5634,69203.6509,565.6445
1773968484282,70219.721,45555537648.4945,2026-03-20 01:01:24.282,bitcoin,46.0395,72150.1265,68870.7426,70853.6061,69242.1063,542.8871
1773972146061,70426.9407,46232212309.7264,2026-03-20 02:02:26.061,bitcoin,49.1087,72142.9296,68875.0871,70771.8112,69283.5186,508.6182
1773975751861,70435.7866,45677400636.1673,2026-03-20 03:02:31.861,bitcoin,49.2415,72138.6349,68879.0175,70751.2873,69292.4657,477.6908
1773979365249,70741.6641,45420686641.8793,2026-03-20 04:02:45.249,bitcoin,53.7348,72134.7017,68883.1441,70839.2627,69257.39,439.5832
1773982952298,70772.0312,44765464317.7474,2026-03-20 05:02:32.298,bitcoin,54.1686,72131.3664,68887.5355,70938.4971,69238.2191,434.753
1773986582763,70574.8456,45091983572.5717,2026-03-20 06:03:02.763,bitcoin,50.8356,72125.232,68891.3723,70951.1974,69233.7806,419.9313
1773990197343,70485.6783,45266852122.8268,2026-03-20 07:03:17.343,bitcoin,49.3567,72120.1038,68894.7027,70986.1376,69234.816,417.2507
1773993716348,70852.1648,43337463848.8369,2026-03-20 08:01:56.348,bitcoin,55.1341,72115.4958,68898.5359,71084.8995,69227.7774,442.7029
1773997217157,71037.6736,43242483764.0592,2026-03-20 09:00:17.157,bitcoin,57.7608,72111.0146,68902.5732,71159.954,69326.6023,476.0258
1774000989371,70559.1124,42626319227.1957,2026-03-20 10:03:09.371,bitcoin,49.6802,72102.2003,68906.4648,71188.2772,69365.0245,478.0237
1774004572336,70593.9437,42704638506.8957,2026-03-20 11:02:52.336,bitcoin,50.226,72090.9797,68910.9303,71186.0746,69471.5585,484.4018
1774008139928,70454.2283,42247523848.3227,2026-03-20 12:02:19.928,bitcoin,47.9781,72080.2469,68915.0812,71137.1141,69620.5328,482.7635
1774011766902,70314.3528,41170079622.1975,2026-03-20 13:02:46.902,bitcoin,45.7695,72065.3851,68919.418,71050.1561,69794.322,439.1818
1774015381935,69863.0879,39615721653.8285,2026-03-20 14:03:01.935,bitcoin,39.4585,72043.8572,68923.1769,71048.372,69797.4708,440.3253
1774018959855,69739.7081,40815816898.5159,2026-03-20 15:02:39.855,bitcoin,37.9191,72027.9126,68926.0609,71060.4358,69777.5018,428.2027
1774022589200,69824.3695,40072982962.9225,2026-03-20 16:03:09.200,bitcoin,39.6588,72015.995,68929.837,71086.215,69705.6803,402.7058
1774026226438,69848.2374,35863119519.2133,2026-03-20 17:03:46.438,bitcoin,40.1678,72003.6056,68933.5874,71092.1346,69635.4276,372.6582
1774029795951,69922.8053,39407041554.5717,2026-03-20 18:03:15.951,bitcoin,41.8192,71997.1433,68938.5977,71087.3169,69585.2964,368.8981
1774033402166,69731.4643,40435065357.4665,2026-03-20 19:03:22.166,bitcoin,38.8557,71989.1572,68943.5816,71108.1734,69522.8411,374.4918
1774036966274,70138.7419,38623672610.0139,2026-03-20 20:02:46.274,bitcoin,47.4001,71982.945,68948.9888,71102.4216,69551.2342,376.2897
1774040604070,70036.7968,38678532583.7237,2026-03-20 21:03:24.070,bitcoin,45.6794,71975.1159,68954.1522,71102.3728,69532.9905,378.4563
1774044123509,70525.6612,39214592412.3084,2026-03-20 22:02:03.509,bitcoin,54.2553,71971.4402,68959.8892,71111.2281,69534.0073,379.6916
1774047774633,70781.0836,38717875027.4309,2026-03-20 23:02:54.633,bitcoin,57.9873,71971.3627,68965.9225,71152.4038,69527.3613,390.6198
1774051244247,70511.0063,38388842925.5776,2026-03-21 00:00:44.247,bitcoin,53.0582,71968.6587,68971.601,71124.107,69532.5923,382.1662
1774054920626,70683.1308,37380938639.053,2026-03-21 01:02:00.626,bitcoin,55.6459,71968.6235,68976.9482,71110.6409,69537.1683,386.9935
1774058521755,70476.0082,36889940342.3973,2026-03-21 02:02:01.755,bitcoin,51.9357,71966.3387,68982.0224,71100.5567,69537.3688,387.4426
1774062130543,70717.0991,36892102751.0572,2026-03-21 03:02:10.543,bitcoin,55.643,71965.5114,68987.2768,71128.3416,69532.726,393.6933
1774065694320,70681.3117,36060540305.1556,2026-03-21 04:01:34.320,bitcoin,54.9653,71963.1556,68992.6941,71100.7046,69543.2777,391.4873
1774069368847,70633.2614,35334362495.7917,2026-03-21 05:02:48.847,bitcoin,54.014,71960.7393,68997.9661,71024.0563,69579.4848,386.4406
1774073291213,70715.8122,35533938216.08,2026-03-21 06:08:11.213,bitcoin,55.4408,71958.9805,69002.9651,71046.1463,69573.0648,390.6678
1774076821171,70743.5837,35720013308.5852,2026-03-21 07:07:01.171,bitcoin,55.9361,71959.5233,69007.9284,71067.9311,69566.2439,397.1857
1774080362765,70690.3913,34282030385.2401,2026-03-21 08:06:02.765,bitcoin,54.6823,71960.0522,69013.1441,71095.2624,69562.5289,390.3332
1774083755171,70582.0453,33680038431.2918,2026-03-21 09:02:35.171,bitcoin,52.1197,71960.0611,69018.3815,71116.4741,69568.0865,367.5905
1774087479250,70643.732,32567965552.7379,2026-03-21 10:04:39.250,bitcoin,53.4571,71960.6829,69023.7081,71133.3308,69629.2942,369.9287
1774091090480,70586.0315,32071639030.4387,2026-03-21 11:04:50.480,bitcoin,51.9942,71960.8623,69029.4141,71119.6313,69727.6261,369.7228
1774094644816,70635.8718,31623915132.2264,2026-03-21 12:04:04.816,bitcoin,53.1859,71960.3937,69035.1676,71108.4253,69819.9823,373.395
1774098231910,70705.5233,30559888157.596,2026-03-21 13:03:51.910,bitcoin,54.8719,71960.2816,69041.8505,71093.1023,69921.0339,379.0781
1774101878273,70722.7359,28718326874.1268,2026-03-21 14:04:38.273,bitcoin,55.3004,71959.3289,69047.8606,71074.3853,70019.7439,367.3243
1774105255748,70590.5258,26849232887.8562,2026-03-21 15:00:55.748,bitcoin,51.2737,71959.1545,69053.7338,70961.5338,70218.5015,337.8653
1774109036838,70642.8192,25647096309.7552,2026-03-21 16:03:56.838,bitcoin,52.7395,71959.3965,69059.7641,70923.9463,70306.4968,310.7533
1774112458035,70287.0222,24300327551.1568,2026-03-21 17:00:58.035,bitcoin,43.2141,71957.0268,69065.3027,70849.7975,70405.6681,282.5031
1774116298389,70312.7051,23701910268.2487,2026-03-21 18:04:58.389,bitcoin,44.0003,71955.2094,69069.9277,70875.2013,70358.9688,256.9625
1774119955596,70407.7683,22550366684.2549,2026-03-21 19:05:55.596,bitcoin,46.9294,71953.5292,69074.6445,70860.3619,70336.4766,194.9184
1774123396225,70377.0984,21893678010.9428,2026-03-21 20:03:16.225,bitcoin,46.0918,71951.5885,69079.2075,70868.677,70314.7708,177.8199
1774126820253,70447.5346,21329543963.5196,2026-03-21 21:00:20.253,bitcoin,48.3709,71949.2811,69084.1363,70860.3634,70299.5247,139.9708
1774130627860,70340.2896,20775519187.453,2026-03-21 22:03:47.860,bitcoin,45.235,71946.4867,69088.8935,70869.4302,70276.886,148.3922
1774134202603,70292.2639,20492383219.8202,2026-03-21 23:03:22.603,bitcoin,43.8637,71943.9182,69093.5263,70864.3404,70239.4923,153.0329
1774137944520,68412.675,23561855465.886,2026-03-22 00:05:44.520,bitcoin,19.2572,71927.7857,69095.1721,71417.2918,69459.6772,464.4427
1774141204248,68897.2676,25450707632.6183,2026-03-22 01:00:04.248,bitcoin,30.1385,71915.1512,69097.4636,71532.9593,69170.4104,561.9634
1774145062478,68943.0933,26457580828.9496,2026-03-22 02:04:22.478,bitcoin,31.0843,71901.9364,69099.8296,71579.9742,68946.1236,635.0237
1774148646477,69304.7972,26808862428.8018,2026-03-22 03:04:06.477,bitcoin,38.1967,71889.1759,69102.5657,71551.6454,68830.5737,662.7796
1774152188127,69329.9973,27656531275.2212,2026-03-22 04:03:08.127,bitcoin,38.6716,71876.695,69105.4786,71512.6932,68733.4865,683.8125
1774155827146,69320.0016,26667933298.1365,2026-03-22 05:03:47.146,bitcoin,38.5451,71863.4798,69107.635,71474.8842,68645.0912,701.4982
1774159402229,69141.5997,27226851382.044,2026-03-22 06:03:22.229,bitcoin,36.2647,71848.9838,69109.443,71427.0682,68542.6939,720.9675
1774162985897,69146.8472,26733435412.9357,2026-03-22 07:03:05.897,bitcoin,36.3839,71835.245,69111.3048,71371.4742,68454.3694,732.407
1774166622369,68908.1696,27113439586.3006,2026-03-22 08:03:42.369,bitcoin,33.3301,71820.1209,69112.7735,71308.0561,68345.0174,752.7843
1774170256860,68795.5506,27480035581.6124,2026-03-22 09:04:16.860,bitcoin,31.9667,71803.2108,69113.6383,71219.8238,68242.2524,776.2952
1774173800891,68817.5344,27686745427.5004,2026-03-22 10:03:20.891,bitcoin,32.5468,71785.2945,69114.8975,71102.1988,68169.3573,787.901
1774177390944,68653.9971,27717145968.841,2026-03-22 11:03:10.944,bitcoin,30.4659,71766.5867,69116.7131,70996.1264,68081.7768,803.3828
1774181039071,68211.0812,28602375696.7178,2026-03-22 12:03:59.071,bitcoin,25.6775,71744.9308,69117.6976,70891.5316,67943.1978,835.8499
1774184485142,68651.1898,28679891612.708,2026-03-22 13:01:25.142,bitcoin,36.378,71727.2802,69120.3317,70789.0353,67882.1108,825.5509
1774188084242,68722.9633,29076645139.2636,2026-03-22 14:01:24.242,bitcoin,37.947,71710.4076,69122.5831,70660.1446,67852.0274,801.5322
1774191770081,68698.6201,28923033271.0358,2026-03-22 15:02:50.081,bitcoin,37.6082,71693.0808,69124.1662,70489.3582,67851.8989,777.8309
1774195350607,68821.7089,27478416199.7639,2026-03-22 16:02:30.607,bitcoin,40.5007,71677.1907,69125.6099,70296.2254,67889.4927,736.7851
1774198951599,68813.3002,28431639062.334,2026-03-22 17:02:31.599,bitcoin,40.363,71661.6117,69127.3193,70045.5481,67976.7466,712.0974
1774202608917,68704.7355,28439653557.426,2026-03-22 18:03:28.917,bitcoin,38.5415,71643.0026,69128.408,69771.2059,68087.5334,681.8154
1774206009569,68572.3589,28457985019.3197,2026-03-22 19:00:09.569,bitcoin,36.3854,71626.233,69129.727,69420.525,68266.2238,638.9207
1774209608644,68181.2047,29830661846.5432,2026-03-22 20:00:08.644,bitcoin,30.8869,71606.1387,69130.3944,69450.8004,68212.8014,603.8845
1774213420720,68179.8475,29244358934.138,2026-03-22 21:03:40.720,bitcoin,30.8694,71584.823,69130.9575,69475.757,68116.1028,542.7355
1774216974774,67836.0066,31045925314.6052,2026-03-22 22:02:54.774,bitcoin,26.7505,71559.5586,69130.6714,69534.2176,67946.9335,494.5682
1774220523024,68296.863,32354894454.7885,2026-03-22 23:02:03.024,bitcoin,38.5798,71532.8537,69131.0821,69461.8104,67918.5473,390.775
1774224204479,67848.8761,30380203636.6111,2026-03-23 00:03:24.479,bitcoin,33.0007,71503.3876,69131.1294,69411.838,67820.4076,425.6558
1774227759135,67684.18,28478473981.0295,2026-03-23 01:02:39.135,bitcoin,31.2136,71474.3647,69130.7767,69359.5698,67709.0936,470.8283
1774231345842,67914.6216,28419203944.7722,2026-03-23 02:02:25.842,bitcoin,36.4031,71445.561,69130.6707,69290.917,67655.0486,489.3697
1774234921857,68291.6233,28926028468.0333,2026-03-23 03:02:01.857,bitcoin,43.8646,71420.1222,69131.5811,69190.1308,67670.3125,469.8225
1774238519904,68061.7563,27835597062.3994,2026-03-23 04:01:59.904,bitcoin,40.7271,71386.8099,69131.9513,69130.7093,67645.0926,450.8962
1774242110399,68505.5553,27989377540.6822,2026-03-23 05:01:50.399,bitcoin,48.4009,71354.9265,69132.8849,69094.8277,67651.9747,416.7524
1774245736176,68856.3311,29294013295.1948,2026-03-23 06:02:16.176,bitcoin,53.5227,71323.3729,69134.3921,69101.7256,67648.9565,400.7491
1774249310693,67813.6116,30889536819.9542,2026-03-23 07:01:50.693,bitcoin,40.6163,71287.946,69134.3616,69087.0791,67579.5644,394.5709
1774252948385,68302.0288,33234107122.3878,2026-03-23 08:02:28.385,bitcoin,47.0564,71257.0891,69134.7346,69089.7167,67586.0216,380.4485
1774256533964,68433.42,33186652713.5358,2026-03-23 09:02:13.964,bitcoin,48.6691,71229.0835,69135.1501,69066.5701,67587.3912,370.5013
1774260169610,68248.6591,33454501955.8605,2026-03-23 10:02:49.610,bitcoin,46.523,71199.2581,69135.2372,69020.6282,67585.9027,358.6132
1774263780576,68533.5669,33713344723.4074,2026-03-23 11:03:00.576,bitcoin,50.1718,71168.2977,69135.8658,68997.639,67592.3866,354.9402
1774267376980,70090.8563,43268667480.6687,2026-03-23 12:02:56.980,bitcoin,64.4498,71147.6134,69138.5226,69391.478,67325.4623,501.973
1774270951406,70658.8968,45955775020.7141,2026-03-23 13:02:31.406,bitcoin,68.0466,71128.6585,69141.8896,69882.5535,67018.9464,678.5349
1774274597746,71413.4736,48129853971.0969,2026-03-23 14:03:17.746,bitcoin,72.0866,71113.147,69146.0085,70514.7442,66657.6295,901.9391
1774278207114,71453.4656,50638901723.8361,2026-03-23 15:03:27.114,bitcoin,72.2866,71101.2856,69149.9378,71028.1858,66432.2986,1072.25
1774281794826,70123.7422,52798286154.5912,2026-03-23 16:03:14.826,bitcoin,57.5278,71082.5943,69152.4671,71187.6425,66467.0957,1109.394
1774285419326,70539.9508,54788892303.4724,2026-03-23 17:03:39.326,bitcoin,60.2626,71063.3986,69155.4324,71398.5191,66492.2294,1165.9148
1774289023051,71069.3453,55487352805.0935,2026-03-23 18:03:43.051,bitcoin,63.4834,71046.227,69158.9166,71670.1421,66543.9403,1249.4858
1774292633045,71049.752,56428822686.5333,2026-03-23 19:03:53.045,bitcoin,63.279,71028.9195,69162.4302,71912.503,66576.8683,1317.0421
1774296266620,70673.8433,56962659101.1408,2026-03-23 20:04:26.620,bitcoin,59.3315,71009.3691,69165.7483,72042.3012,66729.5668,1342.9364
1774299816033,70898.5099,55691958016.3324,2026-03-23 21:03:36.033,bitcoin,60.9014,70989.5672,69169.2842,72160.3359,66932.9651,1370.8872
1774303408929,70871.4954,54920108436.8727,2026-03-23 22:03:28.929,bitcoin,60.5985,70968.3331,69173.3402,72256.1849,67132.8034,1372.384
1774307025953,70754.1129,54491676934.794,2026-03-23 23:03:45.953,bitcoin,59.2202,70944.7422,69177.1949,72334.0785,67301.1589,1378.0443
1774310581550,70892.8282,52502731112.0362,2026-03-24 00:03:01.550,bitcoin,60.3674,70921.1391,69181.3593,72381.3665,67536.978,1359.0531
1774314191859,70691.2096,52521435013.0935,2026-03-24 01:03:11.859,bitcoin,57.8213,70894.4609,69184.9399,72414.4791,67722.4308,1309.5113
1774317773654,70497.7838,51813008521.6747,2026-03-24 02:02:53.654,bitcoin,55.4069,70863.8977,69188.5709,72435.238,67865.8172,1256.681
1774321226282,70429.8209,51504807617.5963,2026-03-24 03:00:26.282,bitcoin,54.5451,70835.5189,69191.934,72299.9568,68262.7193,1215.5118
1774324973422,70505.5356,51476243940.0888,2026-03-24 04:02:53.422,bitcoin,55.3778,70812.18,69195.4682,72195.0619,68587.9649,1150.8611
1774328617094,70367.8675,50727489915.499,2026-03-24 05:03:37.094,bitcoin,53.4601,70788.8964,69198.8319,72053.0527,68923.4188,1103.7006
1774332095299,70252.4531,50183691416.2136,2026-03-24 06:01:35.299,bitcoin,51.8393,70766.5616,69201.9234,71778.5844,69398.2666,1069.8086
1774335726833,70502.1356,46005550462.5491,2026-03-24 07:02:06.833,bitcoin,55.0166,70745.263,69205.4183,71418.1035,69955.6043,943.4193
1774339306399,71285.5542,50773513789.1541,2026-03-24 08:01:46.399,bitcoin,63.2164,70727.6088,69210.0506,71468.4605,70024.7172,861.3902
1774342894519,70926.0523,49500935566.546,2026-03-24 09:01:34.519,bitcoin,57.9923,70708.1979,69214.0599,71484.7144,70035.1788,754.2249
1774346477550,71299.668,48123931778.9264,2026-03-24 10:01:17.550,bitcoin,61.5486,70692.5326,69218.4771,71459.9469,70048.5657,592.7426
1774350100911,71237.8422,49479205780.7294,2026-03-24 11:01:40.911,bitcoin,60.6338,70677.7161,69222.7039,71411.7016,70075.2487,395.7089
1774353713259,71110.0781,37642318527.3456,2026-03-24 12:01:53.259,bitcoin,58.6925,70660.2166,69227.1185,71414.7757,70170.8082,373.7049
1774357314402,70930.5989,38476133232.2542,2026-03-24 13:01:54.402,bitcoin,55.9809,70643.6339,69231.6999,71425.7982,70198.8505,372.9569
1774360878048,70039.6438,38685965806.4909,2026-03-24 14:01:18.048,bitcoin,44.8931,70622.0548,69235.3415,71447.8199,70073.8586,383.828
1774364513516,69903.3682,37149463460.2931,2026-03-24 15:01:53.516,bitcoin,43.4747,70595.454,69238.4505,71471.0861,69935.954,393.554
1774368104685,69872.599,34861619106.2448,2026-03-24 16:01:44.685,bitcoin,43.1433,70571.2524,69241.5962,71512.3675,69814.5482,412.4874
1774371698079,69442.9698,37174900611.5851,2026-03-24 17:01:38.079,bitcoin,38.706,70543.2948,69244.5195,71583.8223,69597.5394,484.527
1774375299369,69179.3572,38407200909.3836,2026-03-24 18:01:39.369,bitcoin,36.243,70511.4875,69246.9798,71663.7838,69348.3641,560.3873
1774378859322,69417.8802,38899580123.7095,2026-03-24 19:00:59.322,bitcoin,39.9656,70480.1295,69249.7806,71683.0329,69195.4917,597.1021
1774382512338,69296.7039,38329113526.3903,2026-03-24 20:01:52.338,bitcoin,38.7284,70449.0894,69252.4587,71679.0897,69039.8225,643.9336
1774386070241,70036.2913,39072656733.8024,2026-03-24 21:01:10.241,bitcoin,49.0874,70422.1806,69255.864,71644.2908,69009.1296,641.3995
1774389695855,70259.2359,40124400733.566,2026-03-24 22:01:35.855,bitcoin,51.7364,70395.8016,69259.4823,71630.2701,68999.2954,634.2155
1774393302313,70327.5697,40417474350.0393,2026-03-24 23:01:42.313,bitcoin,52.5513,70372.0781,69263.2913,71624.1238,68995.2166,629.247
1774396901189,70524.5118,40395077210.9571,2026-03-25 00:01:41.189,bitcoin,54.9139,70351.8295,69268.5274,71625.6641,68995.574,620.1821
1774400477409,70847.8885,41575167956.6374,2026-03-25 01:01:17.409,bitcoin,58.5625,70333.9302,69277.434,71670.3279,68998.9122,624.7666
1774404116680,70709.0455,41073530281.6236,2026-03-25 02:01:56.680,bitcoin,56.4503,70313.7912,69285.6981,71702.336,69012.5633,628.36
1774407721664,70485.9526,40362224312.6446,2026-03-25 03:02:01.664,bitcoin,53.134,70290.7397,69293.401,71701.1971,69012.0839,628.7251
1774411297522,70696.8204,41714487378.8816,2026-03-25 04:01:37.522,bitcoin,55.7784,70268.1334,69301.5979,71613.6465,69040.7612,631.7886
1774414916714,70916.7798,35617706656.9609,2026-03-25 05:01:56.714,bitcoin,58.4143,70248.7105,69309.7596,71612.3257,69041.1548,641.4562
1774418407649,71082.7517,41691381622.8097,2026-03-25 06:00:07.649,bitcoin,60.3355,70231.663,69317.1626,71571.7815,69060.0073,655.6187
1774422052573,71012.751,42052291498.045,2026-03-25 07:00:52.573,bitcoin,59.0955,70214.1087,69324.2083,71530.9636,69078.3161,666.2444
1774425681741,70899.6654,40169490025.9099,2026-03-25 08:01:21.741,bitcoin,57.0554,70196.3078,69331.4701,71495.9895,69092.2489,649.6978
1774429249017,71240.6034,40546797052.9976,2026-03-25 09:00:49.017,bitcoin,61.3837,70179.668,69338.2189,71551.262,69067.9768,663.0558
1774432879756,71326.3199,41107761315.5311,2026-03-25 10:01:19.756,bitcoin,62.4095,70162.7784,69345.1759,71684.4034,69063.5031,664.5635
1774436545739,71494.8304,40802458612.9323,2026-03-25 11:02:25.739,bitcoin,64.411,70148.2266,69352.5529,71831.5449,69075.5078,679.7093
1774440151946,71651.0301,41739064993.2673,2026-03-25 12:02:31.946,bitcoin,66.2071,70140.4725,69360.0187,71986.9598,69097.936,710.4569
1774443737052,71682.9855,42385410026.3259,2026-03-25 13:02:17.052,bitcoin,66.5788,70136.2802,69367.722,72087.9175,69220.9799,746.7338
1774447372972,71631.7223,40257885744.3164,2026-03-25 14:02:52.972,bitcoin,65.3374,70133.6869,69375.6629,72100.1412,69453.9927,772.9729
1774450945657,71291.0095,37910000209.1901,2026-03-25 15:02:25.657,bitcoin,57.6449,70133.6461,69383.503,72053.4276,69688.0193,771.9937
1774454511937,70843.1404,40079656678.8491,2026-03-25 16:01:51.937,bitcoin,49.4098,70129.6243,69391.0883,71885.872,70010.2184,755.3625
1774458215970,71310.276,40923162968.4054,2026-03-25 17:03:35.970,bitcoin,56.4053,70129.5151,69400.1993,71862.1984,70161.2905,717.7361
1774461768127,70743.1297,39683819675.4732,2026-03-25 18:02:48.127,bitcoin,47.7688,70124.2581,69408.6857,71824.677,70247.2014,634.448
1774465413507,70762.8852,38293537380.5178,2026-03-25 19:03:33.507,bitcoin,48.0671,70122.6883,69417.6449,71788.9823,70326.4276,560.0669
1774468999649,70803.5221,38159442337.8094,2026-03-25 20:03:19.649,bitcoin,48.7159,70121.0746,69426.4368,71771.6918,70371.6191,448.4141
1774472626701,70982.1484,38375513823.6022,2026-03-25 21:03:46.701,bitcoin,51.5795,70119.551,69435.3424,71772.2406,70384.4963,404.9105
1774476009804,71003.381,37763915473.1732,2026-03-25 22:00:09.804,bitcoin,51.9231,70117.8295,69444.0701,71767.2046,70418.9658,374.6577
1774479784847,71343.1229,37379598194.4027,2026-03-25 23:03:04.847,bitcoin,57.1619,70119.0593,69453.3721,71757.1292,70514.7583,350.6614
1774483393778,71309.264,36566429238.8004,2026-03-26 00:03:13.778,bitcoin,56.5011,70119.3724,69462.2162,71757.8041,70575.3278,335.4386
1774486957036,71235.4185,32626035244.9139,2026-03-26 01:02:37.036,bitcoin,55.0076,70120.8005,69472.077,71763.0293,70601.9664,332.7802
1774490537196,71245.7977,36016345408.4162,2026-03-26 02:02:17.196,bitcoin,55.1869,70121.429,69482.0487,71769.9277,70611.3727,323.0877
1774494256276,70866.9647,35559592822.8588,2026-03-26 03:04:16.276,bitcoin,47.7129,70120.3263,69492.1973,71774.9475,70591.7742,298.778
1774497802041,70865.8328,34651804020.8805,2026-03-26 04:03:22.041,bitcoin,47.6922,70118.1875,69502.6671,71776.6747,70586.6638,289.7158
1774501223783,70754.1402,35262570825.5258,2026-03-26 05:00:23.783,bitcoin,45.5822,70117.6482,69513.3405,71779.8624,70534.8298,297.1591
1774505012766,69976.5247,35109880244.6393,2026-03-26 06:03:32.766,bitcoin,34.2287,70112.5634,69522.9621,71891.3951,70288.3175,380.6448
1774508579937,70065.3951,35493086656.9402,2026-03-26 07:02:59.937,bitcoin,36.185,70109.6696,69532.5674,71912.3281,70124.441,434.7977
1774512136009,70060.468,36138608974.0289,2026-03-26 08:02:16.009,bitcoin,36.1208,70108.7637,69541.8463,71875.5041,70002.2088,479.3286
1774515725228,69983.7105,33776814321.0231,2026-03-26 09:02:05.228,bitcoin,35.0776,70108.837,69551.241,71813.1365,69894.6489,521.0704
1774519325496,69565.283,35963513005.3717,2026-03-26 10:02:05.496,bitcoin,29.9921,70103.3194,69559.9758,71793.9049,69707.2366,588.1061
1774522962155,69461.6406,36457392815.1364,2026-03-26 11:02:42.155,bitcoin,28.8755,70099.3654,69568.6619,71811.8961,69506.3085,641.8758
1774526576387,69258.3869,35263557524.4296,2026-03-26 12:02:56.387,bitcoin,26.7704,70095.3383,69577.392,71879.6515,69280.0778,689.5967
1774530160282,69416.1116,36388412741.423,2026-03-26 13:02:40.282,bitcoin,30.9756,70096.0361,69586.4341,71833.389,69136.9237,705.6295
1774533744361,69530.43,38836547709.1769,2026-03-26 14:02:24.361,bitcoin,33.9367,70093.886,69594.8834,71828.806,69020.2368,704.4568
1774537429908,69462.8187,39916957463.1867,2026-03-26 15:03:49.908,bitcoin,33.0341,70093.3633,69602.522,71814.5748,68904.4614,717.1211
1774540929547,69052.3667,43157062641.8559,2026-03-26 16:02:09.547,bitcoin,28.1408,70090.9721,69609.1866,71817.5429,68726.3777,766.15
1774544545087,68886.0576,43902425237.2983,2026-03-26 17:02:25.087,bitcoin,26.4323,70087.6388,69615.6738,71788.3163,68545.9952,797.0035
1774548124516,68460.0406,45208451212.8388,2026-03-26 18:02:04.516,bitcoin,22.6405,70079.3686,69621.2753,71773.9062,68306.0713,871.6377
1774551824798,68432.8902,46822821441.2093,2026-03-26 19:03:44.798,bitcoin,22.4197,70071.1194,69626.8162,71654.7886,68134.1656,931.7327
1774555353024,68575.6162,47661512221.9019,2026-03-26 20:02:33.024,bitcoin,26.4779,70060.9457,69632.5386,71481.6052,68033.9842,967.2608
1774558982668,68949.5315,51119565185.1561,2026-03-26 21:03:02.668,bitcoin,35.9329,70051.7669,69639.3495,71260.0564,68026.9444,965.7267
1774562504418,68888.275,51634617960.452,2026-03-26 22:01:44.418,bitcoin,35.1358,70042.3382,69645.9805,70994.7314,68056.5171,957.7735
1774566177028,68826.3069,51546662578.67,2026-03-26 23:02:57.028,bitcoin,34.3066,70034.4743,69652.5808,70785.4295,68061.7532,920.6583
1774569713681,68791.1109,52234708975.604,2026-03-27 00:01:53.681,bitcoin,33.8184,70027.8003,69658.9107,70534.5785,68105.132,873.1827
1774573321307,68712.9851,52353811583.8593,2026-03-27 01:02:01.307,bitcoin,32.7059,70018.8317,69662.7587,70264.7517,68170.8433,819.0071
1774576918450,68987.916,53159160153.451,2026-03-27 02:01:58.450,bitcoin,40.1654,70010.2661,69667.0559,70159.2128,68177.5213,735.6293
1774580550629,68861.1834,50050128298.0217,2026-03-27 03:02:30.629,bitcoin,38.0705,70000.8934,69671.8769,70016.5697,68199.7433,674.2386
1774584105099,68732.8739,49985524310.787,2026-03-27 04:01:45.099,bitcoin,36.022,69988.9363,69676.4388,69850.7127,68232.8408,598.806
1774587610314,68544.8314,51787207422.4786,2026-03-27 05:00:10.314,bitcoin,33.2023,69975.6792,69681.5281,69680.9002,68258.7654,520.11
1774591342784,68584.5762,51232743603.3412,2026-03-27 06:02:22.784,bitcoin,34.3716,69963.8324,69686.6707,69595.1648,68246.4301,500.6111
1774594952479,68614.7354,45307673750.4625,2026-03-27 07:02:32.479,bitcoin,35.2972,69952.6958,69691.6671,69517.069,68239.8355,463.5635
1774598541043,68433.296,47336464628.1188,2026-03-27 08:02:21.043,bitcoin,32.342,69938.2978,69695.7317,69478.9035,68195.4919,423.0088
1774602128660,67896.7226,50374359769.1401,2026-03-27 09:02:08.660,bitcoin,25.5336,69919.6016,69698.9993,69467.324,68055.1324,417.6505
1774605725619,67666.1038,50024775603.0357,2026-03-27 10:02:05.619,bitcoin,23.2665,69902.3813,69702.1695,69433.0867,67902.9372,458.4887
1774609352756,66462.1133,49485124653.426,2026-03-27 11:02:32.756,bitcoin,15.5195,69877.7871,69703.6294,69676.4891,67359.4641,640.8095
1774612878669,66666.3732,51709948149.7675,2026-03-27 12:01:18.669,bitcoin,20.3641,69855.2403,69704.4702,69782.0764,67015.2775,746.6342
1774616517509,66589.4846,52118148677.9359,2026-03-27 13:01:57.509,bitcoin,19.9014,69833.0685,69704.9493,69854.8922,66712.8044,824.5584
1774620157380,66110.9186,53507231986.8978,2026-03-27 14:02:37.380,bitcoin,17.2713,69810.7342,69703.7814,69996.9963,66335.7881,918.4072
1774623672138,66166.5525,54188151906.8591,2026-03-27 15:01:12.138,bitcoin,18.6178,69789.4654,69702.0472,70074.3165,66031.8342,981.2058
1774627301235,66084.9735,54288914175.0751,2026-03-27 16:01:41.235,bitcoin,18.1513,69767.2071,69699.007,70106.4913,65750.5951,1048.792
1774630911354,65931.4364,56032321309.0306,2026-03-27 17:01:51.354,bitcoin,17.2739,69743.8928,69695.2312,70067.0866,65488.1903,1116.2276
1774634553036,65604.1537,56486298197.9196,2026-03-27 18:02:33.036,bitcoin,15.5487,69718.1865,69690.0421,70028.3491,65198.5157,1204.3916
1774638116668,65817.9582,53914008089.1312,2026-03-27 19:01:56.668,bitcoin,21.093,69694.8918,69685.5518,69931.183,64994.8469,1261.2512
1774641715474,66036.205,54512163370.6973,2026-03-27 20:01:55.474,bitcoin,26.4044,69670.472,69681.2109,69789.0773,64861.462,1289.7033
1774645269262,65978.7624,52839758478.4036,2026-03-27 21:01:09.262,bitcoin,25.91,69646.317,69677.0443,69632.5417,64744.5753,1295.2651
1774648898706,66021.4579,51735150360.388,2026-03-27 22:01:38.706,bitcoin,27.004,69619.5063,69673.6828,69387.5623,64692.909,1289.799
1774652422388,65981.9738,48649108120.6045,2026-03-27 23:00:22.388,bitcoin,26.6126,69590.9402,69670.9431,69129.6263,64662.924,1277.7638
1774656108123,66327.6674,49030607952.543,2026-03-28 00:01:48.123,bitcoin,35.4346,69566.0393,69668.1333,68854.4881,64697.5415,1244.5777
1774659725818,66382.8325,49615345303.3017,2026-03-28 01:02:05.818,bitcoin,36.7415,69540.4423,69665.5258,68585.8525,64749.9772,1204.9427
1774663307482,66067.4648,49648230730.5058,2026-03-28 02:01:47.482,bitcoin,32.6703,69514.201,69662.4687,68260.348,64823.7705,1143.4862
1774666933976,65995.9658,48173684395.2118,2026-03-28 03:02:13.976,bitcoin,31.8098,69486.099,69659.3957,67854.86,64967.3816,1077.3242
1774670473119,66167.6118,46640478311.4551,2026-03-28 04:01:13.119,bitcoin,36.1575,69459.2317,69656.034,67405.5688,65190.1044,999.503
1774674103758,66189.6559,47588042246.4279,2026-03-28 05:01:43.758,bitcoin,36.7155,69432.7817,69652.9172,67042.5333,65382.4332,920.1228
1774677770598,66307.0991,47228251142.9417,2026-03-28 06:02:50.598,bitcoin,39.7378,69406.5394,69650.3179,66644.235,65644.831,815.2264
1774681361612,66363.7734,46411879242.3919,2026-03-28 07:02:41.612,bitcoin,41.1972,69380.4691,69648.2545,66628.5406,65650.6915,676.5479
1774684971907,66516.2738,45560019846.3881,2026-03-28 08:02:51.907,bitcoin,45.0533,69355.6231,69646.2531,66592.2214,65672.0008,519.1034
1774688564620,66350.4198,42472255666.5587,2026-03-28 09:02:44.620,bitcoin,41.8398,69330.4349,69643.1681,66543.0332,65697.2824,393.8864
1774692183789,66263.6321,42875478666.0668,2026-03-28 10:03:03.789,bitcoin,40.223,69304.3629,69640.3408,66555.2163,65700.3707,251.6367
1774695755027,66178.9299,39751296356.0293,2026-03-28 11:02:35.027,bitcoin,38.6532,69278.1301,69637.7649,66556.0936,65700.7311,244.5034
1774699350566,66303.9281,37502121918.3225,2026-03-28 12:02:30.566,bitcoin,42.2361,69252.3447,69635.1722,66573.1983,65705.5218,222.7996
1774702959960,66415.8389,36319833696.9346,2026-03-28 13:02:39.960,bitcoin,45.3154,69226.8109,69633.0945,66602.3408,65724.8196,210.5885
1774706563374,66770.2555,35263417109.4684,2026-03-28 14:02:43.374,bitcoin,53.7283,69203.2842,69631.8198,66657.6975,65786.0731,245.5664
1774710134949,66707.1537,31379413484.637,2026-03-28 15:02:14.949,bitcoin,52.1888,69180.1689,69630.8758,66709.6184,65823.0717,268.3918
1774713701933,66946.6353,29964724717.0048,2026-03-28 16:01:41.933,bitcoin,57.2009,69158.1678,69631.2995,66831.6439,65792.0892,307.3425
1774717340045,66874.7775,28249465420.3996,2026-03-28 17:02:20.045,bitcoin,55.3267,69137.8568,69631.3584,66907.4142,65805.9205,326.6208
1774720848596,66803.08,27865190072.9615,2026-03-28 18:00:48.596,bitcoin,53.4451,69116.9662,69630.6352,66956.6375,65834.8594,311.0685
1774724499985,66879.9538,25469677591.6882,2026-03-28 19:01:39.985,bitcoin,55.2042,69095.9673,69629.6562,67005.6094,65875.6855,311.5295
1774728020090,66851.1417,25418744356.8647,2026-03-28 20:00:20.090,bitcoin,54.3749,69074.9795,69628.917,67056.3887,65877.2536,318.1383
1774731726850,66894.758,24616083500.5773,2026-03-28 21:02:06.850,bitcoin,55.4656,69053.832,69628.1479,67109.0084,65875.8265,320.1036
1774735329384,66645.1518,24429816652.9796,2026-03-28 22:02:09.384,bitcoin,48.3434,69031.8371,69626.8776,67109.0056,65933.598,309.7902
1774738933564,66694.1398,22937937614.8184,2026-03-28 23:02:13.564,bitcoin,49.7083,69010.4197,69625.8121,67095.9329,66016.488,295.1658
1774742442590,66321.0654,23637115348.5244,2026-03-29 00:00:42.590,bitcoin,40.8549,68997.9697,69624.5597,67085.3443,66042.4221,295.3323
1774746121074,66412.9505,24466009064.8728,2026-03-29 01:02:01.074,bitcoin,43.5229,68983.1821,69623.2615,67073.0138,66077.082,294.8965
1774749618934,66521.4894,24619448095.4069,2026-03-29 02:00:18.934,bitcoin,46.5879,68968.7678,69622.1377,67069.2183,66102.3165,280.3663
1774753403935,66735.3884,23386636228.3255,2026-03-29 03:03:23.935,bitcoin,52.1045,68953.4737,69620.912,67080.7564,66127.9399,260.7137
1774756928014,66860.3057,23894458163.7033,2026-03-29 04:02:08.014,bitcoin,55.0258,68938.7731,69619.6955,67108.7178,66134.3817,255.2343
1774760651134,66683.7129,23720872437.9864,2026-03-29 05:04:11.134,bitcoin,50.3503,68923.0809,69618.2541,67109.6934,66166.7355,242.3761
1774764148603,66741.2198,23422983475.4924,2026-03-29 06:02:28.603,bitcoin,51.787,68908.7929,69616.9723,67102.6289,66221.5588,236.0004
1774767653805,66688.6204,22800725038.5262,2026-03-29 07:00:53.805,bitcoin,50.3518,68894.1606,69615.5761,67068.2679,66306.8888,230.2712
1774771427213,66630.8289,22736889728.8878,2026-03-29 08:03:47.213,bitcoin,48.7532,68880.605,69613.7597,67043.132,66364.7147,229.0487
1774774960670,66674.9745,22369642999.2235,2026-03-29 09:02:40.670,bitcoin,50.0576,68867.9826,69612.7959,67029.8659,66403.8944,221.1262
1774778601069,66581.3507,22452030252.1107,2026-03-29 10:03:21.069,bitcoin,47.3074,68854.672,69612.7237,67024.7787,66390.0912,206.261
1774782072480,66469.4796,21966668103.9456,2026-03-29 11:01:12.480,bitcoin,44.1837,68841.6689,69613.1843,67029.4175,66361.6849,184.2017
1774785788212,66774.3216,22876590707.2649,2026-03-29 12:03:08.212,bitcoin,53.2436,68833.1167,69614.392,67002.8502,66371.0208,167.7142
1774789314842,66794.3032,23292513574.4717,2026-03-29 13:01:54.842,bitcoin,53.7733,68822.0638,69615.1384,66991.1097,66374.7139,158.2658
1774792883439,66517.1598,22671544856.6281,2026-03-29 14:01:23.439,bitcoin,45.9913,68808.9341,69615.768,66979.7028,66357.5288,162.2188
1774794421000,66525.0909,22638325106.0401,2026-03-29 14:27:01.000,bitcoin,46.2311,68795.9964,69616.3399,66952.042,66349.7033,165.8899
1767020456591,2925.0724,26479038655.2956,2025-12-29 15:00:56.591,ethereum,,,,,,
1767024067470,2933.2187,27257476950.4653,2025-12-29 16:01:07.470,ethereum,,,,,,
1767027739745,2934.6544,27760153545.5875,2025-12-29 17:02:19.745,ethereum,,,,,,
1767031255682,2939.4761,28124517340.3244,2025-12-29 18:00:55.682,ethereum,,,,,,
1767035051896,2916.2901,27931517947.566,2025-12-29 19:04:11.896,ethereum,,,,,,
1767038515063,2927.7187,27423352814.2958,2025-12-29 20:01:55.063,ethereum,,,,,,
1767042107056,2927.3165,28133947669.6863,2025-12-29 21:01:47.056,ethereum,,,,,,
1767045727848,2932.4096,27868786580.6155,2025-12-29 22:02:07.848,ethereum,,,,,,
1767049213375,2935.569,28244630729.4285,2025-12-29 23:00:13.375,ethereum,,,,,,
1767052969811,2934.3563,28082271198.7189,2025-12-30 00:02:49.811,ethereum,,,,,,
1767056490668,2934.4062,27239229650.5897,2025-12-30 01:01:30.668,ethereum,,,,,,
1767060100099,2933.0397,26457211026.6528,2025-12-30 02:01:40.099,ethereum,,,,,,
1767063655891,2924.4633,25109587608.4686,2025-12-30 03:00:55.891,ethereum,,,,,,
1767067210985,2949.3463,24347176075.866,2025-12-30 04:00:10.985,ethereum,65.9504,,,,,
1767071052332,2943.7985,23142691109.3065,2025-12-30 05:04:12.332,ethereum,60.4106,,,,,
1767074502969,2938.4072,22663479005.0158,2025-12-30 06:01:42.969,ethereum,55.529,,,,,
1767078230133,2941.841,21630897731.122,2025-12-30 07:03:50.133,ethereum,57.8644,,,,,
1767081712922,2948.042,21469629009.1914,2025-12-30 08:01:52.922,ethereum,61.7689,,,,,
1767085215454,2974.9555,23563613101.291,2025-12-30 09:00:15.454,ethereum,73.3233,,,,,
1767088924277,2981.1975,20867338335.6007,2025-12-30 10:02:04.277,ethereum,75.1957,,,2969.3189,2908.239,
1767092659094,2971.8839,20150933564.7387,2025-12-30 11:04:19.094,ethereum,67.5745,,,2974.1708,2908.0682,
1767096113329,2975.4907,20060150362.627,2025-12-30 12:01:53.329,ethereum,68.8895,,,2979.2652,2907.2011,
1767099836298,2976.5252,18370872371.1682,2025-12-30 13:03:56.298,ethereum,69.2744,,,2983.8978,2906.7555,
1767103218579,2985.0896,18419454154.7877,2025-12-30 14:00:18.579,ethereum,72.3268,,,2989.7535,2905.4612,20.5257
1767106908055,2993.8232,19964228522.8464,2025-12-30 15:01:48.055,ethereum,75.0489,,,2995.6112,2907.3568,22.3155
1767110479033,2987.9511,18945642496.0407,2025-12-30 16:01:19.033,ethereum,70.0589,,,2999.9263,2909.065,23.4987
1767114106675,2979.7639,19426120755.9322,2025-12-30 17:01:46.675,ethereum,63.6995,,,3002.0223,2912.2137,23.9888
1767117718228,2971.3874,19578132694.7063,2025-12-30 18:01:58.228,ethereum,57.9079,,,3002.8827,2915.2511,24.1359
1767121253156,2968.8255,19480239717.2445,2025-12-30 19:00:53.156,ethereum,56.2242,,,3003.3605,2918.099,22.9642
1767124908596,2967.3687,19464134280.6196,2025-12-30 20:01:48.596,ethereum,55.2406,,,3003.3216,2921.4391,22.2771
1767128529806,2953.6716,20061229816.4835,2025-12-30 21:02:09.806,ethereum,46.9279,,,3002.4733,2924.2139,21.3611
1767132082484,2965.0448,19178628676.6189,2025-12-30 22:01:22.484,ethereum,53.2224,,,3001.5198,2928.3679,20.6562
1767135742112,2966.5175,19173412547.8216,2025-12-30 23:02:22.112,ethereum,53.9834,,,2998.5565,2935.5366,20.0315
1767139350919,2967.9804,19289785214.0062,2025-12-31 00:02:30.919,ethereum,54.7706,,,2998.4236,2937.5329,19.2374
1767142885734,2962.1308,19083744391.9029,2025-12-31 01:01:25.734,ethereum,51.0127,,,2997.4162,2940.3735,18.2837
1767146517351,2974.1702,19440487265.9036,2025-12-31 02:01:57.351,ethereum,57.4791,,,2995.5897,2945.7764,17.1802
1767150124180,2977.5005,19325940242.3482,2025-12-31 03:02:04.180,ethereum,59.0879,,,2993.6921,2951.2399,14.9517
1767153628469,2966.8651,18715195011.0333,2025-12-31 04:00:28.469,ethereum,52.2846,,,2991.6821,2955.1322,14.4401
1767157313124,2966.4617,18369102937.6531,2025-12-31 05:01:53.124,ethereum,52.0398,,,2991.4871,2954.4779,13.4739
1767160879761,2971.5532,18437037760.9489,2025-12-31 06:01:19.761,ethereum,54.9089,,,2990.6221,2954.3784,11.7609
1767164468340,2971.9788,18323584038.0461,2025-12-31 07:01:08.340,ethereum,55.1504,,,2990.6263,2954.3838,10.0308
1767168015758,2973.2463,18306527248.8135,2025-12-31 08:00:15.758,ethereum,55.9078,,,2990.4664,2954.3191,8.6455
1767171688949,2965.857,17293859577.0585,2025-12-31 09:01:28.949,ethereum,50.5481,,,2990.043,2953.6757,8.7536
1767175261542,2973.6962,16715686678.0611,2025-12-31 10:01:01.542,ethereum,55.4298,,,2988.4657,2954.1137,8.565
1767178824438,2974.4944,17770091279.4223,2025-12-31 11:00:24.438,ethereum,55.9071,,,2984.1718,2956.4748,8.5763
1767182419286,2995.494,17294132722.5557,2025-12-31 12:00:19.286,ethereum,66.1709,,,2986.6934,2954.7074,9.7783
1767186168156,2982.5118,17730242600.8741,2025-12-31 13:02:48.156,ethereum,57.2921,,,2987.1833,2954.4923,9.9412
1767189694901,2993.6058,17809199882.6053,2025-12-31 14:01:34.901,ethereum,61.9862,,,2991.076,2952.8214,10.5095
1767193271193,2989.3496,17358115405.2178,2025-12-31 15:01:11.193,ethereum,59.2936,,,2993.4749,2952.475,10.1738
1767196942286,2981.4282,18099936620.4065,2025-12-31 16:02:22.286,ethereum,54.5447,,,2994.3244,2953.0314,9.8572
1767200539682,2970.7113,18428480990.6504,2025-12-31 17:02:19.682,ethereum,48.8449,,,2993.1063,2955.9535,9.7748
1767204101114,2971.0401,18399067953.9945,2025-12-31 18:01:41.114,ethereum,49.0209,,,2992.9726,2956.6867,9.7775
1767207682501,2970.6829,17728761377.0452,2025-12-31 19:01:22.501,ethereum,48.8243,,,2992.8877,2957.1882,9.7505
1767211344595,2967.1991,17260001648.5293,2025-12-31 20:02:24.595,ethereum,46.8513,,,2992.9135,2957.0842,9.7549
1767214836362,2971.5712,17862486182.029,2025-12-31 21:00:36.362,ethereum,49.6037,,,2992.479,2958.4628,8.8513
1767218520473,2978.5366,16605061425.2788,2025-12-31 22:02:00.473,ethereum,53.7161,,,2992.737,2958.6414,8.6985
1767222076796,2972.243,16198326898.3571,2025-12-31 23:01:16.796,ethereum,49.7647,,,2992.5164,2958.3363,8.5514
1767225744994,2967.5912,15314801469.2098,2026-01-01 00:02:24.994,ethereum,47.012,,,2992.4827,2958.4425,8.5648
1767229307027,2975.3107,16613058668.5407,2026-01-01 01:01:47.027,ethereum,51.7788,,,2992.4188,2959.3914,8.1441
1767232906592,2979.2834,17769260836.4917,2026-01-01 02:01:46.592,ethereum,54.0688,,,2992.7415,2959.8417,8.1847
1767236489062,2977.9701,16397342242.1259,2026-01-01 03:01:29.062,ethereum,53.1699,,,2992.9338,2960.2485,8.1907
1767240093432,2975.5663,15986570694.0549,2026-01-01 04:01:33.432,ethereum,51.4827,,,2992.986,2960.4283,7.9883
1767243686770,2971.0299,15857634992.8423,2026-01-01 05:01:26.770,ethereum,48.3637,,,2992.7022,2961.2294,7.8104
1767247272450,2977.3379,17167232757.1607,2026-01-01 06:01:12.450,ethereum,52.6587,,,2992.8129,2961.4829,7.7591
1767250886313,2971.8985,16383447701.0065,2026-01-01 07:01:26.313,ethereum,48.8829,,,2992.8114,2961.2248,7.761
1767254509744,2973.9174,15977432345.2087,2026-01-01 08:01:49.744,ethereum,50.3071,,,2989.2968,2962.5817,7.7512
1767258167689,2977.8809,15944676168.2602,2026-01-01 09:02:47.689,ethereum,53.0715,,,2988.7585,2962.6569,7.4372
1767261679714,2979.2758,15783298299.3691,2026-01-01 10:01:19.714,ethereum,54.0405,,,2985.3231,2964.6593,7.427
1767265447368,2980.6891,15366139809.7221,2026-01-01 11:04:07.368,ethereum,55.0531,,,2982.9996,2966.1167,7.4469
1767268976881,2984.1523,15541103850.8302,2026-01-01 12:02:56.881,ethereum,57.523,,,2983.6472,2965.7415,6.5381
1767272602134,2982.2252,14168115138.825,2026-01-01 13:03:22.134,ethereum,55.6892,,,2984.5973,2965.9428,6.5273
1767276048599,2978.8868,13127683608.1469,2026-01-01 14:00:48.599,ethereum,52.5631,,,2984.9047,2966.4201,5.4752
1767279634935,2981.2237,12623219485.7561,2026-01-01 15:00:34.935,ethereum,54.489,,,2985.438,2966.9409,4.8321
1767283352639,2985.4677,11784629899.2959,2026-01-01 16:02:32.639,ethereum,57.837,,,2986.227,2967.9788,5.1018
1767286898294,2978.288,11035246743.2531,2026-01-01 17:01:38.294,ethereum,51.0016,,,2986.2114,2968.6661,4.9999
1767290538250,2987.5105,11230015848.9376,2026-01-01 18:02:18.250,ethereum,57.8866,,,2987.6956,2968.0792,5.3744
1767294084667,2986.0561,10782243324.8022,2026-01-01 19:01:24.667,ethereum,56.5373,,,2988.6412,2968.5149,5.5148
1767297628496,2990.3667,10675746203.5575,2026-01-01 20:00:28.496,ethereum,59.5468,,,2989.7034,2969.7303,5.6508
1767301343136,2984.902,10160949276.2918,2026-01-01 21:02:23.136,ethereum,54.4038,,,2990.2117,2970.1811,5.5938
1767304852495,2985.6085,9842134585.8899,2026-01-01 22:00:52.495,ethereum,54.9456,,,2990.7887,2970.2366,5.7488
1767308516788,2997.7537,10982859146.2347,2026-01-01 23:01:56.788,ethereum,63.0694,,,2994.1447,2968.859,6.6613
1767312167379,3000.512,10329470622.5993,2026-01-02 00:02:47.379,ethereum,64.6293,,,2997.5427,2967.9556,7.2659
1767315784949,3001.3105,10555463254.0717,2026-01-02 01:03:04.949,ethereum,65.089,,,3000.1098,2968.4165,8.1422
1767319324942,2999.6108,11552685111.7222,2026-01-02 02:02:04.942,ethereum,63.2059,,,3002.2194,2968.5342,8.7838
1767322869655,2997.4592,10560349526.4493,2026-01-02 03:01:09.655,ethereum,60.8076,,,3003.0867,2970.223,9.1228
1767326518973,3025.3351,11665113089.3224,2026-01-02 04:01:58.973,ethereum,74.3743,,,3011.8167,2966.6348,12.1491
1767330070664,3008.2859,11591499966.6002,2026-01-02 05:01:10.664,ethereum,60.5654,,,3014.1559,2967.3361,12.448
1767333720493,3013.1035,11686225392.3882,2026-01-02 06:02:00.493,ethereum,62.6743,,,3017.1404,2967.7344,13.2129
1767337290032,3023.9465,12033770773.3854,2026-01-02 07:01:30.032,ethereum,66.9574,,,3022.2134,2966.9871,14.3907
1767340902471,3015.1415,12359060954.1913,2026-01-02 08:01:42.471,ethereum,60.8511,,,3024.7056,2967.5938,14.6189
1767344534049,3028.9895,12468947949.5075,2026-01-02 09:02:14.049,ethereum,66.089,,,3029.6405,2967.3353,15.9044
1767348083076,3045.1321,13341515686.322,2026-01-02 10:01:23.076,ethereum,70.9657,,,3037.6456,2965.9547,18.4329
1767351822414,3050.3051,15979738135.4757,2026-01-02 11:03:42.414,ethereum,72.3386,,,3045.5412,2964.9673,20.8423
1767355383444,3044.6126,15201537292.6001,2026-01-02 12:03:03.444,ethereum,68.5002,,,3050.868,2965.555,22.2818
1767358851119,3045.9738,16445822830.1692,2026-01-02 13:00:51.119,ethereum,68.9248,,,3054.9533,2968.2382,23.367
1767362556039,3051.7369,16645740779.8874,2026-01-02 14:02:36.039,ethereum,70.7242,,,3060.0273,2969.5869,24.3368
1767366084621,3084.4288,19243720723.9526,2026-01-02 15:01:24.621,ethereum,78.3738,,,3072.1872,2967.2642,27.9658
1767369711205,3084.5016,21215095699.7279,2026-01-02 16:01:51.205,ethereum,78.3874,,,3082.142,2966.723,30.7656
1767373322128,3123.0329,22574032860.1755,2026-01-02 17:02:02.128,ethereum,84.0726,,,3100.4148,2962.2633,36.3352
1767376916767,3119.3914,24063503151.7664,2026-01-02 18:01:56.767,ethereum,81.8804,,,3113.691,2962.3653,40.3319
1767380513709,3101.9144,24338628071.0642,2026-01-02 19:01:53.709,ethereum,72.1561,,,3121.3916,2965.0809,41.8149
1767384111633,3122.2018,25150765605.7053,2026-01-02 20:01:51.633,ethereum,75.7555,,,3132.0384,2966.603,44.3729
1767387709893,3111.1643,25640172466.0051,2026-01-02 21:01:49.893,ethereum,70.4216,,,3138.6315,2970.9953,45.0607
1767391302650,3128.2397,25878415241.0161,2026-01-02 22:01:42.650,ethereum,73.527,,,3146.8534,2975.6362,46.2683
1767394913973,3134.5078,25786043822.3045,2026-01-02 23:01:53.973,ethereum,74.582,,,3154.125,2982.0695,47.8201
1767398499594,3121.9007,25946903012.6738,2026-01-03 00:01:39.594,ethereum,68.6558,,,3159.6479,2986.2032,48.0377
1767402067782,3129.3459,25837241084.9415,2026-01-03 01:01:07.782,ethereum,70.1636,,,3163.6852,2994.2719,48.142
1767405698715,3126.974,25953568932.8411,2026-01-03 02:01:38.715,ethereum,69.0245,,,3166.1482,3003.196,47.3937
1767409326800,3124.4469,26039517822.2954,2026-01-03 03:02:06.800,ethereum,67.7621,,,3167.9035,3011.4907,45.7224
1767412865468,3124.1026,24979606409.1453,2026-01-03 04:01:05.468,ethereum,67.5808,,,3166.7172,3023.5731,45.2474
1767416515512,3115.4194,24776812203.7827,2026-01-03 05:01:55.512,ethereum,63.0017,,,3164.6951,3034.2382,42.9026
1767420078883,3110.5125,24379104378.4573,2026-01-03 06:01:18.883,ethereum,60.5067,,,3163.1174,3042.3539,40.2024
1767423629547,3100.0846,25798339505.5712,2026-01-03 07:00:29.547,ethereum,55.4784,,,3160.6574,3049.7919,37.6599
1767427275828,3088.5187,25395836632.7814,2026-01-03 08:01:15.828,ethereum,50.4688,,,3156.1495,3058.6904,33.8027
1767430885713,3098.4465,26801813815.5889,2026-01-03 09:01:25.713,ethereum,54.2847,,,3150.1436,3069.9435,30.5863
1767434516979,3101.1119,25114803142.609,2026-01-03 10:01:56.979,ethereum,55.2808,,,3142.8382,3082.1864,28.3137
1767438087461,3099.332,23876502720.3968,2026-01-03 11:01:27.461,ethereum,54.428,,,3141.4434,3085.0716,26.1217
1767441707524,3095.9398,23069690154.9749,2026-01-03 12:01:47.524,ethereum,52.7574,,,3140.0541,3087.6047,22.9742
1767445227024,3102.7131,23145725379.3267,2026-01-03 13:00:27.024,ethereum,55.6824,,,3139.1075,3086.5193,19.1299
1767448891893,3101.2357,22659210597.1558,2026-01-03 14:01:31.893,ethereum,54.8842,,,3138.4808,3085.3305,14.9814
1767452511299,3102.3274,20027532891.9881,2026-01-03 15:01:51.299,ethereum,55.393,,,3138.471,3085.3816,14.0492
1767456038847,3099.6809,18143040844.272,2026-01-03 16:00:38.847,ethereum,53.8086,,,3137.4164,3084.184,13.1079
1767459709878,3108.0544,16810773608.9385,2026-01-03 17:01:49.878,ethereum,57.9107,,,3137.2869,3084.0025,12.9035
1767463268270,3106.6166,13057944678.5936,2026-01-03 18:01:08.270,ethereum,56.9751,,,3134.9891,3084.138,12.8118
1767466878157,3113.7198,14294617110.3321,2026-01-03 19:01:18.157,ethereum,60.3807,,,3131.3529,3085.6955,12.6893
1767470446382,3111.4658,13583679742.5903,2026-01-03 20:00:46.382,ethereum,58.7904,,,3130.048,3085.9569,12.4685
1767474104420,3113.6559,12207829140.6438,2026-01-03 21:01:44.420,ethereum,59.8957,,,3127.1886,3087.2473,12.4832
1767477700409,3117.7383,11884907910.0418,2026-01-03 22:01:40.409,ethereum,61.9445,,,3125.2507,3088.2616,12.0195
1767481265793,3120.745,11539157129.8152,2026-01-03 23:01:05.793,ethereum,63.4265,,,3124.4164,3088.7257,11.1096
1767484924157,3126.0411,12643882377.4106,2026-01-04 00:02:04.157,ethereum,65.9424,,,3124.9098,3088.4261,11.3362
1767488521584,3157.6066,14041433671.9952,2026-01-04 01:02:01.584,ethereum,76.3741,,,3137.3885,3080.1662,14.4745
1767492096166,3146.7742,14193621862.72,2026-01-04 02:01:36.166,ethereum,68.6078,,,3143.6601,3077.5208,15.9113
1767495700939,3137.8579,13829955114.1101,2026-01-04 03:01:40.939,ethereum,62.9349,,,3147.206,3077.7521,16.5911
1767499302523,3148.4004,12408414289.9129,2026-01-04 04:01:42.523,ethereum,66.4656,,,3151.7134,3079.233,18.0112
1767502903291,3147.7708,12810712993.32,2026-01-04 05:01:43.291,ethereum,66.061,,,3155.8823,3079.9964,19.3239
1767506497836,3147.6431,12720478104.9693,2026-01-04 06:01:37.836,ethereum,65.9732,,,3159.4813,3081.0506,20.4171
1767510101344,3142.8847,12952670568.177,2026-01-04 07:01:41.344,ethereum,62.6347,,,3161.6042,3083.283,20.7962
1767513700746,3138.7187,12643091849.0788,2026-01-04 08:01:40.746,ethereum,59.7824,,,3162.368,3086.7971,20.1993
1767517301463,3135.5505,13910736993.7099,2026-01-04 09:01:41.463,ethereum,57.6329,,,3162.9036,3089.5453,19.8737
1767520894381,3140.7383,12790521658.6216,2026-01-04 10:01:34.381,ethereum,60.1589,,,3163.5124,3092.8867,19.7243
1767524465602,3144.2241,12542426252.1421,2026-01-04 11:01:05.602,ethereum,61.8068,,,3164.1607,3096.428,19.4629
1767528079419,3137.8797,12752759778.5614,2026-01-04 12:01:19.419,ethereum,57.1719,,,3163.1302,3101.2784,18.571
1767531712899,3134.7334,13954817196.0763,2026-01-04 13:01:52.899,ethereum,54.9704,,,3162.4161,3104.6605,17.8813
1767535289068,3138.3553,12814769588.5511,2026-01-04 14:01:29.068,ethereum,57.022,,,3161.2698,3108.9806,17.0121
1767538907678,3136.5189,12474338934.8211,2026-01-04 15:01:47.678,ethereum,55.6379,,,3160.4951,3112.0352,15.9983
1767542422153,3131.3481,12926306806.3017,2026-01-04 16:00:22.153,ethereum,51.8233,,,3158.8225,3115.696,14.5056
1767546119901,3136.3464,13193817965.5038,2026-01-04 17:01:59.901,ethereum,55.0327,,,3157.0638,3119.7238,13.5317
1767549692071,3137.1639,13368411205.0595,2026-01-04 18:01:32.071,ethereum,55.5542,,,3155.4824,3123.2478,12.2288
1767553304151,3131.7695,14382814493.7267,2026-01-04 19:01:44.151,ethereum,51.3242,,,3154.0849,3125.7477,11.3783
1767556854834,3131.9686,14981442791.7126,2026-01-04 20:00:54.834,ethereum,51.4712,,,3153.4235,3127.0018,10.1683
1767560495362,3140.4035,13337543885.7682,2026-01-04 21:01:35.362,ethereum,57.3433,,,3149.8912,3128.8138,8.9133
1767564074713,3143.079,14125713471.9802,2026-01-04 22:01:14.713,ethereum,59.0365,,,3149.3013,3129.0342,7.8622
1767567677966,3139.0005,14153791795.8601,2026-01-04 23:01:17.966,ethereum,55.4248,,,3149.3411,3129.1086,6.8425
1767571308766,3139.057,14200482273.251,2026-01-05 00:01:48.766,ethereum,55.4655,,,3147.9573,3129.5581,6.1984
1767574907193,3164.9059,15427934574.6828,2026-01-05 01:01:47.193,ethereum,69.2709,,,3153.834,3125.3949,7.1877
1767578513160,3198.771,16809477586.7083,2026-01-05 02:01:53.160,ethereum,78.6212,,,3171.5488,3112.7929,13.8736
1767582105846,3192.1937,16371690719.8486,2026-01-05 03:01:45.846,ethereum,73.9169,,,3181.2301,3108.0425,17.1043
1767585702671,3185.2248,17648437145.1171,2026-01-05 04:01:42.671,ethereum,69.1927,,,3187.458,3106.4652,18.9743
1767589284733,3164.7044,17005470513.0902,2026-01-05 05:01:24.733,ethereum,57.5326,,,3189.2651,3107.5735,19.3347
1767592894995,3148.271,16734489008.256,2026-01-05 06:01:34.995,ethereum,50.2322,,,3189.4901,3108.1018,19.3357
1767596431777,3156.4111,17246608149.9492,2026-01-05 07:00:31.777,ethereum,53.3874,,,3190.1723,3108.6383,19.4002
1767600166884,3156.5783,17232961432.7684,2026-01-05 08:02:46.884,ethereum,53.4527,,,3190.8639,3109.8165,19.379
1767603685104,3162.1117,17208760578.8806,2026-01-05 09:01:25.104,ethereum,55.6655,,,3191.8797,3111.5385,19.3628
1767607267306,3166.627,17554140644.384,2026-01-05 10:01:07.306,ethereum,57.4433,,,3193.3039,3112.9415,19.5644
1767611065275,3170.6932,17939058168.6591,2026-01-05 11:04:25.275,ethereum,59.0364,,,3194.9494,3114.7134,19.9241
1767614451607,3179.2613,18146183407.9667,2026-01-05 12:00:51.607,ethereum,62.2437,,,3197.1716,3117.2825,20.4474
1767618080983,3168.8118,17980671859.679,2026-01-05 13:01:20.983,ethereum,56.4398,,,3197.8974,3119.8033,20.2654
1767621729045,3153.9475,18837416115.3585,2026-01-05 14:02:09.045,ethereum,49.3854,3042.9446,,3197.5392,3121.8398,19.9568
1767625406447,3164.2628,21649882665.2763,2026-01-05 15:03:26.447,ethereum,53.7094,3044.3684,,3196.9557,3125.6727,19.6019
1767628886315,3189.4492,23013904208.8167,2026-01-05 16:01:26.315,ethereum,62.2006,3045.8936,,3199.1648,3129.2117,19.9088
1767632503567,3182.6332,22618556207.7771,2026-01-05 17:01:43.567,ethereum,59.0441,3047.3696,,3200.3648,3132.2347,19.8396
1767636051000,3215.0132,25306814475.9763,2026-01-05 18:00:51.000,ethereum,67.4855,3049.0097,,3208.3079,3131.4849,21.9964
1767639695335,3225.1191,26688062424.5732,2026-01-05 19:01:35.335,ethereum,69.592,3050.848,,3216.8671,3131.5377,24.1291
1767643293284,3221.8548,25828375093.972,2026-01-05 20:01:33.284,ethereum,68.0582,3052.5988,,3222.601,3134.0835,25.2015
1767646814996,3235.8038,27721284152.1207,2026-01-05 21:00:14.996,ethereum,70.9996,3054.435,,3232.2143,3131.5599,27.4241
1767650518684,3240.4517,27470271727.6984,2026-01-05 22:01:58.684,ethereum,71.9272,3056.2686,,3240.0462,3127.8962,29.4698
1767654042826,3240.5043,29355367273.2195,2026-01-05 23:00:42.826,ethereum,71.9382,3058.0837,,3247.5973,3125.1761,30.5853
1767657695461,3225.528,29222455772.1058,2026-01-06 00:01:35.461,ethereum,64.2599,3059.8169,,3251.9364,3124.8673,30.1162
1767661290280,3216.0005,26342731529.2638,2026-01-06 01:01:30.280,ethereum,59.8812,3061.493,,3254.609,3127.3243,30.2273
1767664901455,3217.6382,25476499032.1478,2026-01-06 02:01:41.455,ethereum,60.3809,3063.1871,,3255.9161,3132.954,30.7066
1767668531386,3216.102,25622364708.4561,2026-01-06 03:02:11.386,ethereum,59.6306,3064.923,,3256.9932,3137.846,31.1387
1767672161689,3225.0524,25547776674.6428,2026-01-06 04:02:41.689,ethereum,62.5507,3066.5641,,3258.4735,3143.2131,31.8272
1767675799699,3224.453,24700860235.2492,2026-01-06 05:03:19.699,ethereum,62.226,3068.2347,,3259.5826,3148.3381,31.8176
1767679304715,3218.2691,24985501321.2719,2026-01-06 06:01:44.715,ethereum,58.8337,3069.9005,,3259.7341,3153.3508,30.4361
1767682910398,3240.0293,26376393941.0352,2026-01-06 07:01:50.398,ethereum,65.8822,3071.6755,,3262.4356,3157.5829,30.1506
1767686597364,3218.8716,25588155299.2312,2026-01-06 08:03:17.364,ethereum,55.8662,3073.2875,,3262.5808,3161.3988,28.6854
1767690221657,3218.3965,25461519614.6755,2026-01-06 09:03:41.657,ethereum,55.6616,3074.7366,,3261.0545,3167.8835,27.2993
1767693703476,3223.7887,25140453489.523,2026-01-06 10:01:43.476,ethereum,57.5616,3076.1806,,3255.4608,3180.4613,26.0637
1767697336100,3227.3463,24800925372.1223,2026-01-06 11:02:16.100,ethereum,58.8155,3077.7012,,3249.5291,3192.7013,24.9211
1767701070480,3237.9217,26221637364.9347,2026-01-06 12:04:30.480,ethereum,62.3746,3079.2633,,3248.8331,3198.2447,24.4401
1767704621283,3235.6406,25375950579.1082,2026-01-06 13:03:41.283,ethereum,61.1471,3080.8056,,3243.6917,3208.6868,22.7615
1767708104269,3238.105,24877648509.5288,2026-01-06 14:01:44.269,ethereum,62.0168,3082.3117,,3244.7914,3209.8962,18.706
1767711680510,3275.8895,26798029380.9566,2026-01-06 15:01:20.510,ethereum,72.2665,3083.9906,,3257.25,3202.5147,17.9082
1767715325518,3265.9937,27491197860.3235,2026-01-06 16:02:05.518,ethereum,67.1553,3085.6457,,3263.3531,3200.8255,18.0408
1767718927973,3244.6419,28486850804.7518,2026-01-06 17:02:07.973,ethereum,57.6765,3087.2223,,3264.2392,3200.8232,15.4215
1767722622588,3196.7523,30199110320.4121,2026-01-06 18:03:42.588,ethereum,43.0124,3088.5638,,3265.4144,3195.278,16.6552
1767726142200,3217.5708,28937844333.9832,2026-01-06 19:02:22.200,ethereum,49.074,3090.0444,,3264.3638,3194.0353,16.8301
1767729625879,3221.4531,28318652499.7317,2026-01-06 20:00:25.879,ethereum,50.1391,3091.5568,,3264.2898,3193.7018,16.8388
1767733350962,3239.463,27268185504.3462,2026-01-06 21:02:30.962,ethereum,54.8561,3093.2579,,3265.216,3195.1219,16.9092
1767736900031,3277.1504,28333462694.6228,2026-01-06 22:01:40.031,ethereum,62.7891,3095.1157,,3273.1811,3193.1079,19.3549
1767740532285,3274.1461,28400260198.458,2026-01-06 23:02:12.285,ethereum,61.8559,3096.9468,,3279.0278,3193.0657,21.1497
1767744113159,3292.5193,29725778750.2284,2026-01-07 00:01:53.159,ethereum,65.2566,3098.8786,,3288.5679,3190.2722,24.2849
1767747755969,3261.8629,28824727091.382,2026-01-07 01:02:35.969,ethereum,56.246,3100.6627,,3290.8633,3191.7179,24.4494
1767751315785,3244.1822,28053413290.0401,2026-01-07 02:01:55.785,ethereum,51.8033,3102.27,,3291.026,3194.1465,24.0918
1767754935799,3269.1278,28117926502.8704,2026-01-07 03:02:15.799,ethereum,56.9678,3104.0058,,3293.8159,3194.2664,24.3324
1767758491778,3264.8161,28514795068.1704,2026-01-07 04:01:31.778,ethereum,55.8538,3105.7794,,3295.4916,3197.1852,24.5385
1767762241700,3252.5563,29997665118.4077,2026-01-07 05:04:01.700,ethereum,52.6981,3107.4823,,3295.5432,3200.5496,24.2917
1767765657917,3246.67,28882499219.545,2026-01-07 06:00:57.917,ethereum,51.2024,3109.1199,,3295.3792,3203.0017,23.6664
1767769364216,3248.5646,28121936015.3954,2026-01-07 07:02:44.216,ethereum,51.6778,3110.7662,,3295.3462,3205.1565,23.6494
1767773167072,3253.4603,28838334408.5398,2026-01-07 08:06:07.072,ethereum,52.9533,3112.4342,,3295.7808,3206.2758,22.9973
1767776660059,3253.5248,27526489880.635,2026-01-07 09:04:20.059,ethereum,52.9709,3114.1465,,3296.1207,3207.7243,22.2017
1767780164143,3199.3962,28517847675.1481,2026-01-07 10:02:44.143,ethereum,39.5793,3115.4899,,3299.5059,3200.4683,23.8756
1767783673817,3216.4623,29320145449.2958,2026-01-07 11:01:13.817,ethereum,44.3558,3116.9302,,3297.0896,3196.9419,24.3722
1767787318866,3219.0272,29096402425.2733,2026-01-07 12:01:58.866,ethereum,45.0588,3118.2608,,3295.3623,3193.9725,24.9757
1767791139030,3211.7578,28621345071.7786,2026-01-07 13:05:39.030,ethereum,43.3858,3119.6253,,3295.7087,3190.3376,25.8747
1767794565948,3209.4627,28760380772.7747,2026-01-07 14:02:45.948,ethereum,42.8449,3120.9102,,3294.3658,3192.9516,26.8586
1767798072386,3190.1432,28378010194.8129,2026-01-07 15:01:12.386,ethereum,38.4946,3122.1054,,3297.0628,3187.5118,28.1087
1767801633382,3162.0007,25800974850.4157,2026-01-07 16:00:33.382,ethereum,33.2055,3123.1802,,3303.87,3174.7594,31.7755
1767805282878,3156.6066,25273610776.5505,2026-01-07 17:01:22.878,ethereum,32.2897,3124.2868,,3309.1101,3161.2337,35.5994
1767808900882,3153.4176,24313269638.5581,2026-01-07 18:01:40.882,ethereum,31.7325,3125.3723,,3308.3456,3149.6249,38.4715
1767812473901,3146.6256,25062543304.2661,2026-01-07 19:01:13.901,ethereum,30.5244,3126.4196,,3306.7768,3138.4417,42.0761
1767816030537,3144.572,23889521508.3793,2026-01-07 20:00:30.537,ethereum,30.1506,3127.4754,,3299.5076,3130.9161,45.3688
1767819698417,3136.755,24414705199.2371,2026-01-07 21:01:38.417,ethereum,28.7095,3128.4586,,3296.9626,3120.9503,48.6215
1767823274660,3146.2655,23106619127.7323,2026-01-07 22:01:14.660,ethereum,32.911,3129.457,,3294.543,3113.5782,49.2917
1767826898273,3150.2967,22943323755.4645,2026-01-07 23:01:38.273,ethereum,34.6685,3130.5169,,3286.3076,3109.9305,49.2857
1767830488305,3165.5079,23213804019.9682,2026-01-08 00:01:28.305,ethereum,40.9543,3131.6949,,3276.8292,3109.4781,46.7471
1767834103978,3171.9387,24167662156.6105,2026-01-08 01:01:43.978,ethereum,43.4322,3132.8654,,3268.6268,3109.6188,45.52
1767837740496,3172.7635,22420930179.3616,2026-01-08 02:02:20.496,ethereum,43.7582,3134.017,,3260.6435,3110.2114,44.8732
1767841266140,3155.7398,22365700263.3427,2026-01-08 03:01:06.140,ethereum,38.7893,3135.0752,,3251.1445,3110.4279,42.9392
1767844901214,3135.3485,22710193924.0142,2026-01-08 04:01:41.214,ethereum,33.8334,3136.0263,,3239.4361,3110.3252,41.6168
1767848503664,3149.8957,22564894731.2884,2026-01-08 05:01:43.664,ethereum,39.7477,3137.0909,,3223.9936,3115.4048,39.8737
1767852098127,3139.4571,14512422036.3802,2026-01-08 06:01:38.127,ethereum,37.1796,3138.0559,,3220.7252,3112.6792,38.4304
1767855717488,3103.5885,24812173912.3725,2026-01-08 07:01:57.488,ethereum,30.0055,3138.8398,,3216.6691,3105.4479,38.3666
1767859324950,3124.8285,26064126587.4353,2026-01-08 08:02:04.950,ethereum,37.6747,3139.7381,,3207.2824,3105.4148,35.4643
1767862901281,3112.4933,24684547183.0111,2026-01-08 09:01:41.281,ethereum,35.2586,3140.5393,,3198.9914,3103.7793,32.08
1767866487274,3110.8383,23262288553.7047,2026-01-08 10:01:27.274,ethereum,34.9348,3141.3225,,3189.1541,3103.7542,32.612
1767870161261,3125.2665,24674260001.7516,2026-01-08 11:02:41.261,ethereum,40.0983,3142.183,,3181.8009,3104.6197,30.7312
1767873692054,3116.4263,23054816966.3893,2026-01-08 12:01:32.054,ethereum,38.1031,3142.9704,,3180.1913,3101.6719,28.3257
1767877366037,3091.5111,24486408443.8068,2026-01-08 13:02:46.037,ethereum,33.1036,3143.6209,,3181.7028,3093.6508,27.4878
1767880960664,3090.385,25350373921.527,2026-01-08 14:02:40.664,ethereum,32.8935,3144.2846,,3182.4449,3086.6054,25.9874
1767884534763,3068.5599,25667242774.8941,2026-01-08 15:02:14.763,ethereum,29.0463,3144.8044,,3186.0868,3075.157,27.5303
1767888135282,3101.8117,25035027805.2196,2026-01-08 16:02:15.282,ethereum,40.4703,3145.497,,3184.9211,3072.0467,27.6695
1767891707730,3111.2562,25834124184.3955,2026-01-08 17:01:47.730,ethereum,43.2644,3146.2884,,3183.9922,3070.4257,27.4725
1767895339716,3130.6437,24963149965.8098,2026-01-08 18:02:19.716,ethereum,48.598,3147.1404,,3182.5672,3070.2885,27.0265
1767898994308,3114.2687,24641987660.6385,2026-01-08 19:03:14.308,ethereum,44.7698,3147.9036,,3179.8919,3069.361,26.9306
1767902509095,3106.3968,24165226183.329,2026-01-08 20:01:49.095,ethereum,43.0156,3148.5942,,3174.1259,3069.2159,27.0324
1767906131681,3105.892,23285430539.1705,2026-01-08 21:02:11.681,ethereum,42.8995,3149.3144,,3165.8273,3070.9098,27.2488
1767909703681,3116.5358,24287026104.9315,2026-01-08 22:01:43.681,ethereum,46.1965,3150.0937,,3155.9258,3075.1885,26.9165
1767913267905,3115.9778,25304963139.6968,2026-01-08 23:01:07.905,ethereum,46.0464,3150.7975,,3149.4985,3077.6396,26.3544
1767916877666,3104.2243,23468681806.8415,2026-01-09 00:01:17.666,ethereum,42.8855,3151.4148,,3146.7092,3077.3165,24.925
1767920506748,3112.5304,23155697730.9931,2026-01-09 01:01:46.748,ethereum,45.7212,3152.0768,,3140.193,3080.0962,22.3417
1767924099132,3101.5105,25593173503.8499,2026-01-09 02:01:39.132,ethereum,42.6926,3152.6834,,3135.2948,3081.1997,19.1681
1767927684203,3105.7665,23878209325.4319,2026-01-09 03:01:24.203,ethereum,44.2291,3153.3281,,3135.3453,3081.367,17.0819
1767931362866,3115.8733,23494468487.6721,2026-01-09 04:02:42.866,ethereum,47.8079,3153.867,,3134.0741,3081.7427,16.3883
1767934897432,3113.6791,18485653803.6897,2026-01-09 05:01:37.432,ethereum,47.1013,3154.4943,,3134.18,3081.7554,14.2233
1767938480550,3112.6741,23118489851.1044,2026-01-09 06:01:20.550,ethereum,46.7603,3155.087,,3134.3242,3081.7948,12.7891
1767942144366,3118.7773,21910153871.9048,2026-01-09 07:02:24.366,ethereum,49.1666,3155.6515,,3133.2923,3082.1778,12.8916
1767945643408,3109.8369,22398711638.5847,2026-01-09 08:00:43.408,ethereum,45.8943,3156.2151,,3132.6744,3082.1367,12.4733
1767949256924,3077.8912,21810662303.4687,2026-01-09 09:00:56.924,ethereum,36.5369,3156.5062,,3134.299,3079.1501,13.9499
1767952918782,3087.347,21469613993.0052,2026-01-09 10:01:58.782,ethereum,40.4098,3156.7575,,3134.5362,3078.6091,14.5138
1767956475526,3094.2922,21063485133.2814,2026-01-09 11:01:15.526,ethereum,43.1539,3157.0193,,3130.5861,3085.1324,14.1411
1767960076516,3086.6762,21738540198.7335,2026-01-09 12:01:16.516,ethereum,40.9282,3157.2697,,3131.5289,3082.6761,14.4128
1767963829978,3083.1687,19600535941.2559,2026-01-09 13:03:49.978,ethereum,39.9074,3157.4911,,3132.1532,3079.243,14.8202
1767967238373,3095.3709,19988916170.5371,2026-01-09 14:00:38.373,ethereum,45.0429,3157.7508,,3128.1069,3079.7621,14.6612
1767970967607,3071.4305,19828072438.5626,2026-01-09 15:02:47.607,ethereum,38.1536,3157.6734,,3129.2861,3074.299,14.3701
1767974527945,3109.4537,20928392528.4915,2026-01-09 16:02:07.945,ethereum,50.9781,3157.822,,3129.5733,3074.3175,14.4062
1767978051954,3129.8939,20920505706.8606,2026-01-09 17:00:51.954,ethereum,56.2322,3157.8628,,3133.3225,3072.9686,15.2776
1767981841354,3111.541,20442618118.5317,2026-01-09 18:04:01.354,ethereum,50.9517,3157.8161,,3132.7058,3073.0858,14.3534
1767985238090,3091.2027,20730054416.5612,2026-01-09 19:00:38.090,ethereum,45.8171,3157.7523,,3131.2478,3072.0662,14.4225
1767988887159,3076.2493,19759393742.5717,2026-01-09 20:01:27.159,ethereum,42.4314,3157.4788,,3131.8111,3068.7054,15.415
1767992523838,3068.7716,19048940774.1,2026-01-09 21:02:03.838,ethereum,40.8074,3157.2265,,3131.9022,3064.2385,16.8061
1767996115855,3079.2226,19824470350.894,2026-01-09 22:01:55.855,ethereum,44.0315,3156.9347,,3131.7166,3062.1952,16.9779
1767999707388,3081.6531,20408437160.8942,2026-01-09 23:01:47.388,ethereum,44.7847,3156.6201,,3130.8758,3060.6247,16.9215
1768003316690,3083.1361,19574607996.9342,2026-01-10 00:01:56.690,ethereum,45.2687,3156.3893,,3128.376,3059.8509,17.1015
1768007032340,3080.0397,18435343851.0472,2026-01-10 01:03:52.340,ethereum,44.3937,3156.0958,,3125.9822,3058.8806,17.0701
1768010551340,3086.486,18958003776.8217,2026-01-10 02:02:31.340,ethereum,46.7033,3155.8548,,3123.4317,3058.8124,17.1051
1768014096188,3083.6935,17512779685.2566,2026-01-10 03:01:36.188,ethereum,45.8156,3155.6123,,3119.1953,3059.5403,17.072
1768017744563,3082.7358,17248558026.0896,2026-01-10 04:02:24.563,ethereum,45.4962,3155.366,,3116.4264,3059.5991,16.5307
1768021288102,3076.2906,17309865990.2131,2026-01-10 05:01:28.102,ethereum,43.3079,3155.1331,,3116.4687,3059.3968,16.1866
1768024934622,3082.4789,17269486795.3906,2026-01-10 06:02:14.622,ethereum,45.9938,3154.9663,,3116.324,3059.0547,15.5695
1768028526432,3083.5428,16500133747.404,2026-01-10 07:02:06.432,ethereum,46.4634,3154.8678,,3115.674,3058.6298,14.2965
1768032124965,3088.6042,16931576304.7832,2026-01-10 08:02:04.965,ethereum,48.7467,3154.8683,,3115.7763,3058.7203,13.5236
1768035698622,3085.9254,15774182678.7223,2026-01-10 09:01:38.622,ethereum,47.5898,3154.7938,,3115.8606,3058.9117,13.3836
1768039392345,3091.3914,15695903121.5831,2026-01-10 10:03:12.345,ethereum,50.1875,3154.7359,,3115.4907,3058.8836,13.4075
1768042880630,3098.2803,15808516743.5849,2026-01-10 11:01:20.630,ethereum,53.3272,3154.7297,,3116.2576,3060.8017,13.5178
1768046501995,3093.1069,15539979190.4977,2026-01-10 12:01:41.995,ethereum,50.7407,3154.7128,,3113.8426,3061.5819,13.5582
1768050093560,3094.6417,14893125393.7107,2026-01-10 13:01:33.560,ethereum,51.4924,3154.6647,,3103.9529,3067.9465,13.5802
1768053668625,3090.6743,14186752711.88,2026-01-10 14:01:08.625,ethereum,49.3941,3154.6019,,3098.8075,3071.0052,13.5112
1768057299822,3087.0797,13369866099.5284,2026-01-10 15:01:39.822,ethereum,47.5052,3154.5111,,3098.3416,3071.0588,13.0281
1768060922648,3091.0558,10846659838.0577,2026-01-10 16:02:02.648,ethereum,49.7923,3154.4598,,3098.7706,3072.1104,12.293
1768064535814,3091.6418,9715423009.7902,2026-01-10 17:02:15.814,ethereum,50.1371,3154.3621,,3097.7456,3075.4224,8.5747
1768068053167,3088.5297,9276845927.1769,2026-01-10 18:00:53.167,ethereum,48.2423,3154.2544,,3097.7093,3076.3894,6.7653
1768071646093,3088.7627,8317334517.3938,2026-01-10 19:00:46.093,ethereum,48.3995,3154.1059,,3097.792,3077.0178,6.6968
1768075377349,3087.4324,5944615502.6328,2026-01-10 20:02:57.349,ethereum,47.512,3153.9628,,3097.8208,3077.4186,6.4017
1768078898721,3085.4486,6866078872.5219,2026-01-10 21:01:38.721,ethereum,46.1529,3153.7949,,3097.5453,3078.235,5.2454
1768082464074,3082.0453,6866590933.4508,2026-01-10 22:01:04.074,ethereum,43.8362,3153.5825,,3097.6412,3077.695,5.0991
1768086091089,3076.463,6904916779.4877,2026-01-10 23:01:31.089,ethereum,40.266,3153.3189,,3098.3016,3076.3115,5.4289
1768089808993,3081.6918,6962487480.5962,2026-01-11 00:03:28.993,ethereum,44.8009,3153.0549,,3098.3452,3076.1635,5.4773
1768093349585,3087.5388,6835554061.3242,2026-01-11 01:02:29.585,ethereum,49.4248,3152.6378,,3097.702,3077.9316,5.2987
1768096867026,3091.2324,6584681353.1438,2026-01-11 02:01:07.026,ethereum,52.1516,3152.3072,,3097.9284,3078.5805,5.3707
1768100503359,3089.5587,1855965661.6986,2026-01-11 03:01:43.359,ethereum,50.8146,3152.0197,,3097.9958,3079.1147,5.3426
1768104166793,3092.6409,5555256755.1705,2026-01-11 04:02:46.793,ethereum,53.1943,3151.6878,,3098.3643,3079.1498,5.354
1768107669207,3093.9961,6438830643.4065,2026-01-11 05:01:09.207,ethereum,54.2425,3151.3677,,3098.9347,3079.3865,4.9072
1768111346940,3094.7763,6154896920.1737,2026-01-11 06:02:26.940,ethereum,54.8691,3151.053,,3099.3663,3079.2934,4.8943
1768114941575,3093.8471,5757037987.7615,2026-01-11 07:02:21.575,ethereum,53.922,3150.7612,,3098.5206,3079.6958,4.8462
1768118495191,3090.4758,6420620438.4106,2026-01-11 08:01:35.191,ethereum,50.5149,3150.474,,3098.2341,3079.7192,4.8474
1768122162418,3099.7199,6273367334.8682,2026-01-11 09:02:42.418,ethereum,58.2961,3150.2607,,3099.3354,3079.1257,5.2083
1768125767292,3100.7305,6484566328.3138,2026-01-11 10:02:47.292,ethereum,59.0541,3150.0226,,3101.0085,3078.4582,5.6411
1768129309159,3102.7318,4749376772.0499,2026-01-11 11:01:49.159,ethereum,60.582,3149.7756,,3103.0484,3077.9835,5.9724
1768132958258,3101.0478,5472287527.5908,2026-01-11 12:02:38.258,ethereum,58.6004,3149.5564,,3104.3643,3077.6668,6.3235
1768136619803,3110.4019,6106059807.4926,2026-01-11 13:03:39.803,ethereum,65.3754,3149.4115,,3107.7573,3076.1499,7.4391
1768140153474,3105.3569,4913993388.1574,2026-01-11 14:02:33.474,ethereum,59.7008,3149.2151,,3109.5434,3076.0465,7.9423
1768143787345,3119.5758,7408278831.7268,2026-01-11 15:03:07.345,ethereum,68.104,3149.1143,,3114.6139,3074.0573,9.6149
1768147358850,3114.6689,7731207048.2555,2026-01-11 16:02:38.850,ethereum,63.2058,3149.015,,3117.5365,3073.8583,10.5085
1768150874668,3125.1066,8284906947.8089,2026-01-11 17:01:14.668,ethereum,68.4104,3148.9481,,3122.443,3072.9176,12.1858
1768154499214,3122.233,8935335896.4703,2026-01-11 18:01:39.214,ethereum,65.6569,3148.8592,,3125.5493,3073.8301,13.1893
1768158132235,3124.2906,4250829363.7869,2026-01-11 19:02:12.235,ethereum,66.6907,3148.8147,,3127.7519,3076.4103,14.1379
1768161689978,3120.1228,8635905658.0331,2026-01-11 20:01:29.978,ethereum,62.5812,3148.7442,,3129.0261,3078.9791,14.5561
1768165376778,3107.8756,10210703689.5598,2026-01-11 21:02:56.778,ethereum,52.3691,3148.5506,,3128.9115,3081.1274,14.2827
1768168966686,3117.2311,10666762021.3405,2026-01-11 22:02:46.686,ethereum,58.0064,3148.3967,,3129.8965,3082.7423,14.0378
1768172445975,3105.1192,10031000942.1367,2026-01-11 23:00:45.975,ethereum,49.7905,3148.195,,3129.4035,3084.7914,12.8861
1768176188401,3119.3619,10976584243.8603,2026-01-12 00:03:08.401,ethereum,57.4268,3148.0778,,3130.3128,3086.5541,12.3553
1768179686786,3116.4958,10336292948.5703,2026-01-12 01:01:26.786,ethereum,55.5944,3147.7896,,3130.6524,3088.4645,11.9421
1768183223725,3120.1337,12313159442.5848,2026-01-12 02:00:23.725,ethereum,57.4502,3147.3216,,3131.2516,3090.4011,11.7803
1768186856660,3155.3362,13934123632.0125,2026-01-12 03:00:56.660,ethereum,70.3593,3147.1022,,3140.6953,3087.1063,14.6508
1768190485438,3150.016,14540268210.2665,2026-01-12 04:01:25.438,ethereum,67.0485,3146.8926,,3145.7501,3088.0055,16.2001
1768194087723,3155.4283,14532178227.1148,2026-01-12 05:01:27.723,ethereum,68.6639,3146.8374,,3151.9266,3087.3998,17.8457
1768197669028,3155.2257,15334647698.3062,2026-01-12 06:01:09.028,ethereum,68.5286,3146.8788,,3156.9203,3087.8557,19.0204
1768201298255,3148.5394,15005680329.361,2026-01-12 07:01:38.255,ethereum,64.0393,3146.8319,,3159.764,3089.5927,19.2727
1768204875186,3130.7072,17229833533.0028,2026-01-12 08:01:15.186,ethereum,53.8983,3146.6779,,3159.5947,3092.7279,18.2903
1768208493807,3110.8714,17633077129.1449,2026-01-12 09:01:33.807,ethereum,45.3041,3146.3729,,3159.5745,3092.7951,17.8363
1768212043485,3112.0339,17181809702.9408,2026-01-12 10:00:43.485,ethereum,45.8491,3146.048,,3159.1946,3093.8427,17.3816
1768215744571,3103.0431,17478526561.683,2026-01-12 11:02:24.571,ethereum,42.3358,3145.6453,,3159.8324,3091.5516,17.3659
1768219288058,3111.5658,17709128081.3283,2026-01-12 12:01:28.058,ethereum,46.5193,3145.2423,,3159.9037,3091.1701,16.9167
1768222946979,3112.7904,17633267116.0018,2026-01-12 13:02:26.979,ethereum,47.113,3144.9089,,3159.7351,3090.107,16.844
1768226506759,3106.9939,17482718943.7313,2026-01-12 14:01:46.759,ethereum,44.5897,3144.6294,,3159.8316,3088.4866,16.7707
1768230113703,3099.3581,20551131708.3141,2026-01-12 15:01:53.703,ethereum,41.4409,3144.243,,3160.1861,3085.6388,17.4712
1768233706054,3127.7139,20367087365.3041,2026-01-12 16:01:46.054,ethereum,54.3366,3143.8756,,3160.5989,3085.9851,17.4136
1768237344506,3129.7348,20450095762.008,2026-01-12 17:02:24.506,ethereum,55.0955,3143.5607,,3161.0973,3087.6727,17.4608
1768240908062,3101.9115,21114011147.1162,2026-01-12 18:01:48.062,ethereum,44.2025,3142.8875,,3161.5165,3085.7215,18.0054
1768244499907,3103.6647,21870367794.3342,2026-01-12 19:01:39.907,ethereum,44.9412,3142.1645,,3161.5908,3085.5017,18.4079
1768248125291,3118.5397,16535370715.1853,2026-01-12 20:02:05.291,ethereum,50.8827,3141.5496,,3161.5695,3085.4409,18.4167
1768251673017,3099.5945,21904413686.1067,2026-01-12 21:01:13.017,ethereum,44.3224,3140.7388,,3162.0372,3083.283,18.7605
1768255299854,3089.8598,23385200068.8271,2026-01-12 22:01:39.854,ethereum,41.3708,3139.8424,,3163.0425,3079.2503,19.8211
1768258887842,3093.9609,22105748062.6818,2026-01-12 23:01:27.842,ethereum,43.0902,3138.9701,,3158.4712,3077.6841,20.3142
1768262484200,3091.3343,18702216164.0639,2026-01-13 00:01:24.200,ethereum,42.2359,3138.1714,,3154.3384,3075.9488,21.1242
1768266122574,3104.422,20400974642.4758,2026-01-13 01:02:02.574,ethereum,47.7905,3137.5072,,3147.3587,3077.8278,21.3177
1768269701012,3093.6613,19550950747.9464,2026-01-13 02:01:41.012,ethereum,44.0407,3136.7692,,3139.1614,3079.8686,21.8817
1768273317107,3098.6411,19057027108.3868,2026-01-13 03:01:57.107,ethereum,46.1466,3136.0701,,3130.9592,3083.081,20.5765
1768276930674,3112.6971,18537405022.5993,2026-01-13 04:02:10.674,ethereum,51.6746,3135.4013,,3127.6618,3084.5774,19.1412
1768280503113,3119.9397,17449823192.3423,2026-01-13 05:01:43.113,ethereum,54.279,3134.7792,,3128.8649,3084.2812,16.9696
1768284140382,3129.2843,19128678951.4195,2026-01-13 06:02:20.382,ethereum,57.4641,3134.2495,,3131.7491,3083.122,14.7461
1768287804945,3129.2181,19272947582.4634,2026-01-13 07:03:24.945,ethereum,57.4336,3133.5899,,3134.7315,3082.7571,13.0005
1768291292768,3119.7633,22233898163.8786,2026-01-13 08:01:32.768,ethereum,53.0955,3133.0,,3135.5616,3082.7467,12.4082
1768294951859,3132.8741,21729877430.1664,2026-01-13 09:02:31.859,ethereum,57.8498,3132.4909,,3138.4992,3081.8175,13.3172
1768298593612,3135.4349,21946634736.6176,2026-01-13 10:03:13.612,ethereum,58.7298,3131.965,,3141.9266,3081.2342,14.2858
1768302085693,3129.7773,21784244980.6134,2026-01-13 11:01:25.693,ethereum,55.9508,3131.3843,,3143.8907,3082.312,14.6687
1768305694707,3131.3498,22017381183.6018,2026-01-13 12:01:34.707,ethereum,56.5659,3130.7499,,3144.456,3082.1103,15.1787
1768309367384,3130.8282,23093479096.4854,2026-01-13 13:02:47.384,ethereum,56.2851,3130.126,,3144.6295,3082.0461,15.6073
1768312838035,3139.9741,24615523834.0545,2026-01-13 14:00:38.035,ethereum,60.0317,3129.5419,,3148.1115,3082.3704,16.4154
1768316519322,3143.6191,24332835288.983,2026-01-13 15:01:59.322,ethereum,61.4497,3128.7546,,3151.8619,3082.6154,17.0389
1768320095476,3168.5632,24716604539.2224,2026-01-13 16:01:35.476,ethereum,69.4402,3128.1746,,3160.9739,3078.5058,19.9484
1768323725136,3190.0955,24280323712.3683,2026-01-13 17:02:05.136,ethereum,74.3774,3127.85,,3174.5358,3073.994,24.6515
1768327267579,3177.6354,23502174289.3989,2026-01-13 18:01:07.579,ethereum,67.5741,3127.7362,,3181.4083,3075.899,26.8245
1768331006995,3198.8152,23479482753.2618,2026-01-13 19:03:26.995,ethereum,72.2248,3127.6245,,3192.3508,3075.442,30.4224
1768334453479,3210.4233,25158658257.7515,2026-01-13 20:00:53.479,ethereum,74.3926,3127.5589,,3203.7575,3075.9442,34.6279
1768338168175,3203.2009,21338268419.6138,2026-01-13 21:02:48.175,ethereum,70.6955,3127.343,,3212.1552,3077.4244,36.783
1768341673327,3209.103,25924099518.4968,2026-01-13 22:01:13.327,ethereum,71.9235,3126.938,,3219.1858,3081.9379,38.2375
1768345248793,3330.1019,29607110697.3352,2026-01-13 23:00:48.793,ethereum,85.4159,3127.271,,3262.5405,3061.7294,53.0147
1768348946713,3319.9354,35290013880.9996,2026-01-14 00:02:26.713,ethereum,81.8565,3127.4342,,3291.4219,3053.5717,61.6145
1768352465522,3322.4262,34975238809.2866,2026-01-14 01:01:05.522,ethereum,82.0538,3127.7947,,3315.5741,3049.6682,68.6128
1768356112146,3331.7485,36175154557.1621,2026-01-14 02:01:52.146,ethereum,82.8074,3128.316,,3338.1589,3047.3298,74.1041
1768359705862,3323.7361,38452115394.6543,2026-01-14 03:01:45.862,ethereum,79.7092,3128.641,,3355.4136,3049.5269,77.5488
1768363325745,3350.3105,35173733118.7456,2026-01-14 04:02:05.745,ethereum,82.1012,3129.1499,,3374.8187,3053.1766,82.3762
1768366947143,3334.8615,34699184298.3616,2026-01-14 05:02:27.143,ethereum,76.4583,3129.6398,,3388.5987,3059.5952,85.0367
1768370592788,3327.0514,34763905902.279,2026-01-14 06:03:12.788,ethereum,73.7005,3130.1183,,3398.7275,3068.6282,86.6398
1768374123791,3330.8845,35044282096.884,2026-01-14 07:02:03.791,ethereum,74.1925,3130.6083,,3406.7292,3080.7371,87.6024
1768377738113,3335.2668,35540463950.0412,2026-01-14 08:02:18.113,ethereum,74.7736,3131.0952,,3412.9937,3094.8644,87.4244
1768381329452,3327.2723,35109737050.7653,2026-01-14 09:02:09.452,ethereum,71.6063,3131.5342,,3415.2793,3112.2232,86.6822
1768384968485,3326.9221,36201226152.3275,2026-01-14 10:02:48.485,ethereum,71.4635,3132.2933,,3415.7352,3130.462,85.2705
1768388417473,3314.8996,35682854243.4753,2026-01-14 11:00:17.473,ethereum,66.5563,3132.8792,,3412.2318,3151.0935,82.2665
1768392080359,3283.6827,36465172090.3015,2026-01-14 12:01:20.359,ethereum,55.8353,3133.2641,,3407.2448,3167.5925,77.8728
1768395779275,3294.42,36728361868.4694,2026-01-14 13:02:59.275,ethereum,58.3221,3133.7561,,3403.8325,3181.4373,72.7159
1768399237855,3300.5307,36073026363.5049,2026-01-14 14:00:37.855,ethereum,59.7124,3134.2982,,3396.6641,3200.8952,67.3622
1768402927139,3341.5727,38492489910.7591,2026-01-14 15:02:07.139,ethereum,67.5437,3135.1995,,3393.9246,3217.9104,62.2019
1768406486674,3345.3408,38185101803.2441,2026-01-14 16:01:26.674,ethereum,68.1558,3136.2909,,3390.4466,3234.8802,58.0749
1768410165985,3368.197,39311661636.035,2026-01-14 17:02:45.985,ethereum,71.6481,3137.5503,,3384.1459,3257.6805,55.6939
1768413817247,3340.0312,40141385871.3317,2026-01-14 18:03:37.247,ethereum,62.5451,3138.6611,,3364.8728,3290.0463,49.677
1768417309617,3338.5734,41844219326.0966,2026-01-14 19:01:49.617,ethereum,62.1053,3139.8037,,3365.5971,3290.1692,44.334
1768420954065,3363.7741,42850927516.2342,2026-01-14 20:02:34.065,ethereum,66.4919,3141.1084,,3370.6721,3289.478,39.7285
1768424558688,3379.566,43007879345.5513,2026-01-14 21:02:38.688,ethereum,68.9198,3142.5537,,3378.6884,3287.1758,33.0675
1768428162032,3372.5522,42100071473.9704,2026-01-14 22:02:42.032,ethereum,66.6113,3143.9007,,3383.8666,3286.0779,23.1422
1768431714021,3351.2684,37677496978.9795,2026-01-14 23:01:54.021,ethereum,60.0391,3145.0969,,3385.4502,3287.2475,23.4094
1768435298282,3354.6842,33262463308.8711,2026-01-15 00:01:38.282,ethereum,60.7091,3146.223,,3385.9538,3287.1813,23.5521
1768438965838,3333.9769,34279192019.0102,2026-01-15 01:02:45.838,ethereum,54.7194,3147.1875,,3385.9172,3287.1295,23.384
1768442549874,3324.9992,34374195378.192,2026-01-15 02:02:29.874,ethereum,52.3097,3148.0937,,3385.9013,3286.9401,23.4815
1768446185418,3314.8079,32702610719.6206,2026-01-15 03:03:05.418,ethereum,49.6375,3149.0405,,3385.9462,3285.2876,23.7536
1768449691375,3283.8891,32408128728.7781,2026-01-15 04:01:31.375,ethereum,42.5377,3149.9247,,3388.2003,3277.8958,25.7555
1768453410953,3306.7913,34082466979.0848,2026-01-15 05:03:30.953,ethereum,48.4226,3150.8586,,3388.316,3275.732,26.2932
1768456975866,3312.2249,32758843856.9633,2026-01-15 06:02:55.866,ethereum,49.7377,3151.887,,3388.2085,3274.3697,26.5799
1768460488180,3314.3253,31447887800.5252,2026-01-15 07:01:28.180,ethereum,50.2657,3153.1413,,3388.2134,3274.3073,26.7995
1768464160057,3327.8677,31911683610.9393,2026-01-15 08:02:40.057,ethereum,53.6464,3154.3499,,3386.1356,3280.8037,26.7836
1768467721906,3334.5296,32314064102.4158,2026-01-15 09:02:01.906,ethereum,55.2576,3155.6716,,3385.0015,3285.9487,26.7914
1768471432092,3362.3618,34367595989.2501,2026-01-15 10:03:52.092,ethereum,61.3085,3157.1687,,3386.681,3290.4523,27.5575
1768474945832,3362.6674,33571877530.6342,2026-01-15 11:02:25.832,ethereum,61.3703,3158.5818,,3388.8647,3290.3781,28.0
1768478581165,3348.3586,32544041684.9561,2026-01-15 12:03:01.165,ethereum,56.7977,3159.9624,,3389.1032,3290.4414,26.0018
1768482069653,3367.978,32627564812.208,2026-01-15 13:01:09.653,ethereum,61.0797,3161.608,,3389.0671,3290.4556,25.1403
1768485717493,3374.4562,30663687548.5808,2026-01-15 14:01:57.493,ethereum,62.4047,3163.2989,,3393.0572,3289.908,24.6672
1768489291257,3341.5147,29671890966.0831,2026-01-15 15:01:31.257,ethereum,52.5986,3164.9236,,3393.187,3290.0724,24.6673
1768492907361,3322.6647,31863740777.6239,2026-01-15 16:01:47.361,ethereum,47.9548,3166.2382,,3390.7124,3288.436,24.9938
1768496466253,3329.7836,26419413615.5614,2026-01-15 17:01:06.253,ethereum,49.7589,3167.539,,3384.9352,3289.2349,24.4507
1768500174085,3301.3533,29852446907.2582,2026-01-15 18:02:54.085,ethereum,43.3033,3168.5551,,3380.8824,3286.1678,25.7017
1768503719957,3285.7714,31033126763.5294,2026-01-15 19:01:59.957,ethereum,40.2232,3169.576,,3381.1712,3279.3294,27.8674
1768507360104,3293.5685,30452984502.9407,2026-01-15 20:02:40.104,ethereum,42.4299,3170.6901,,3379.2069,3275.1821,28.5391
1768510864927,3285.772,30015733702.4104,2026-01-15 21:01:04.927,ethereum,40.8077,3171.7608,,3379.7025,3269.866,28.366
1768514533034,3299.7587,28763838370.124,2026-01-15 22:02:13.034,ethereum,44.8791,3172.8514,,3379.5124,3267.5321,27.4399
1768518110172,3305.6714,28578826796.9674,2026-01-15 23:01:50.172,ethereum,46.5527,3173.9805,,3379.48,3266.6509,27.2262
1768521683230,3317.2974,29524649872.3333,2026-01-16 00:01:23.230,ethereum,49.7815,3175.2488,,3378.3188,3271.1528,26.4881
1768525234044,3316.3161,27996686283.3785,2026-01-16 01:00:34.044,ethereum,49.5096,3176.4618,,3378.3158,3272.1083,26.4155
1768528903501,3312.7604,28978229225.0755,2026-01-16 02:01:43.501,ethereum,48.4765,3177.7193,,3378.3169,3272.1608,26.4788
1768532489194,3302.7316,28582904456.3712,2026-01-16 03:01:29.194,ethereum,45.5873,3178.8917,,3378.4498,3270.8686,26.7304
1768536124598,3294.7439,26301052787.3968,2026-01-16 04:02:04.598,ethereum,43.3701,3179.9564,,3378.3147,3267.6913,26.1562
1768539741404,3287.7541,27726191033.6788,2026-01-16 05:02:21.404,ethereum,41.4694,3180.9926,,3377.7556,3263.5728,26.9065
1768543341671,3309.3221,26558382313.3576,2026-01-16 06:02:21.671,ethereum,48.9097,3182.1631,,3371.95,3264.0744,26.9538
1768546947071,3313.1327,26683193879.0206,2026-01-16 07:02:27.071,ethereum,50.1163,3183.32,,3365.4423,3265.6286,26.9673
1768550423838,3306.9999,26211427362.6567,2026-01-16 08:00:23.838,ethereum,48.1456,3184.4936,,3361.1403,3265.7948,27.0643
1768554123826,3311.4889,26011933600.7719,2026-01-16 09:02:03.826,ethereum,49.7046,3185.884,,3351.2298,3270.0564,26.9306
1768557785930,3307.1565,26558638938.624,2026-01-16 10:03:05.930,ethereum,48.1985,3187.1924,,3335.385,3279.1712,25.3718
1768561419508,3295.4006,24481209977.5839,2026-01-16 11:03:39.508,ethereum,44.2779,3188.3895,,3328.6899,3281.2549,23.7267
1768564826462,3300.2338,23978223945.6282,2026-01-16 12:00:26.462,ethereum,46.215,3189.6607,,3326.1975,3281.5042,22.6921
1768568468004,3306.5048,25797569208.9559,2026-01-16 13:01:08.004,ethereum,48.7065,3190.99,,3321.6833,3283.6905,19.2921
1768572259179,3309.595,23910135105.3405,2026-01-16 14:04:19.179,ethereum,49.9372,3192.2652,,3322.318,3283.88,13.4068
1768575737030,3294.0916,22693583371.6908,2026-01-16 15:02:17.030,ethereum,44.2066,3193.5905,,3321.5388,3285.4912,11.3701
1768579376052,3263.3938,24972623557.1422,2026-01-16 16:02:56.052,ethereum,35.5158,3194.5069,,3326.864,3277.1485,13.5069
1768582834517,3277.0673,23516817375.698,2026-01-16 17:00:34.517,ethereum,41.0729,3195.3829,,3327.8166,3275.3255,13.0907
1768586476743,3281.6724,24005583257.5152,2026-01-16 18:01:16.743,ethereum,42.8589,3196.3956,,3328.3089,3273.0245,13.6029
1768590160615,3276.5154,22577105770.1314,2026-01-16 19:02:40.615,ethereum,41.3475,3197.4986,,3328.6579,3269.76,14.1184
1768593697356,3274.2541,22442362333.2325,2026-01-16 20:01:37.356,ethereum,40.6703,3198.6772,,3327.1868,3266.9267,14.95
1768597306168,3291.4333,24107449122.2164,2026-01-16 21:01:46.168,ethereum,47.6813,3200.0026,,3324.6877,3266.9375,14.7941
1768600984265,3292.9967,23955696178.4558,2026-01-16 22:03:04.265,ethereum,48.2803,3201.2751,,3322.6454,3267.0035,14.8262
1768604507209,3292.173,23030407656.8747,2026-01-16 23:01:47.209,ethereum,47.9687,3202.5282,,3321.8971,3266.6959,14.7728
1768608137266,3295.2835,23127903287.7146,2026-01-17 00:02:17.266,ethereum,49.2994,3203.7909,,3321.9268,3266.7201,14.1469
1768611707922,3291.3815,23121147422.6348,2026-01-17 01:01:47.922,ethereum,47.653,3205.0489,,3321.9805,3267.0292,13.5205
1768615294561,3288.7728,22857155339.1508,2026-01-17 02:01:34.561,ethereum,46.534,3206.253,,3320.186,3266.7688,13.0552
1768618852790,3290.5772,23736354371.6702,2026-01-17 03:00:52.790,ethereum,47.4531,3207.4845,,3317.5027,3267.1965,12.9507
1768622608076,3288.0145,22322752316.6094,2026-01-17 04:03:28.076,ethereum,46.2374,3208.7064,,3315.6883,3267.1123,13.0028
1768626074655,3290.3085,23074660300.707,2026-01-17 05:01:14.655,ethereum,47.5331,3209.9803,,3312.8124,3267.8702,12.9637
1768629773795,3289.935,21176450336.0419,2026-01-17 06:02:53.795,ethereum,47.3331,3211.2151,,3310.5863,3268.3742,12.5423
1768633305017,3289.5648,20141866740.7996,2026-01-17 07:01:45.017,ethereum,47.1214,3212.4415,,3310.1197,3268.2572,11.785
1768636913436,3289.7218,20525802798.7548,2026-01-17 08:01:53.436,ethereum,47.2292,3213.6386,,3308.9771,3268.3486,11.3397
1768640514328,3294.6774,20355125514.3344,2026-01-17 09:01:54.328,ethereum,50.6485,3214.8812,,3306.9086,3269.2343,10.518
1768644121288,3297.9268,20386382935.2973,2026-01-17 10:02:01.288,ethereum,52.8076,3216.1105,,3304.2287,3270.7474,10.0382
1768647804903,3294.5528,20254938655.6742,2026-01-17 11:03:24.903,ethereum,50.3446,3217.2788,,3304.2893,3270.7329,10.0201
1768651321420,3301.1248,20074641483.0738,2026-01-17 12:02:01.420,ethereum,54.7698,3218.517,,3303.1093,3275.686,10.0611
1768654936199,3301.2223,19723914893.5895,2026-01-17 13:02:16.199,ethereum,54.8342,3219.7467,,3304.0118,3277.199,9.7384
1768658498235,3302.2401,19144080527.6807,2026-01-17 14:01:38.235,ethereum,55.5447,3221.006,,3305.2945,3277.9731,9.1902
1768662202937,3308.0305,18365663691.2987,2026-01-17 15:03:22.937,ethereum,59.4531,3222.3212,,3306.8014,3279.6177,9.9033
1768665796837,3324.3614,16539386380.8282,2026-01-17 16:03:16.837,ethereum,67.9984,3223.7099,,3312.5035,3278.9263,10.5485
1768669256278,3317.5952,15590313395.8786,2026-01-17 17:00:56.278,ethereum,62.1537,3225.0549,,3316.1828,3277.8633,11.1697
1768673055210,3315.7682,16293343008.902,2026-01-17 18:04:15.210,ethereum,60.6381,3226.4075,,3318.8726,3277.4506,11.6457
1768676436475,3317.6128,14407233112.482,2026-01-17 19:00:36.475,ethereum,61.6548,3227.7697,,3321.5914,3277.2758,11.713
1768680093343,3314.9656,13603400134.7175,2026-01-17 20:01:33.343,ethereum,59.2882,3229.124,,3323.4806,3277.3548,11.1368
1768683729468,3315.8838,12212268094.433,2026-01-17 21:02:09.468,ethereum,59.8636,3230.4957,,3325.2522,3278.0334,11.5098
1768687322983,3310.9965,11843217385.5021,2026-01-17 22:02:02.983,ethereum,55.3766,3231.8585,,3325.9237,3279.5842,11.6063
1768690928204,3301.9987,11824219705.2646,2026-01-17 23:02:08.204,ethereum,48.2118,3233.201,,3325.8193,3280.8308,11.4558
1768694614699,3307.6006,11544828042.3784,2026-01-18 00:03:34.699,ethereum,52.3457,3234.5456,,3325.727,3282.8817,11.4478
1768698117834,3302.2882,11460009589.0988,2026-01-18 01:01:57.834,ethereum,48.4001,3235.8239,,3325.376,3284.4307,11.2278
1768701718258,3300.4178,11256692445.1013,2026-01-18 02:01:58.258,ethereum,47.0552,3237.0691,,3324.8503,3286.0047,10.8625
1768705324890,3301.736,11158537524.3417,2026-01-18 03:02:04.890,ethereum,48.1487,3238.332,,3324.1513,3287.9208,10.5506
1768708918538,3314.4833,11271005500.2794,2026-01-18 04:01:58.538,ethereum,57.3272,3239.6525,,3324.0989,3290.4494,10.2658
1768712515183,3310.5645,11195769831.8592,2026-01-18 05:01:55.183,ethereum,54.1536,3240.9416,,3323.9108,3292.2262,9.8846
1768716070230,3314.4991,11319785250.1196,2026-01-18 06:01:10.230,ethereum,56.7429,3242.2495,,3324.2572,3293.5371,9.4973
1768719670280,3313.7015,11704156763.636,2026-01-18 07:01:10.280,ethereum,56.0517,3243.5581,,3323.8449,3295.8642,8.9145
1768723270321,3305.8666,11691908998.0526,2026-01-18 08:01:10.321,ethereum,49.6542,3244.8402,,3323.6358,3296.5475,8.107
1768726902856,3313.9393,11531984117.9659,2026-01-18 09:01:42.856,ethereum,55.3136,3246.1154,,3323.7296,3297.7254,7.6811
1768730538597,3321.972,11900137147.0508,2026-01-18 10:02:18.597,ethereum,60.1177,3247.4323,,3324.9821,3298.446,7.779
1768734027650,3324.2485,12096560428.0023,2026-01-18 11:00:27.650,ethereum,61.3848,3248.7508,,3326.7418,3298.3081,7.6208
1768737785323,3320.6325,11723154779.3596,2026-01-18 12:03:05.323,ethereum,58.2208,3250.0579,,3326.0172,3298.6599,7.5659
1768741274956,3320.6809,11711194442.8497,2026-01-18 13:01:14.956,ethereum,58.2518,3251.3095,,3326.4715,3298.5141,7.4271
1768744976937,3323.2767,12128596555.2472,2026-01-18 14:02:56.937,ethereum,59.9684,3252.6067,,3327.5636,3298.1729,7.3942
1768748595745,3324.1154,12582713232.5855,2026-01-18 15:03:15.745,ethereum,60.5331,3253.8242,,3328.5663,3297.8204,7.6063
1768752087193,3332.29,11232324058.684,2026-01-18 16:01:27.193,ethereum,65.6228,3255.1195,,3331.542,3296.5772,8.2175
1768755768555,3332.5448,10633001450.3252,2026-01-18 17:02:48.555,ethereum,65.7709,3256.3543,,3334.1419,3295.6434,8.9949
1768759336616,3340.168,12164176638.9503,2026-01-18 18:02:16.616,ethereum,69.9449,3257.6515,,3338.4138,3294.2887,10.3519
1768762884505,3361.0173,12755515433.9246,2026-01-18 19:01:24.505,ethereum,77.887,3259.0606,,3347.758,3290.8463,13.8331
1768766525236,3344.4565,13083155210.714,2026-01-18 20:02:05.236,ethereum,63.5271,3260.3959,,3351.0668,3291.2231,14.8337
1768770145266,3339.3053,11904554590.7275,2026-01-18 21:02:25.266,ethereum,59.832,3261.7735,,3352.6008,3293.3908,15.3708
1768773672135,3340.1828,11793828167.435,2026-01-18 22:01:12.135,ethereum,60.2561,3263.1006,,3353.5807,3296.3874,15.7673
1768777357490,3347.2908,13237531438.9241,2026-01-18 23:02:37.490,ethereum,63.6079,3264.5421,,3355.341,3299.1826,16.0604
1768780890521,3281.7316,14705538559.665,2026-01-19 00:01:30.521,ethereum,34.6131,3265.5086,,3359.6779,3291.5705,17.9152
1768784515597,3209.5084,19993153732.6683,2026-01-19 01:01:55.597,ethereum,22.4644,3266.0622,,3381.4709,3259.6719,28.9794
1768788127926,3203.251,22413519962.284,2026-01-19 02:02:07.926,ethereum,21.7521,3266.5569,,3394.573,3235.445,37.2033
1768791826774,3204.1781,22018283112.9152,2026-01-19 03:03:46.774,ethereum,22.146,3266.8477,,3402.6286,3216.437,43.4352
1768795254959,3209.7392,22807379526.1653,2026-01-19 04:00:54.959,ethereum,24.598,3267.2032,,3407.5053,3201.9476,48.0042
1768798863073,3211.7445,23813601659.9999,2026-01-19 05:01:03.073,ethereum,25.5091,3267.5384,,3409.9399,3189.2935,51.6753
1768802442921,3201.5512,25139097882.3625,2026-01-19 06:00:42.921,ethereum,23.9265,3267.8141,,3411.28,3175.9113,55.4617
1768806150353,3191.7441,25789642400.183,2026-01-19 07:02:30.353,ethereum,22.4813,3268.0713,,3411.7137,3162.2272,59.3156
1768809654544,3205.2989,26283818880.545,2026-01-19 08:00:54.544,ethereum,28.8755,3268.5153,,3409.7933,3152.6142,61.7864
1768813377245,3214.4194,26293941283.907,2026-01-19 09:02:57.245,ethereum,32.8869,3269.1317,,3406.2851,3145.4963,63.2707
1768816977889,3205.2274,26842871105.7296,2026-01-19 10:02:57.889,ethereum,30.9899,3269.6864,,3401.9462,3138.0302,64.6613
1768820453462,3212.8322,27032285629.1809,2026-01-19 11:00:53.462,ethereum,34.3632,3270.3399,,3396.1681,3132.68,65.2453
1768824008324,3221.0347,28452186171.4795,2026-01-19 12:00:08.324,ethereum,37.8897,3270.9915,,3388.0437,3129.6789,65.321
1768827828659,3221.7831,28742809651.5142,2026-01-19 13:03:48.659,ethereum,38.2159,3271.6403,,3378.8402,3127.8062,65.0972
1768831276023,3216.7358,29801717789.7616,2026-01-19 14:01:16.023,ethereum,36.8119,3272.2935,,3366.991,3127.3122,64.6369
1768834820834,3211.1339,30428008880.2762,2026-01-19 15:00:20.834,ethereum,35.2633,3272.9588,,3348.3,3131.0149,63.977
1768838543445,3215.0473,30674711004.5675,2026-01-19 16:02:23.445,ethereum,37.2492,3273.4787,,3330.9638,3135.4102,62.4056
1768842189030,3222.3852,31221509150.6102,2026-01-19 17:03:09.030,ethereum,40.9096,3274.0301,,3312.1627,3142.5193,60.2173
1768845773878,3218.2682,30457897898.8972,2026-01-19 18:02:53.878,ethereum,39.5169,3274.7227,,3288.4456,3154.0449,57.0908
1768849288234,3212.7198,30167832459.4397,2026-01-19 19:01:28.234,ethereum,37.6562,3275.3719,,3248.7488,3180.2846,51.3996
1768852940757,3217.0997,28660094153.5506,2026-01-19 20:02:20.757,ethereum,40.0556,3275.9586,,3226.3792,3196.191,45.9947
1768856531025,3213.8781,28988961186.7445,2026-01-19 21:02:11.025,ethereum,38.8706,3276.6388,,3226.615,3196.3922,39.816
1768860117696,3211.7946,30297059801.3875,2026-01-19 22:01:57.696,ethereum,38.0858,3277.3646,,3226.5602,3197.3014,31.4689
1768863611279,3197.6985,30528497104.8913,2026-01-19 23:00:11.279,ethereum,33.2018,3277.9821,,3227.1661,3196.0475,16.3436
1768867340876,3186.2353,28634929003.0672,2026-01-20 00:02:20.876,ethereum,29.8496,3278.547,,3229.5264,3191.3368,9.1024
1768870898859,3181.552,22602463526.0435,2026-01-20 01:01:38.859,ethereum,28.58,3279.0061,,3231.7684,3186.0756,10.7767
1768874495889,3194.6841,21855521944.5305,2026-01-20 02:01:35.889,ethereum,36.709,3279.6074,,3232.0555,3185.1017,11.1
1768878097803,3193.1527,21280608506.3123,2026-01-20 03:01:37.803,ethereum,36.1917,3280.17,,3231.9311,3185.367,11.4983
1768881686894,3185.4927,21654295463.4899,2026-01-20 04:01:26.894,ethereum,33.6381,3280.6033,,3233.0188,3182.2987,12.3558
1768885305647,3171.0214,21341791485.675,2026-01-20 05:01:45.647,ethereum,29.4155,3280.9074,,3235.2145,3175.7632,14.2934
1768888877774,3169.1354,19620309242.5845,2026-01-20 06:01:17.774,ethereum,28.9062,3281.1446,,3237.3723,3169.9961,16.0666
1768892581207,3110.5259,21135330568.4553,2026-01-20 07:03:01.207,ethereum,18.3017,3281.0333,,3251.0015,3146.1363,24.8573
1768896088923,3125.886,22550136037.9346,2026-01-20 08:01:28.923,ethereum,25.9671,3281.0697,,3253.9303,3133.6927,29.098
1768899733368,3101.0578,22715523558.4245,2026-01-20 09:02:13.368,ethereum,22.3214,3280.8804,,3258.7167,3116.8338,34.8016
1768903271103,3089.5415,22935329882.3953,2026-01-20 10:01:11.103,ethereum,20.8586,3280.6072,,3262.8596,3099.9715,40.4875
1768906907587,3098.8706,23132262832.6492,2026-01-20 11:01:47.587,ethereum,25.1385,3280.4232,,3263.5132,3088.0915,43.9275
1768910463076,3106.5472,22332576038.4233,2026-01-20 12:01:03.076,ethereum,28.5621,3280.2756,,3261.0785,3079.6762,45.7704
1768914097710,3108.1193,22053198899.6064,2026-01-20 13:01:37.710,ethereum,29.2754,3280.1404,,3255.9349,3073.3931,46.9105
1768917770689,3079.4854,23973168345.9564,2026-01-20 14:02:50.689,ethereum,24.4807,3279.7804,,3252.6679,3062.7819,49.6668
1768921302869,3041.708,25354362311.7865,2026-01-20 15:01:42.869,ethereum,19.8594,3279.1737,,3253.1398,3045.2089,54.962
1768924886348,3028.5321,28058424680.8494,2026-01-20 16:01:26.348,ethereum,18.5445,3278.3402,,3251.2868,3028.205,59.8796
1768928502879,3003.2098,28767205443.0309,2026-01-20 17:01:42.879,ethereum,16.3095,3277.2278,,3250.1541,3008.2709,65.2648
1768932108969,2997.636,31491827112.4397,2026-01-20 18:01:48.969,ethereum,15.8565,3276.1564,,3246.0458,2990.9634,69.6784
1768935689525,2991.0821,30918639793.7857,2026-01-20 19:01:29.525,ethereum,15.3178,3274.9199,,3241.7133,2974.6342,73.4332
1768939266505,2992.3999,31614841815.1681,2026-01-20 20:01:06.505,ethereum,15.9362,3273.6221,,3236.0287,2960.9353,75.4973
1768942893277,2994.0663,32117176571.9101,2026-01-20 21:01:33.277,ethereum,16.7641,3272.3773,,3228.2766,2949.9388,76.4096
1768946486637,2988.8261,33760978000.0437,2026-01-20 22:01:26.637,ethereum,16.223,3271.0661,,3215.6586,2941.9711,76.6234
1768950086556,2943.514,33795991122.8702,2026-01-20 23:01:26.556,ethereum,12.4741,3268.765,,3204.7151,2927.9506,79.6573
1768953707938,2935.6234,34750583222.719,2026-01-21 00:01:47.938,ethereum,11.956,3266.4774,,3192.0511,2915.6277,82.4284
1768957383712,2956.3193,34409667450.2347,2026-01-21 01:03:03.712,ethereum,21.2011,3264.2982,,3176.5105,2909.6981,82.7476
1768960913440,2965.7472,35934149596.0025,2026-01-21 02:01:53.440,ethereum,25.0615,3262.1196,,3157.0462,2908.8236,80.547
1768964442074,2958.5075,35934086536.3078,2026-01-21 03:00:42.074,ethereum,24.0857,3259.9456,,3148.1197,2902.5483,77.5368
1768968184039,2978.5882,34995578780.7649,2026-01-21 04:03:04.039,ethereum,31.995,3257.733,,3133.183,2902.7552,72.9047
1768971764531,2976.1375,34507067245.5712,2026-01-21 05:02:44.531,ethereum,31.5628,3255.5978,,3121.6659,2901.7802,68.2661
1768975314732,2991.7856,34625425060.0116,2026-01-21 06:01:54.732,ethereum,37.3795,3253.6021,,3111.0477,2902.6229,61.9567
1768978845713,2976.1254,33813141670.9153,2026-01-21 07:00:45.713,ethereum,34.2428,3251.4905,,3096.6359,2904.7601,59.7835
1768982480528,2966.1436,32511838557.9495,2026-01-21 08:01:20.528,ethereum,32.3778,3249.2933,,3077.3734,2909.9823,56.0102
1768986114199,2961.5377,32892924655.8008,2026-01-21 09:01:54.199,ethereum,31.5246,3247.1163,,3052.51,2920.1875,53.4644
1768989703555,2957.1665,32550585231.4064,2026-01-21 10:01:43.555,ethereum,30.6978,3244.9154,,3031.8382,2928.6274,51.1883
1768993212883,2961.3719,31148673717.1178,2026-01-21 11:00:12.883,ethereum,32.5311,3242.811,,3019.964,2932.468,47.1667
1768996886892,2951.1611,31808484955.9419,2026-01-21 12:01:26.892,ethereum,30.4265,3240.8318,,3010.1917,2934.5033,41.3807
1769000484482,2927.758,32466827367.5205,2026-01-21 13:01:24.482,ethereum,26.2368,3238.6492,,3008.3543,2928.7955,34.3392
1769004031411,2927.9609,32412830012.6298,2026-01-21 14:00:31.411,ethereum,26.3315,3236.4316,,3006.2596,2923.9226,28.7653
1769007891000,2979.6509,32943864130.6231,2026-01-21 15:04:51.000,ethereum,45.5224,3234.2773,,3004.5299,2924.5092,24.9367
1769011363414,3000.0913,31769327183.6326,2026-01-21 16:02:43.414,ethereum,50.9625,3232.2222,,3006.109,2923.6992,22.6708
1769015013388,2898.086,34091121151.0365,2026-01-21 17:03:33.388,ethereum,33.1642,3229.4239,,3008.3603,2911.8499,25.9184
1769018500838,2900.5937,34145464156.8394,2026-01-21 18:01:40.838,ethereum,33.7765,3226.8082,,3008.5524,2902.8346,28.1927
1769022070824,2924.5258,34598892369.5692,2026-01-21 19:01:10.824,ethereum,39.4754,3224.3437,,3009.1047,2900.3835,28.4468
1769025818085,3044.4127,37943797430.6071,2026-01-21 20:03:38.085,ethereum,58.6652,3222.4427,,3026.3023,2894.0647,32.7634
1769029339273,3021.8213,40051143296.5395,2026-01-21 21:02:19.273,ethereum,55.1187,3220.3133,,3034.7723,2892.1449,34.4263
1769032925707,3028.5928,38856498298.0145,2026-01-21 22:02:05.707,ethereum,55.9778,3218.2659,,3043.3707,2889.8312,36.6475
1769036517764,3008.7558,37325494600.5567,2026-01-21 23:01:57.764,ethereum,52.7901,3216.2271,,3047.921,2890.3056,37.481
1769040079621,2979.5589,36925868186.7241,2026-01-22 00:01:19.621,ethereum,48.4196,3213.9942,,3047.994,2890.3297,36.9717
1769043730606,3001.5307,36319754466.3324,2026-01-22 01:02:10.606,ethereum,51.6628,3212.0154,,3050.4807,2890.3823,37.476
1769047342974,3024.3936,37571428381.333,2026-01-22 02:02:22.974,ethereum,54.8444,3210.2261,,3055.0585,2889.0654,39.0442
1769050844942,3015.5054,36224207381.6694,2026-01-22 03:00:44.942,ethereum,53.3736,3208.4445,,3059.1607,2888.9011,39.8644
1769054494788,3008.209,35922073164.57,2026-01-22 04:01:34.788,ethereum,52.1375,3206.8036,,3062.4509,2889.8175,40.4305
1769058154485,3019.9141,35936885516.63,2026-01-22 05:02:34.485,ethereum,53.9788,3205.096,,3067.1281,2890.9779,41.3955
1769061659677,3013.7477,35696416762.5972,2026-01-22 06:00:59.677,ethereum,52.8258,3203.3193,,3070.5959,2893.1682,41.9481
1769065327710,3017.0569,35487931962.5354,2026-01-22 07:02:07.710,ethereum,53.4011,3201.5499,,3074.1228,2895.2099,42.6477
1769068992453,3000.7926,34939167022.7583,2026-01-22 08:03:12.453,ethereum,50.1634,3199.603,,3075.4956,2898.8002,42.7159
1769072466045,3002.2708,34374197780.3991,2026-01-22 09:01:06.045,ethereum,50.4574,3197.6252,,3075.0763,2906.6708,42.666
1769076125038,3011.5386,34368661819.3645,2026-01-22 10:02:05.038,ethereum,52.3551,3195.537,,3074.5135,2915.5914,42.6253
1769079710903,2999.9488,34870651090.859,2026-01-22 11:01:50.903,ethereum,49.7868,3193.378,,3075.2336,2916.9011,42.3741
1769083297619,2983.8511,35029780109.7131,2026-01-22 12:01:37.619,ethereum,46.3832,3191.2083,,3074.5728,2915.9378,41.6637
1769086889032,2985.8288,32741322354.7574,2026-01-22 13:01:29.032,ethereum,46.8638,3188.9336,,3065.549,2933.7359,39.5747
1769090514465,2967.5029,33271460477.6629,2026-01-22 14:01:54.465,ethereum,43.016,3186.5112,,3053.4197,2952.5562,37.5826
1769094101501,2942.5245,32209388228.3237,2026-01-22 15:01:41.501,ethereum,38.3893,3184.1363,,3049.0545,2958.7212,38.9078
1769097703455,2940.0663,31625789163.2748,2026-01-22 16:01:43.455,ethereum,37.9566,3181.8589,,3047.8369,2949.5042,40.2517
1769101317205,2942.4363,30871972904.1669,2026-01-22 17:01:57.205,ethereum,38.6743,3179.5533,,3048.363,2941.0396,36.7523
1769104910741,2955.1345,28552523230.58,2026-01-22 18:01:50.741,ethereum,42.5111,3177.4925,,3044.9635,2937.0933,32.3363
1769108524550,2940.7304,28015366586.5289,2026-01-22 19:02:04.550,ethereum,39.4927,3175.4387,,3045.1236,2930.1306,30.9778
1769112083863,2951.3102,24601200580.1316,2026-01-22 20:01:23.863,ethereum,42.7103,3173.4014,,3045.785,2926.6443,30.211
1769115702558,2935.9764,23563965053.3397,2026-01-22 21:01:42.558,ethereum,39.437,3171.3193,,3045.8934,2919.9805,31.3554
1769119298641,2945.6447,22133455183.0721,2026-01-22 22:01:38.641,ethereum,42.4328,3169.2115,,3040.9343,2917.0647,31.09
1769122887639,2950.0108,23221453823.3806,2026-01-22 23:01:27.639,ethereum,43.7852,3167.0944,,3036.5076,2914.942,31.2935
1769126512738,2949.6557,22234581558.1829,2026-01-23 00:01:52.738,ethereum,43.6953,3164.9061,,3032.6732,2912.9211,31.9275
1769130145285,2952.1241,21893813489.0942,2026-01-23 01:02:25.285,ethereum,44.5476,3162.7383,,3025.8049,2913.0103,32.0311
1769133664920,2965.4861,22782237760.5642,2026-01-23 02:01:04.920,ethereum,49.0445,3160.6712,,3019.599,2914.39,30.4886
1769137304660,2949.3268,21483305969.1331,2026-01-23 03:01:44.660,ethereum,44.3595,3158.5676,,3011.384,2915.8321,29.636
1769140949766,2960.3255,21146230958.7453,2026-01-23 04:02:29.766,ethereum,48.0005,3156.577,,3006.214,2916.9553,28.6983
1769144505437,2975.1259,22738180595.0368,2026-01-23 05:01:45.437,ethereum,52.5046,3154.7161,,3001.3372,2919.1177,26.7077
1769148159499,2964.6093,21769121094.0377,2026-01-23 06:02:39.499,ethereum,49.2408,3152.6642,,2991.7227,2924.0392,24.8912
1769151722205,2936.6046,22811400211.3413,2026-01-23 07:02:02.205,ethereum,41.791,3150.423,,2983.7264,2925.7011,23.1001
1769155285201,2944.7165,22140220966.3984,2026-01-23 08:01:25.201,ethereum,44.4144,3148.2666,,2978.7688,2926.7453,21.9023
1769158968170,2925.645,23530484068.0939,2026-01-23 09:02:48.170,ethereum,39.8654,3145.9699,,2973.5943,2925.9014,21.1244
1769162531793,2916.9404,22772013365.4331,2026-01-23 10:02:11.793,ethereum,37.9547,3143.6472,,2973.5883,2920.8511,19.32
1769166110393,2926.7364,22328958436.0491,2026-01-23 11:01:50.393,ethereum,41.3609,3141.4527,,2974.2209,2918.6397,17.3273
1769169772245,2935.3641,22319426875.2654,2026-01-23 12:02:52.245,ethereum,44.2632,3139.2809,,2974.2752,2918.1152,16.029
1769173457378,2932.8148,22180925442.658,2026-01-23 13:04:17.378,ethereum,43.5769,3137.0565,,2974.3592,2917.069,14.1826
1769176966437,2924.4828,21534307165.7085,2026-01-23 14:02:46.437,ethereum,41.3218,3134.7642,,2973.9061,2914.4569,14.0804
1769180530084,2911.4339,21272668299.9532,2026-01-23 15:02:10.084,ethereum,38.0047,3132.4865,,2975.6874,2909.746,15.6013
1769184154051,2943.7687,21308857215.3885,2026-01-23 16:02:34.051,ethereum,48.9423,3130.5839,,2975.0803,2909.599,15.5891
1769187645888,2963.4438,21702650610.8937,2026-01-23 17:00:45.888,ethereum,54.2334,3128.7171,,2977.5565,2909.8695,16.1258
1769191327751,2980.1125,22234590392.7924,2026-01-23 18:02:07.751,ethereum,58.1868,3126.9221,,2982.8228,2908.05,17.6095
1769194933306,2983.0996,22415403778.7536,2026-01-23 19:02:13.306,ethereum,58.8724,3125.1756,,2987.9113,2906.2704,19.204
1769198513730,2953.8809,22965745297.041,2026-01-23 20:01:53.730,ethereum,50.2012,3123.2686,,2988.2171,2906.3871,19.237
1769202117179,2937.4029,23173017311.361,2026-01-23 21:01:57.179,ethereum,46.0792,3121.1613,,2987.6369,2905.4951,19.2038
1769205713230,2942.1748,23046783957.9136,2026-01-23 22:01:53.230,ethereum,47.4255,3119.0731,,2985.5707,2905.2302,19.2277
1769209300294,2955.0655,23112690307.3627,2026-01-23 23:01:40.294,ethereum,50.9857,3117.0665,,2986.0473,2905.3275,19.291
1769212893077,2952.5142,22756448316.1736,2026-01-24 00:01:33.077,ethereum,50.2603,3115.0262,,2985.2315,2905.3622,19.3163
1769216518263,2946.7272,22752313748.0241,2026-01-24 01:01:58.263,ethereum,48.5721,3112.9747,,2981.4157,2906.3381,19.2881
1769220094323,2951.941,22424291420.3842,2026-01-24 02:01:34.323,ethereum,50.1952,3110.9697,,2979.7756,2906.7113,18.918
1769223702307,2954.4674,22251351689.4795,2026-01-24 03:01:42.307,ethereum,51.0021,3108.9691,,2980.8488,2907.4244,18.9813
1769227291681,2958.3272,22473035640.5913,2026-01-24 04:01:31.681,ethereum,52.2744,3107.0067,,2982.0481,2907.5862,18.9229
1769230833710,2958.7866,22149255154.9761,2026-01-24 05:00:33.710,ethereum,52.4327,3105.0333,,2983.0895,2909.859,18.1276
1769234525140,2956.4313,22868548766.9202,2026-01-24 06:02:05.140,ethereum,51.4897,3103.0482,,2982.6607,2914.2368,17.8347
1769238095567,2957.0409,20992001524.7218,2026-01-24 07:01:35.567,ethereum,51.7317,3101.0689,,2982.854,2917.074,17.8775
1769241602654,2954.7334,20616725594.9745,2026-01-24 08:00:02.654,ethereum,50.7007,3099.0749,,2983.1803,2918.6847,17.9536
1769245291456,2958.196,19603469308.0152,2026-01-24 09:01:31.456,ethereum,52.2389,3097.072,,2983.4806,2920.9225,17.5095
1769248925412,2955.745,18750303492.1378,2026-01-24 10:02:05.412,ethereum,51.0253,3095.0352,,2982.3558,2925.1735,16.2473
1769252524173,2956.9927,17887697457.7611,2026-01-24 11:02:04.173,ethereum,51.6412,3093.0259,,2977.0284,2935.0568,15.5401
1769256213647,2956.0135,17650420619.0377,2026-01-24 12:03:33.647,ethereum,51.0981,3090.9717,,2976.873,2936.4366,15.2024
1769259615259,2957.6858,17504630170.1208,2026-01-24 13:00:15.259,ethereum,52.026,3088.9268,,2976.3529,2936.381,14.6837
1769263326471,2948.3168,18296299956.5651,2026-01-24 14:02:06.471,ethereum,46.6816,3086.8202,,2971.7924,2937.7619,13.428
1769267087357,2955.4837,15343718468.3096,2026-01-24 15:04:47.357,ethereum,50.8417,3084.7217,,2964.4218,2942.3709,9.9189
1769270427247,2952.0266,14526438702.8375,2026-01-24 16:00:27.247,ethereum,48.8613,3082.5054,,2964.3424,2942.2649,9.6236
1769274115097,2954.2973,12793154114.2679,2026-01-24 17:01:55.097,ethereum,50.2325,3080.3429,,2962.4327,2945.864,9.5008
1769277678234,2959.0462,11451839902.1128,2026-01-24 18:01:18.234,ethereum,53.0669,3078.2195,,2961.4656,2948.5182,8.0054
1769281387364,2959.2678,10544657109.9998,2026-01-24 19:03:07.364,ethereum,53.2008,3076.0865,,2961.9391,2948.465,5.4045
1769284954875,2949.162,9446750828.3123,2026-01-24 20:02:34.875,ethereum,46.6609,3073.9091,,2962.1847,2947.8841,5.4888
1769288573226,2951.4504,8484878615.1572,2026-01-24 21:02:53.226,ethereum,48.2134,3071.7399,,2961.569,2948.9721,4.3
1769292143663,2952.7331,9744733474.6222,2026-01-24 22:02:23.663,ethereum,49.1075,3069.6074,,2961.5339,2949.0865,3.4717
1769295738161,2958.4175,8265951909.9546,2026-01-24 23:02:18.161,ethereum,52.9818,3067.5622,,2961.8613,2949.1541,3.5541
1769299304938,2948.7647,9315056204.8152,2026-01-25 00:01:44.938,ethereum,46.5072,3065.4263,,2961.8821,2948.177,3.7377
1769302889749,2953.8414,8201702241.7247,2026-01-25 01:01:29.749,ethereum,49.97,3063.3522,,2961.4285,2948.1361,3.3416
1769306577777,2950.6929,9263366990.325,2026-01-25 02:02:57.777,ethereum,47.8991,3061.2705,,2961.325,2947.6658,3.3999
1769310066582,2948.5772,8102306567.1744,2026-01-25 03:01:06.582,ethereum,46.5043,3059.1684,,2961.258,2946.8864,3.6378
1769313718119,2937.9549,8275117474.9075,2026-01-25 04:01:58.119,ethereum,40.1787,3056.9272,,2963.2676,2943.199,4.9035
1769317340635,2940.5647,8389626659.5123,2026-01-25 05:02:20.635,ethereum,42.2569,3054.7248,,2963.5209,2941.1825,5.4779
1769320937808,2942.5288,8035631572.0048,2026-01-25 06:02:17.808,ethereum,43.8381,3052.5107,,2963.5231,2939.8588,5.8297
1769324616395,2938.9126,8225740785.5745,2026-01-25 07:03:36.395,ethereum,41.5804,3050.2798,,2963.584,2937.9898,6.3632
1769328024068,2935.115,9169933936.4157,2026-01-25 08:00:24.068,ethereum,39.2918,3048.0729,,2963.9918,2935.4922,7.169
1769331796838,2926.0479,9800051828.9681,2026-01-25 09:03:16.838,ethereum,34.4206,3045.7641,,2965.2688,2931.0513,8.6072
1769335389045,2932.0362,9640398368.5641,2026-01-25 10:03:09.045,ethereum,39.7346,3043.443,,2965.8406,2928.8515,9.2071
1769338983798,2939.7258,9114648841.0978,2026-01-25 11:03:03.798,ethereum,45.8074,3041.1542,,2964.9412,2928.1751,9.1958
1769342428035,2932.4801,10495076669.9956,2026-01-25 12:00:28.035,ethereum,41.5579,3038.8437,,2964.7582,2926.4034,9.537
1769346159152,2938.1747,10661208502.2856,2026-01-25 13:02:39.152,ethereum,45.8125,3036.5669,,2963.7733,2925.7761,9.4066
1769349692074,2937.3081,9578010228.3876,2026-01-25 14:01:32.074,ethereum,45.2724,3034.2695,,2961.7609,2925.6147,9.5593
1769353284963,2929.1326,10813817742.3988,2026-01-25 15:01:24.963,ethereum,40.4295,3031.9184,,2959.827,2924.5351,9.8836
1769356944125,2921.3214,10790506613.0098,2026-01-25 16:02:24.125,ethereum,36.4208,3029.4722,,2960.3058,2921.2722,10.8121
1769360571185,2893.7629,13091106120.1694,2026-01-25 17:02:51.185,ethereum,26.4546,3026.8604,,2965.6027,2910.2065,14.5374
1769364099950,2880.1409,12477685745.7244,2026-01-25 18:01:39.950,ethereum,23.091,3024.1221,,2970.8515,2897.6985,18.5725
1769367640806,2845.2052,16378641983.3712,2026-01-25 19:00:40.806,ethereum,17.0897,3021.0518,,2980.381,2876.8478,25.8911
1769371400700,2813.2384,18689298540.9051,2026-01-25 20:03:20.700,ethereum,13.6054,3017.8898,,2993.0927,2850.5834,35.2875
1769374997397,2812.7812,20575386642.911,2026-01-25 21:03:17.397,ethereum,13.5628,3014.7557,,2998.7617,2830.8084,41.8528
1769378504765,2815.4315,21595250057.0988,2026-01-25 22:01:44.765,ethereum,15.2196,3011.6322,,3000.6799,2815.3642,46.4865
1769382081788,2801.8721,21911372401.7424,2026-01-25 23:01:21.788,ethereum,13.7658,3008.3857,,3002.1504,2799.2231,50.9702
1769385719082,2813.1422,23971946018.8714,2026-01-26 00:01:59.082,ethereum,20.5583,3005.5964,,3001.1893,2787.7029,53.8072
1769389230465,2837.7207,24254673756.9789,2026-01-26 01:00:30.465,ethereum,32.9605,3003.3834,,2996.5723,2782.0355,54.2866
1769392937191,2876.2913,27208830958.9153,2026-01-26 02:02:17.191,ethereum,46.9556,3001.4372,,2990.5383,2781.4457,53.2915
1769396525846,2862.1333,27786194444.3105,2026-01-26 03:02:05.846,ethereum,43.3761,2999.4012,,2984.2545,2780.0516,52.4554
1769400081488,2846.2195,28527391029.9609,2026-01-26 04:01:21.488,ethereum,39.7116,2997.2374,,2977.9228,2777.4938,52.2874
1769403672070,2861.9557,29133026935.9332,2026-01-26 05:01:12.070,ethereum,44.6878,2995.1554,,2972.4023,2776.605,51.3024
1769407248157,2866.172,29657164076.1869,2026-01-26 06:00:48.157,ethereum,45.9744,2993.1591,,2965.5113,2776.9096,49.9086
1769410937020,2884.2536,30834072540.7769,2026-01-26 07:02:17.020,ethereum,51.2156,2991.3288,,2957.6391,2779.2347,48.3997
1769414510260,2901.6426,30829580568.8701,2026-01-26 08:01:50.260,ethereum,55.6696,2989.5213,,2952.614,2781.176,47.1866
1769418103292,2908.8795,31288724612.1031,2026-01-26 09:01:43.292,ethereum,57.4123,2987.7026,,2947.1342,2783.7263,46.5498
1769421727086,2882.34,31922626381.9205,2026-01-26 10:02:07.086,ethereum,49.6967,2985.7806,,2937.9761,2787.3876,45.0833
1769425363313,2893.6117,33088513936.3022,2026-01-26 11:02:43.313,ethereum,52.6097,2983.8805,,2931.3671,2790.4444,43.1484
1769428838439,2888.9053,32562468239.1564,2026-01-26 12:00:38.439,ethereum,51.2745,2981.9036,,2925.4747,2793.0953,41.425
1769432477486,2899.7257,33130477926.2981,2026-01-26 13:01:17.486,ethereum,54.1552,2979.9865,,2926.4417,2792.7246,39.422
1769436146094,2906.8597,33031684707.846,2026-01-26 14:02:26.094,ethereum,56.002,2978.142,,2930.3843,2791.4538,37.6001
1769439763653,2918.7533,35992132029.6567,2026-01-26 15:02:43.653,ethereum,58.9697,2976.4017,,2938.0192,2791.1737,36.9254
1769443298093,2897.9398,37316558647.0474,2026-01-26 16:01:38.093,ethereum,52.3191,2974.5141,,2939.641,2798.022,35.7474
1769446925337,2898.5348,36571734712.5226,2026-01-26 17:02:05.337,ethereum,52.4841,2972.5865,,2940.1161,2806.1224,35.9154
1769450486637,2906.5459,36454299747.1967,2026-01-26 18:01:26.637,ethereum,54.7541,2970.731,,2940.6309,2814.719,36.7232
1769454146844,2930.5306,33299004814.8721,2026-01-26 19:02:26.844,ethereum,60.7932,2969.0513,,2940.7423,2827.4735,38.4746
1769457800066,2919.2907,31935960860.5838,2026-01-26 20:03:20.066,ethereum,56.9565,2967.2786,,2937.7384,2841.0922,37.5232
1769461321671,2898.6748,31880601105.1853,2026-01-26 21:02:01.671,ethereum,50.6435,2965.4024,,2934.6607,2850.2653,35.226
1769464902788,2925.6367,32601903335.6445,2026-01-26 22:01:42.788,ethereum,57.3081,2963.6991,,2938.7947,2851.0658,33.6033
1769468509361,2922.3767,31013802835.9026,2026-01-26 23:01:49.361,ethereum,56.3179,2962.0602,,2940.6429,2855.2419,29.4716
1769472213429,2924.8146,31410010139.5437,2026-01-27 00:03:33.429,ethereum,56.9174,2960.5042,,2938.8983,2864.8461,25.4293
1769475684150,2916.7286,30131056286.2376,2026-01-27 01:01:24.150,ethereum,54.2575,2958.9278,,2937.2667,2871.9549,22.7815
1769479419128,2930.2,28219146552.8274,2026-01-27 02:03:39.128,ethereum,57.7961,2957.3535,,2937.1527,2878.4717,23.2572
1769482825225,2938.8252,27747772080.4773,2026-01-27 03:00:25.225,ethereum,59.9333,2955.8397,,2940.7475,2880.3341,23.14
1769486552656,2936.7453,28888776177.34,2026-01-27 04:02:32.656,ethereum,59.1554,2954.359,,2944.2588,2880.3331,20.7557
1769490036442,2936.9984,28586686022.2769,2026-01-27 05:00:36.442,ethereum,59.2247,2952.966,,2947.3682,2880.0356,19.3312
1769493691593,2935.7933,27625737169.6188,2026-01-27 06:01:31.593,ethereum,58.7135,2951.5771,,2948.088,2884.6611,17.6519
1769497313967,2924.5299,27318359296.9874,2026-01-27 07:01:53.967,ethereum,54.02,2950.47,,2948.0179,2887.823,16.7207
1769500831729,2924.8939,27295715867.3531,2026-01-27 08:00:31.729,ethereum,54.1475,2949.2736,,2946.817,2892.6228,16.6245
1769504505028,2918.8315,25205483348.79,2026-01-27 09:01:45.028,ethereum,51.5808,2948.1889,,2946.1861,2895.1643,16.5804
1769508017076,2904.6506,26359193747.3227,2026-01-27 10:00:17.076,ethereum,46.0784,2947.0884,,2946.3318,2894.7977,15.193
1769511789592,2899.3457,26139806612.8717,2026-01-27 11:03:09.592,ethereum,44.1797,2945.9007,,2946.9726,2892.2161,14.8557
1769515340341,2913.1901,25238358929.9654,2026-01-27 12:02:20.341,ethereum,49.9731,2944.7498,,2946.0797,2894.6341,13.6419
1769518956011,2914.1903,26146411816.7626,2026-01-27 13:02:36.011,ethereum,50.3738,2943.5955,,2945.0473,2897.232,13.1117
1769522502295,2908.2936,26204379229.6337,2026-01-27 14:01:42.295,ethereum,47.936,2942.5765,,2944.9326,2897.5215,13.0594
1769526091398,2914.0229,23402868824.8695,2026-01-27 15:01:31.398,ethereum,50.4454,2941.8164,,2943.9027,2896.9006,13.0925
1769529733417,2930.5281,22768107171.8286,2026-01-27 16:02:13.417,ethereum,56.8915,2941.2331,,2944.8653,2897.0617,12.5573
1769533287023,2987.6363,22756712232.6476,2026-01-27 17:01:27.023,ethereum,70.9649,2941.1404,,2961.2145,2889.6087,18.0014
1769536900477,2925.5101,26105613328.1653,2026-01-27 18:01:40.477,ethereum,51.332,2940.7111,,2961.2081,2889.6024,17.6388
1769540521323,2961.411,25735586029.3807,2026-01-27 19:02:01.323,ethereum,58.4804,2940.5344,,2966.3961,2888.3179,19.1755
1769544108962,2975.9504,25709049250.6262,2026-01-27 20:01:48.962,ethereum,60.98,2940.4365,,2974.2858,2885.5417,21.6943
1769547714961,3017.5332,26940879431.512,2026-01-27 21:01:54.961,ethereum,67.0837,2940.5762,,2992.9878,2876.9202,27.5163
1769551282459,3012.577,27367888082.551,2026-01-27 22:01:22.459,ethereum,65.7633,2940.7176,,3006.1594,2871.9863,31.898
1769554813197,3016.3661,27972138414.5157,2026-01-27 23:00:13.197,ethereum,66.3092,2941.1512,,3018.0187,2867.8811,35.641
1769558495726,3022.6894,28817327777.5689,2026-01-28 00:01:35.726,ethereum,67.2479,2941.6695,,3029.8633,2864.6309,39.2019
1769562118367,3016.805,28522195505.8529,2026-01-28 01:01:58.367,ethereum,65.4212,2942.0295,,3039.0349,2863.4399,41.3838
1769565668593,3014.6234,28383120393.7306,2026-01-28 02:01:08.593,ethereum,64.7193,2942.3204,,3046.842,2863.5159,43.2917
1769569320878,3006.4206,27719869535.5339,2026-01-28 03:02:00.878,ethereum,62.0247,2942.6056,,3052.3987,2866.1482,44.5662
1769572805667,3001.8629,28487650492.511,2026-01-28 04:00:05.667,ethereum,60.5171,2942.7442,,3056.607,2869.6368,45.3825
1769576521726,2995.9002,26860754705.1509,2026-01-28 05:02:01.726,ethereum,58.5132,2942.8618,,3059.185,2874.7657,45.8054
1769580100341,3002.2397,28103460699.1037,2026-01-28 06:01:40.341,ethereum,60.0286,2942.924,,3060.6198,2883.0898,46.275
1769583702777,3010.9499,26904669857.2751,2026-01-28 07:01:42.777,ethereum,62.0783,2943.1313,,3061.1538,2893.7162,46.5198
1769587285606,3002.1293,28233802872.9354,2026-01-28 08:01:25.606,ethereum,58.7906,2943.3455,,3060.7883,2902.9756,46.1854
1769590833870,2990.4551,28430328553.4021,2026-01-28 09:00:33.870,ethereum,54.6642,2943.5177,,3058.2646,2913.1258,45.0533
1769594506907,3006.7774,28390702867.2262,2026-01-28 10:01:46.907,ethereum,58.9974,2943.813,,3054.3377,2926.9011,43.1264
1769598145686,3021.1693,27442495339.3438,2026-01-28 11:02:25.686,ethereum,62.4092,2944.1689,,3050.3685,2941.5849,40.6928
1769601682371,3034.8708,27871168487.6771,2026-01-28 12:01:22.371,ethereum,65.3639,2944.6672,,3049.1046,2953.2831,39.2964
1769605298435,3027.1141,27690881374.914,2026-01-28 13:01:38.435,ethereum,62.3748,2945.2586,,3051.927,2954.4085,36.8699
1769608890057,3029.6859,27829370260.8898,2026-01-28 14:01:30.057,ethereum,62.9793,2945.8641,3099.3849,3043.0672,2973.6859,33.0399
1769612490221,3009.6622,29294477265.259,2026-01-28 15:01:30.221,ethereum,55.5024,2946.0427,3099.5024,3037.9798,2983.5984,27.9935
1769616077619,3006.7508,30051489478.1643,2026-01-28 16:01:17.619,ethereum,54.4894,2946.0824,3099.6045,3034.4733,2990.1849,23.6536
1769619702840,3001.2215,26720260517.5868,2026-01-28 17:01:42.840,ethereum,52.5287,2946.6963,3099.697,3034.0294,2988.9977,23.4051
1769623306405,3011.3071,23038178075.2079,2026-01-28 18:01:46.405,ethereum,55.6627,2947.3553,3099.7968,3033.9607,2988.9394,16.2593
1769626919602,3006.1686,26659900830.4259,2026-01-28 19:01:59.602,ethereum,53.7169,2947.8412,3099.9216,3033.4443,2988.4361,12.8758
1769630496312,3012.8523,27166537702.7554,2026-01-28 20:01:36.312,ethereum,55.8774,2947.6534,3100.0398,3032.325,2988.5716,10.6349
1769634095403,3008.539,24914346183.8528,2026-01-28 21:01:35.403,ethereum,54.1216,2947.5743,3100.1526,3031.7272,2988.3428,10.5746
1769637722322,3018.3912,24114911257.8388,2026-01-28 22:02:02.322,ethereum,57.4133,2947.5136,3100.2721,3032.1361,2988.3107,10.6733
1769641301463,3014.8294,23347648110.5746,2026-01-28 23:01:41.463,ethereum,55.8531,2947.5497,3100.3821,3032.5712,2988.7165,10.6472
1769644894119,3006.3894,23215858725.133,2026-01-29 00:01:34.119,ethereum,52.231,2947.7094,3100.4822,3032.522,2989.2183,10.4125
1769648485353,3004.3431,21923083793.6315,2026-01-29 01:01:25.353,ethereum,51.3614,2947.7262,3100.5793,3032.0719,2990.5127,10.4062
1769652098698,2988.4624,21996770938.0531,2026-01-29 02:01:38.698,ethereum,45.087,2947.5123,3100.6563,3033.3574,2987.8494,11.2574
1769655789644,2948.2314,24259375499.8574,2026-01-29 03:03:09.644,ethereum,33.8167,2947.1119,3100.6893,3042.9138,2972.0213,16.7747
1769659351206,2948.3158,23512896391.4426,2026-01-29 04:02:31.206,ethereum,33.854,2946.7554,3100.6879,3048.6125,2960.9412,20.5739
1769662885544,2954.5524,24936174081.3851,2026-01-29 05:01:25.544,ethereum,36.6973,2946.3663,3100.7028,3051.6864,2954.277,22.9184
1769666472182,2946.0913,23673213182.2353,2026-01-29 06:01:12.182,ethereum,34.5288,2945.9636,3100.7135,3054.5345,2945.3603,25.6707
1769670070465,2949.3919,24672384183.5523,2026-01-29 07:01:10.465,ethereum,36.1147,2945.5608,3100.724,3054.2319,2938.4852,27.5741
1769673636793,2959.6697,24749967464.7068,2026-01-29 08:00:36.793,ethereum,40.9143,2945.316,3100.7401,3049.7417,2935.4553,28.6276
1769677335508,2947.2981,25001866427.51,2026-01-29 09:02:15.508,ethereum,37.2833,2944.9888,3100.7017,3046.6921,2930.5233,30.301
1769680820031,2940.7441,24912952525.9272,2026-01-29 10:00:20.031,ethereum,35.4866,2944.5674,3100.6455,3042.602,2925.7192,32.0612
1769684511976,2941.6053,23215576798.6587,2026-01-29 11:01:51.976,ethereum,35.9235,2944.2201,3100.6035,3040.7678,2920.7477,32.9611
1769688137143,2926.7433,24434680616.0296,2026-01-29 12:02:17.143,ethereum,31.9071,2943.8802,3100.5358,3039.8888,2913.626,33.6844
1769691704428,2931.8275,22094233143.894,2026-01-29 13:01:44.428,ethereum,34.6009,2943.5588,3100.4737,3038.2604,2908.3149,33.9571
1769695323564,2928.3885,20386957699.9031,2026-01-29 14:02:03.564,ethereum,33.6317,2943.326,3100.3949,3034.4625,2903.821,33.7703
1769698844884,2876.3915,23976309313.2895,2026-01-29 15:00:44.884,ethereum,23.0973,2942.9323,3100.2318,3037.1156,2888.1902,38.5288
1769702510063,2819.1677,27136226094.9314,2026-01-29 16:01:50.063,ethereum,16.8442,2942.2127,3099.9974,3046.6872,2859.2501,48.4782
1769706024991,2829.08,27575314478.4038,2026-01-29 17:00:24.991,ethereum,20.8419,2941.5379,3099.7881,3048.4618,2839.5296,54.7682
1769709670267,2819.9912,31248940848.4914,2026-01-29 18:01:10.267,ethereum,19.8973,2940.7335,3099.5779,3045.8256,2822.3258,59.892
1769713263223,2761.0096,33987189500.0622,2026-01-29 19:01:03.223,ethereum,15.1112,2939.6637,3099.2892,3049.9535,2792.816,69.4946
1769716885548,2791.3209,35992275011.8815,2026-01-29 20:01:25.548,ethereum,25.0844,2938.7114,3099.0447,3044.816,2776.4466,73.543
1769720499530,2799.5983,35437387749.252,2026-01-29 21:01:39.530,ethereum,27.5864,2937.8997,3098.8307,3035.6554,2765.1327,75.8669
1769724084650,2816.1021,36323889147.4065,2026-01-29 22:01:24.650,ethereum,32.4317,2937.1286,3098.6239,3025.4486,2758.1034,75.5609
1769727697228,2815.6391,37779725278.028,2026-01-29 23:01:37.228,ethereum,32.3663,2936.3287,3098.4143,3020.1075,2750.1854,74.5238
1769731301158,2818.8179,37820864892.2286,2026-01-30 00:01:41.158,ethereum,33.3604,2935.5499,3098.2071,3013.314,2744.029,72.9295
1769734926753,2800.7985,39598169137.6283,2026-01-30 01:02:06.753,ethereum,30.6136,2934.6492,3097.9831,3004.9744,2736.9933,71.393
1769738577959,2741.0327,41817553030.1004,2026-01-30 02:02:57.959,ethereum,23.6564,2933.3132,3097.6593,3001.3801,2720.0817,73.7499
1769742131655,2732.3326,42513142842.0038,2026-01-30 03:02:11.655,ethereum,22.8425,2932.0215,3097.3187,2994.9163,2704.8396,77.5605
1769745696426,2736.9058,42637656473.6665,2026-01-30 04:01:36.426,ethereum,24.3164,2930.6916,3096.9994,2982.5507,2694.9288,79.8358
1769749296633,2749.0586,43601836474.4623,2026-01-30 05:01:36.633,ethereum,28.2393,2929.346,3096.6974,2968.6139,2689.0417,80.0148
1769752882205,2743.6294,45095313820.4479,2026-01-30 06:01:22.205,ethereum,27.5522,2928.0307,3096.3809,2953.502,2684.4421,80.0199
1769756504969,2715.4183,44811884346.3304,2026-01-30 07:01:44.969,ethereum,24.2505,2926.7141,3096.0245,2936.9824,2678.3429,80.4522
1769760162873,2734.7576,46400720471.6824,2026-01-30 08:02:42.873,ethereum,30.4073,2925.4643,3095.6933,2918.8194,2677.3074,77.8631
1769763699029,2733.2759,45942549227.1156,2026-01-30 09:01:39.029,ethereum,30.2047,2924.3193,3095.3703,2895.1344,2681.1372,75.0422
1769767274130,2717.8258,46023156858.7732,2026-01-30 10:01:14.130,ethereum,28.1025,2923.1341,3095.0149,2867.3844,2687.8309,72.2418
1769770883327,2730.5641,48019915025.3802,2026-01-30 11:01:23.327,ethereum,32.287,2921.9664,3094.6761,2849.929,2690.7036,67.3625
1769774511768,2756.7742,46782459757.1745,2026-01-30 12:01:51.768,ethereum,40.022,2920.9033,3094.3445,2843.7383,2690.6549,61.5461
1769778058657,2735.0365,46967149185.8668,2026-01-30 13:00:58.657,ethereum,36.3167,2919.7261,3094.0008,2834.6826,2690.3063,54.1439
1769781722606,2726.0595,47551321018.8417,2026-01-30 14:02:02.606,ethereum,34.8805,2918.545,3093.6292,2826.5527,2689.043,44.8779
1769785339427,2732.0428,48184387572.3804,2026-01-30 15:02:19.427,ethereum,36.6779,2917.4772,3093.2719,2825.9874,2686.7116,39.4658
1769788880126,2724.9336,44526545861.3622,2026-01-30 16:01:20.126,ethereum,35.4267,2916.1746,3092.9156,2822.0096,2684.0508,38.5019
1769792463408,2720.6957,43802293228.6209,2026-01-30 17:01:03.408,ethereum,34.6675,2914.7297,3092.5684,2815.9527,2682.2174,36.4616
1769796063585,2710.1138,42365435256.0258,2026-01-30 18:01:03.585,ethereum,32.7785,2913.1225,3092.206,2805.1407,2682.4306,34.9987
1769799711792,2736.4202,41991619847.8656,2026-01-30 19:01:51.792,ethereum,41.3362,2911.6542,3091.8806,2791.5929,2688.0564,35.0779
1769803315895,2739.3765,42822886175.6154,2026-01-30 20:01:55.895,ethereum,42.2263,2910.3774,3091.5642,2772.8512,2698.854,34.0566
1769806913205,2676.5452,43665562540.7345,2026-01-30 21:01:53.205,ethereum,31.3417,2908.8247,3091.1544,2762.4178,2696.8621,35.2907
1769810501965,2701.9747,43711954138.2912,2026-01-30 22:01:41.965,ethereum,38.2764,2907.3949,3090.7703,2762.129,2693.2451,32.6756
1769814037090,2703.6376,43501599988.5907,2026-01-30 23:00:37.090,ethereum,38.7123,2905.8983,3090.3972,2762.1601,2690.3444,29.0094
1769817702938,2702.8811,41581009790.2315,2026-01-31 00:01:42.938,ethereum,38.5788,2904.4124,3090.0296,2761.488,2687.6141,23.3959
1769821264574,2702.5718,41153041789.3685,2026-01-31 01:01:04.574,ethereum,38.5203,2902.9591,3089.6508,2758.5478,2685.9056,18.3927
1769824838560,2695.3463,37398064255.0703,2026-01-31 02:00:38.560,ethereum,37.1052,2901.4317,3089.2564,2756.5387,2683.0864,19.0317
1769828406208,2701.4971,35417401516.8434,2026-01-31 03:00:06.208,ethereum,39.1544,2899.926,3088.8724,2756.6678,2681.5652,19.4291
1769832092186,2691.5554,34373075279.017,2026-01-31 04:01:32.186,ethereum,37.053,2898.338,3088.478,2755.6143,2678.2986,20.1071
1769835697346,2691.1034,33669349383.7012,2026-01-31 05:01:37.346,ethereum,36.9559,2896.7447,3088.0892,2754.3073,2675.3882,19.9555
1769839347933,2693.9914,33083285223.6958,2026-01-31 06:02:27.933,ethereum,38.0727,2895.1825,3087.6957,2754.1109,2673.2012,19.7187
1769842847703,2688.5345,32143141350.0626,2026-01-31 07:00:47.703,ethereum,36.7481,2893.5843,3087.3021,2752.6396,2670.4696,20.4784
1769846572824,2676.3977,31014229713.3287,2026-01-31 08:02:52.824,ethereum,33.9212,2891.9275,3086.8889,2745.7667,2669.3048,21.4096
1769850197549,2642.6471,32752514564.1011,2026-01-31 09:03:17.549,ethereum,27.5699,2890.0493,3086.4233,2748.3816,2657.4509,25.1657
1769853763218,2645.6602,32494460798.6462,2026-01-31 10:02:43.218,ethereum,28.8507,2888.2035,3085.9599,2749.4036,2648.389,28.1132
1769857332455,2644.6081,32511744360.0832,2026-01-31 11:02:12.455,ethereum,28.6601,2886.3441,3085.4931,2747.856,2641.1931,30.1514
1769860933642,2635.9236,31886351868.7901,2026-01-31 12:02:13.642,ethereum,27.0705,2884.4388,3085.0095,2747.2308,2632.9174,30.6384
1769864530326,2628.7084,32084803982.0814,2026-01-31 13:02:10.326,ethereum,25.7907,2882.4806,3084.5185,2746.6947,2624.2547,32.4784
1769868026604,2623.9763,33032315619.5849,2026-01-31 14:00:26.604,ethereum,24.9573,2880.55,3084.0256,2746.8084,2615.5273,34.4767
1769871806015,2529.3361,36488855307.0836,2026-01-31 15:03:26.015,ethereum,14.7157,2878.0134,3083.3979,2759.5822,2582.0451,46.0844
1769875311909,2530.6085,34882555791.5664,2026-01-31 16:01:51.909,ethereum,15.2194,2875.505,3082.7662,2762.5287,2558.2217,54.1274
1769878917289,2481.3083,37843338448.7505,2026-01-31 17:01:57.289,ethereum,12.2101,2872.6895,3082.0759,2778.7339,2522.4929,65.5121
1769882560455,2407.2212,42202005747.2331,2026-01-31 18:02:40.455,ethereum,9.2501,2869.4049,3081.27,2799.7855,2471.9659,82.66
1769886148688,2380.2252,44844785478.0526,2026-01-31 19:02:28.688,ethereum,8.4466,2865.9582,3080.4286,2814.5731,2424.837,96.9847
1769889687497,2381.7348,46411421329.0905,2026-01-31 20:01:27.497,ethereum,8.9231,2862.5806,3079.5832,2820.1761,2387.1194,107.0417
1769893394389,2385.0967,44701541135.8948,2026-01-31 21:03:14.389,ethereum,10.0457,2859.2095,3078.7502,2819.0149,2356.5331,116.3653
1769896946499,2415.2623,46670123158.8018,2026-01-31 22:02:26.499,ethereum,19.6201,2856.0103,3077.958,2811.0999,2336.4397,120.8168
1769900528084,2417.5519,46798159161.6571,2026-01-31 23:02:08.084,ethereum,20.3133,2852.7908,3077.1522,2798.6066,2320.5385,123.7099
1769904139629,2447.4173,48593008352.5496,2026-02-01 00:02:19.629,ethereum,28.9246,2849.8066,3076.384,2783.1051,2311.6261,123.9433
1769907745275,2450.6201,50073622225.3371,2026-02-01 01:02:25.275,ethereum,29.8008,2846.8112,3075.6191,2764.9817,2305.7013,123.1082
1769911296881,2443.0181,49868772592.7097,2026-02-01 02:01:36.881,ethereum,28.8905,2843.7894,3074.8461,2743.6446,2301.941,121.9884
1769915034544,2451.7988,50640490949.4723,2026-02-01 03:03:54.544,ethereum,31.4935,2840.8324,3074.0882,2720.0709,2301.8411,119.2492
1769918555051,2442.4323,50553477130.7035,2026-02-01 04:02:35.051,ethereum,30.2226,2837.8828,3073.2787,2695.845,2302.6705,116.3835
1769922110176,2446.6319,51812564138.3142,2026-02-01 05:01:50.176,ethereum,31.5562,2834.9427,3072.4986,2675.7474,2303.1666,112.3567
1769925753209,2429.4913,51362381999.7132,2026-02-01 06:02:33.209,ethereum,29.1106,2831.8889,3071.688,2652.0733,2305.2239,107.4593
1769929355087,2415.7471,52852691787.2446,2026-02-01 07:02:35.087,ethereum,27.2847,2828.7749,3070.8433,2624.7973,2309.6138,101.9778
1769932939026,2409.2766,51461246136.1969,2026-02-01 08:02:19.026,ethereum,26.4438,2825.6449,3070.0018,2594.7957,2316.9506,96.0734
1769936497653,2410.3984,51057451842.8373,2026-02-01 09:01:37.653,ethereum,26.8646,2822.5755,3069.1427,2560.1187,2329.7966,91.2841
1769940057930,2429.8461,51422689745.9368,2026-02-01 10:00:57.930,ethereum,33.923,2819.5863,3068.2881,2516.0059,2354.4964,84.3387
1769943654879,2378.0036,51834410593.9311,2026-02-01 11:00:54.879,ethereum,26.5633,2816.2427,3067.3543,2499.6385,2355.7305,77.3713
1769947257271,2409.6686,51992701988.0827,2026-02-01 12:00:57.271,ethereum,35.7344,2813.1308,3066.4725,2476.2027,2367.0723,67.8385
1769950884599,2394.2415,52482186173.5538,2026-02-01 13:01:24.599,ethereum,33.5369,2809.8931,3065.5673,2465.653,2368.9154,56.5924
1769954471112,2378.7926,49775124903.382,2026-02-01 14:01:11.112,ethereum,31.4511,2806.5686,3064.6326,2466.9267,2364.7988,41.7307
1769958143602,2369.0921,49596481839.2609,2026-02-01 15:02:23.602,ethereum,30.1818,2803.235,3063.6391,2468.1245,2362.4877,37.3589
1769961685980,2314.5042,50711683978.3243,2026-02-01 16:01:25.980,ethereum,24.2506,2799.623,3062.5697,2479.4085,2344.4806,35.819
1769965317106,2303.4623,49746392430.2436,2026-02-01 17:01:57.106,ethereum,23.2551,2796.1093,3061.4314,2489.6813,2326.0444,39.1143
1769968822826,2306.892,40488136090.6751,2026-02-01 18:00:22.826,ethereum,24.2946,2792.6971,3060.3029,2495.2069,2309.6818,43.8963
1769972496261,2347.5115,40368849233.555,2026-02-01 19:01:36.261,ethereum,35.4473,2789.7346,3059.2551,2494.4081,2303.4766,45.0451
1769976090756,2316.6175,38720028193.8004,2026-02-01 20:01:30.756,ethereum,31.6306,2786.7785,3058.1363,2491.5393,2293.2654,48.0009
1769979684849,2314.0613,37832081283.3095,2026-02-01 21:01:24.849,ethereum,31.3301,2783.81,3057.0292,2486.5261,2284.6227,50.8341
1769983316997,2288.1856,37699432737.2478,2026-02-01 22:01:56.997,ethereum,28.3891,2780.6716,3055.8624,2483.6084,2272.0571,54.9155
1769986960927,2313.8456,38376202574.6987,2026-02-01 23:02:40.927,ethereum,34.9139,2777.7667,3054.7226,2474.4863,2267.3839,56.5559
1769990417518,2269.3289,41592993667.7711,2026-02-02 00:00:17.518,ethereum,29.835,2774.5297,3053.5385,2469.3574,2255.2024,59.4567
1769994151416,2289.0029,41717966712.368,2026-02-02 01:02:31.416,ethereum,34.3783,2771.2635,3052.3714,2458.6481,2250.1489,59.8356
1769997651335,2292.8036,42615715964.771,2026-02-02 02:00:51.335,ethereum,35.2506,2767.7904,3051.2128,2449.1128,2246.0154,59.6848
1770001336445,2260.335,41206206297.1293,2026-02-02 03:02:16.445,ethereum,31.4096,2764.2083,3050.0126,2443.0534,2236.5336,60.1496
1770004946141,2233.9028,47615151067.6734,2026-02-02 04:02:26.141,ethereum,28.6708,2760.5635,3048.7762,2438.8767,2223.1729,62.0654
1770008536747,2238.3933,48665635073.4169,2026-02-02 05:02:16.747,ethereum,29.7908,2756.8518,3047.5582,2431.0167,2213.8323,62.0485
1770012203185,2196.4195,50606961171.9913,2026-02-02 06:03:23.185,ethereum,25.7246,2752.8652,3046.2886,2420.8212,2200.6852,65.2715
1770015756687,2222.1601,52531035947.4226,2026-02-02 07:02:36.687,ethereum,31.8664,2748.9242,3045.0692,2414.9312,2190.9909,65.9591
1770019426940,2229.1505,54254015329.196,2026-02-02 08:03:46.940,ethereum,33.4752,2744.9212,3043.8757,2398.9292,2188.9411,65.6395
1770022982487,2248.4624,55124691042.0459,2026-02-02 09:03:02.487,ethereum,37.8419,2740.9902,3042.6951,2382.628,2190.6643,63.4549
1770026512699,2287.9271,53167148732.0968,2026-02-02 10:01:52.699,ethereum,45.6876,2737.452,3041.5657,2368.3125,2195.8934,57.7731
1770030177886,2275.7125,56062898120.9807,2026-02-02 11:02:57.886,ethereum,43.8431,2733.774,3040.4218,2353.8514,2201.0164,55.5058
1770033783484,2281.4213,57791972560.0765,2026-02-02 12:03:03.484,ethereum,44.9615,2730.1581,3039.2905,2350.3253,2201.2343,49.9694
1770037374254,2309.7094,57487735309.3002,2026-02-02 13:02:54.254,ethereum,50.249,2726.6461,3038.1891,2351.1496,2201.0347,45.0797
1770040892598,2328.2591,58282959171.4414,2026-02-02 14:01:32.598,ethereum,53.4098,2723.202,3037.1155,2354.5142,2199.8067,41.6554
1770044562452,2326.3029,59456325225.4263,2026-02-02 15:02:42.452,ethereum,53.0272,2719.6755,3036.0377,2350.0747,2202.1254,38.7057
1770048150551,2369.7779,60891434605.7378,2026-02-02 16:02:30.551,ethereum,59.9021,2716.5317,3035.024,2361.6481,2195.868,42.1471
1770051844546,2360.0418,59985892665.0342,2026-02-02 17:04:04.546,ethereum,57.8598,2713.3264,3033.9851,2370.0614,2192.0528,44.7059
1770055376293,2354.4855,58395702562.9784,2026-02-02 18:02:56.293,ethereum,56.6722,2710.0403,3032.9405,2378.9553,2189.7889,46.6066
1770059002046,2343.0371,57016049961.7055,2026-02-02 19:03:22.046,ethereum,54.2037,2706.5433,3031.8701,2383.0533,2188.61,46.3739
1770062546596,2328.4967,56632976011.3338,2026-02-02 20:02:26.596,ethereum,51.156,2703.0267,3030.7826,2387.4138,2190.1664,46.7373
1770066167892,2319.8283,53020977762.2674,2026-02-02 21:02:47.892,ethereum,49.3736,2699.5812,3029.6801,2389.8793,2190.7834,46.8807
1770069807608,2342.6095,55360051586.2641,2026-02-02 22:03:27.608,ethereum,53.9178,2696.1108,3028.6035,2394.9508,2190.6925,48.0754
1770073404869,2348.3356,54808884261.1766,2026-02-02 23:03:24.869,ethereum,55.0108,2692.6939,3027.5307,2400.9435,2193.4999,49.2408
1770077018461,2343.6682,49848991812.0076,2026-02-03 00:03:38.461,ethereum,53.8888,2689.2347,3026.4441,2404.0377,2201.3821,49.9546
1770080552671,2351.4283,48735669526.6506,2026-02-03 01:02:32.671,ethereum,55.5135,2685.8698,3025.3244,2407.2906,2209.4328,51.1265
1770084150516,2352.078,48405502134.9007,2026-02-03 02:02:30.516,ethereum,55.6544,2682.4286,3024.2206,2402.2878,2230.0014,52.1995
1770087752594,2296.7184,43207926014.4565,2026-02-03 03:02:32.594,ethereum,43.1231,2678.6065,3023.0524,2395.1979,2244.5471,51.4549
1770091329004,2340.9819,42404730074.9843,2026-02-03 04:02:09.004,ethereum,52.3596,2675.0603,3021.931,2388.6454,2262.2828,49.7558
1770094995746,2342.5645,43086111684.8036,2026-02-03 05:03:15.746,ethereum,52.6557,2671.522,3020.8126,2382.8565,2277.4819,47.9165
1770098668954,2315.7693,41916136194.8275,2026-02-03 06:04:28.954,ethereum,47.2967,2667.8314,3019.6573,2381.087,2282.0356,41.0484
1770102037768,2318.8862,39289734489.2785,2026-02-03 07:00:37.768,ethereum,47.9602,2664.2264,3018.5128,2376.644,2290.796,35.6831
1770105690730,2320.7376,37141784142.3023,2026-02-03 08:01:30.730,ethereum,48.3759,2660.6302,3017.3767,2371.9307,2299.441,29.7897
1770109412852,2314.584,36215567892.6536,2026-02-03 09:03:32.852,ethereum,47.0311,2657.0335,3016.2365,2371.5323,2300.3268,25.0558
1770112886350,2291.7304,37030707299.0854,2026-02-03 10:01:26.350,ethereum,42.3253,2653.3852,3015.0573,2374.5154,2293.6908,24.8016
1770116416436,2280.2379,34895814715.4749,2026-02-03 11:00:16.436,ethereum,40.1497,2649.7,3013.8573,2378.491,2285.1087,24.3991
1770120046140,2277.749,35843488368.5276,2026-02-03 12:00:46.140,ethereum,39.6741,2645.9176,3012.6627,2376.0983,2278.2985,24.716
1770123771919,2298.1521,32739947225.5838,2026-02-03 13:02:51.919,ethereum,45.3857,2642.2507,3011.5008,2372.1237,2276.0842,25.2008
1770127222424,2306.5001,35144813112.5906,2026-02-03 14:00:22.424,ethereum,47.5729,2638.6686,3010.3454,2368.183,2275.2263,25.5711
1770130929444,2256.7248,31426460374.0576,2026-02-03 15:02:09.444,ethereum,37.8417,2634.7561,3009.1235,2370.6732,2264.1049,29.3083
1770134494154,2301.2194,31425805949.0984,2026-02-03 16:01:34.154,ethereum,48.068,2631.0102,3007.9705,2369.4983,2262.552,27.9588
1770138099299,2240.7435,32671772796.5366,2026-02-03 17:01:39.299,ethereum,38.7391,2626.5644,3006.7266,2374.74,2249.4019,31.1576
1770141706913,2196.9051,33707590859.2278,2026-02-03 18:01:46.913,ethereum,33.6422,2622.2275,3005.4207,2383.4065,2226.1649,38.4702
1770145348672,2120.7366,38270862524.5693,2026-02-03 19:02:28.672,ethereum,26.996,2617.2235,3004.0165,2403.2179,2183.5936,53.7782
1770148936712,2204.4855,40708472996.8531,2026-02-03 20:02:16.712,ethereum,40.8359,2612.6314,3002.7284,2400.2055,2172.6877,56.8234
1770152547855,2296.7746,44726003630.5015,2026-02-03 21:02:27.855,ethereum,51.7019,2608.3412,3001.5566,2393.6595,2173.7684,56.5822
1770156079882,2281.6277,46091474884.5438,2026-02-03 22:01:19.882,ethereum,50.0764,2603.9903,3000.3602,2385.5695,2174.8134,55.6748
1770159814951,2235.8246,47757259412.4675,2026-02-03 23:03:34.951,ethereum,45.4253,2599.3442,2999.1058,2383.948,2170.3455,55.4296
1770163284193,2229.7003,48573671038.4588,2026-02-04 00:01:24.193,ethereum,44.8258,2594.6241,2997.8428,2376.0715,2167.0938,55.2409
1770166933375,2243.6916,50258560991.7464,2026-02-04 01:02:13.375,ethereum,46.561,2590.0222,2996.5633,2366.4792,2166.7988,53.7276
1770170501091,2265.1071,48478413552.0686,2026-02-04 02:01:41.091,ethereum,49.1947,2585.5608,2995.2666,2361.369,2166.8428,51.3753
1770174084216,2248.9829,48984343257.1273,2026-02-04 03:01:24.216,ethereum,47.3043,2581.0522,2993.9565,2354.7213,2166.5001,51.3852
1770177668083,2280.2784,49716984923.7478,2026-02-04 04:01:08.083,ethereum,51.2221,2576.7571,2992.6997,2349.1126,2168.0629,49.2989
1770181267173,2270.8534,48803042946.8455,2026-02-04 05:01:07.173,ethereum,50.016,2572.4413,2991.4582,2343.4564,2169.3461,46.7919
1770184865518,2262.0014,47663720725.5429,2026-02-04 06:01:05.518,ethereum,48.8526,2568.0352,2990.2273,2340.5092,2169.3204,45.6067
1770188517088,2274.3358,47258939553.6632,2026-02-04 07:01:57.088,ethereum,50.5777,2563.6505,2989.0022,2339.903,2169.3364,44.1744
1770192007824,2279.0475,48507524850.9649,2026-02-04 08:00:07.824,ethereum,51.2541,2559.3465,2987.7834,2340.0402,2169.329,42.5749
1770195687263,2275.5628,47767805057.9582,2026-02-04 09:01:27.263,ethereum,50.7014,2555.0912,2986.5521,2337.16,2169.9503,41.1509
1770199253670,2257.8295,45877489574.4457,2026-02-04 10:00:53.670,ethereum,47.8726,2550.6332,2985.2898,2331.1785,2171.0648,40.5606
1770202883392,2257.233,46594350677.5515,2026-02-04 11:01:23.392,ethereum,47.7761,2546.0859,2984.0212,2331.2113,2171.0827,40.2759
1770206517714,2252.7078,47015302241.902,2026-02-04 12:01:57.714,ethereum,47.0015,2541.4302,2982.7343,2325.4404,2172.0025,40.032
1770210137239,2239.6473,48264370206.7588,2026-02-04 13:02:17.239,ethereum,44.7468,2536.7429,2981.4438,2325.4098,2171.9234,39.1057
1770213682811,2195.3677,46554271862.5847,2026-02-04 14:01:22.811,ethereum,38.0775,2531.7767,2980.1124,2325.543,2171.6365,39.1085
1770217310537,2166.0245,49225840460.4848,2026-02-04 15:01:50.537,ethereum,34.4167,2526.755,2978.726,2314.0634,2187.6449,42.5263
1770220904682,2150.3897,49537683722.6089,2026-02-04 16:01:44.682,ethereum,32.6173,2521.6577,2977.2828,2322.6796,2173.6191,44.9135
1770224513880,2126.4757,51383810578.8587,2026-02-04 17:01:53.880,ethereum,30.0311,2516.4508,2975.8159,2327.6841,2151.5847,50.3959
1770228095213,2120.8914,50160562088.413,2026-02-04 18:01:35.213,ethereum,29.444,2511.1507,2974.2963,2331.4058,2131.7894,54.9953
1770231692416,2147.5466,50589655021.3443,2026-02-04 19:01:32.416,ethereum,35.887,2506.0399,2972.7997,2333.4527,2120.9147,52.8979
1770235339948,2176.2416,49713298519.3992,2026-02-04 20:02:19.948,ethereum,42.0248,2501.0601,2971.3475,2333.0569,2115.9646,53.8371
1770238899174,2167.9198,45593154612.5793,2026-02-04 21:01:39.174,ethereum,40.8048,2496.0564,2969.8643,2331.5905,2109.8539,53.3728
1770242507256,2109.6222,45929182517.53,2026-02-04 22:01:47.256,ethereum,33.4734,2490.647,2968.2937,2331.7952,2094.1007,56.9009
1770246101732,2116.1035,45223380036.003,2026-02-04 23:01:41.732,ethereum,34.8743,2485.2975,2966.732,2331.0604,2081.5476,60.4146
1770249695087,2143.34,44227695385.9364,2026-02-05 00:01:35.087,ethereum,40.5409,2480.1603,2965.229,2322.2377,2076.6764,61.9335
1770253270176,2145.3664,44954067040.8168,2026-02-05 01:01:10.176,ethereum,40.9525,2475.0473,2963.742,2313.5293,2072.8361,62.8169
1770256899666,2144.0648,46399531596.7209,2026-02-05 02:01:39.666,ethereum,40.7574,2470.0212,2962.2509,2305.0972,2069.4745,62.6711
1770260572283,2121.2235,46906081384.3716,2026-02-05 03:02:52.283,ethereum,37.3895,2465.0985,2960.7303,2293.6583,2065.6022,63.7747
1770264210544,2107.334,47384697990.7915,2026-02-05 04:03:30.544,ethereum,35.4702,2460.0926,2959.1779,2279.5625,2062.5267,63.4904
1770267814503,2101.039,49192358042.5446,2026-02-05 05:03:34.503,ethereum,34.6032,2455.0122,2957.6176,2263.6441,2060.9927,63.2939
1770271367490,2097.224,50408714131.3854,2026-02-05 06:02:47.490,ethereum,34.0599,2449.9594,2956.0606,2249.3246,2059.2517,63.0303
1770274859461,2083.0258,47731116138.5815,2026-02-05 07:00:59.461,ethereum,32.0432,2444.8025,2954.4536,2232.8966,2058.2589,61.8567
1770278514169,2085.7153,45689031633.5257,2026-02-05 08:01:54.169,ethereum,32.8542,2439.6004,2952.8798,2213.1693,2061.287,59.0017
1770282140933,2110.9229,51342465598.7968,2026-02-05 09:02:20.933,ethereum,40.0729,2434.622,2951.3416,2191.1394,2070.4445,54.0841
1770285720791,2129.8189,54022937308.8009,2026-02-05 10:02:00.791,ethereum,44.8585,2429.795,2949.8222,2180.098,2074.9309,49.1769
1770289332006,2092.8473,53681360859.1294,2026-02-05 11:02:12.006,ethereum,38.3975,2424.7429,2948.2465,2175.3846,2072.3266,44.1485
1770293013922,2076.3328,54533462236.1425,2026-02-05 12:03:33.922,ethereum,35.9095,2419.6809,2946.6332,2174.1089,2066.1966,38.7046
1770296584414,2059.6857,51743397794.0881,2026-02-05 13:03:04.414,ethereum,33.5496,2414.4896,2944.9999,2176.7292,2056.8974,33.9721
1770300054867,2054.0483,55924485667.1222,2026-02-05 14:00:54.867,ethereum,32.7644,2409.2852,2943.3554,2179.2723,2047.6699,33.2937
1770303773110,2045.5279,50037267691.5531,2026-02-05 15:02:53.110,ethereum,31.562,2404.3396,2941.6466,2178.4897,2038.2506,34.7962
1770307372391,1957.7994,55250699734.5346,2026-02-05 16:02:52.391,ethereum,22.4333,2399.2124,2939.8296,2187.1843,2007.7119,46.158
1770310886440,1994.463,57482242540.4775,2026-02-05 17:01:26.440,ethereum,31.3675,2394.2444,2938.0933,2183.0071,1994.5434,51.0904
1770314587738,1952.3313,55085315302.5159,2026-02-05 18:03:07.738,ethereum,27.4541,2389.0798,2936.3649,2191.6749,1970.1465,58.9966
1770318158238,1945.5396,54382614263.7748,2026-02-05 19:02:38.238,ethereum,26.8722,2384.2258,2934.5982,2196.4597,1948.3053,64.9124
1770321786534,1924.4659,53623225308.1982,2026-02-05 20:03:06.534,ethereum,25.0945,2379.0659,2932.7968,2196.6607,1926.2169,69.5472
1770325432434,1875.0044,58494822070.7082,2026-02-05 21:03:52.434,ethereum,21.4997,2373.5624,2930.9018,2199.897,1895.9444,77.5158
1770328993557,1848.5959,60735569614.0133,2026-02-05 22:03:13.557,ethereum,19.8636,2367.8034,2928.9177,2201.436,1864.8585,88.0477
1770332412186,1875.3426,54775440077.7534,2026-02-05 23:00:12.186,ethereum,26.0054,2362.2064,2926.9749,2197.3341,1844.3723,93.7764
1770336185875,1824.7739,63099258611.1631,2026-02-06 00:03:05.875,ethereum,22.495,2356.2895,2924.9363,2197.8815,1815.5689,100.8595
1770339744213,1870.3856,70020470605.1154,2026-02-06 01:02:24.213,ethereum,31.4794,2350.7513,2923.0037,2189.9935,1800.3916,102.4569
1770343352238,1928.1574,72788644323.8355,2026-02-06 02:02:32.238,ethereum,40.8346,2345.9128,2921.1759,2177.7319,1795.7464,100.1514
1770346841970,1902.5597,71060324507.2412,2026-02-06 03:00:41.970,ethereum,38.337,2340.9737,2919.2779,2166.7015,1788.7303,99.2251
1770350594443,1888.9796,64014954546.2189,2026-02-06 04:03:14.443,ethereum,37.0426,2335.9265,2917.367,2153.8107,1781.9475,98.7375
1770354173428,1906.7009,69963407227.4409,2026-02-06 05:02:53.428,ethereum,39.8946,2330.9125,2915.4978,2133.1951,1782.1409,97.0636
1770357793701,1957.2175,71221955396.0634,2026-02-06 06:03:13.701,ethereum,47.2328,2326.2314,2913.7069,2105.833,1792.2429,93.8943
1770361403356,1903.2166,71873473013.6464,2026-02-06 07:03:23.356,ethereum,41.4123,2321.3969,2911.8383,2082.7653,1796.3475,92.0211
1770365007805,1896.8862,71621652609.2232,2026-02-06 08:03:27.805,ethereum,40.7779,2316.4096,2909.9542,2060.235,1800.9331,89.4759
1770368547372,1872.3173,67424077045.8009,2026-02-06 09:02:27.372,ethereum,38.3241,2311.2848,2908.0359,2038.7055,1803.7258,85.0343
1770372060604,1917.3944,71236130489.5797,2026-02-06 10:01:00.604,ethereum,44.8779,2306.5203,2906.2553,2014.8376,1813.9283,76.0024
1770375791308,1923.4913,73586440520.0204,2026-02-06 11:03:11.308,ethereum,45.7181,2301.7163,2904.4595,1989.0215,1827.5408,68.7531
1770379414410,1927.8185,75426117715.1505,2026-02-06 12:03:34.410,ethereum,46.3432,2296.7821,2902.6662,1984.8586,1828.7056,61.6435
1770383012640,1919.7667,74529434329.3533,2026-02-06 13:03:32.640,ethereum,45.2979,2291.9293,2900.8717,1970.3991,1835.6954,54.8057
1770386579521,1947.8802,75660954203.4571,2026-02-06 14:02:59.521,ethereum,49.5746,2287.2973,2899.1195,1969.5502,1836.0992,47.4172
1770390187808,1975.772,75739191979.7257,2026-02-06 15:03:07.808,ethereum,53.4621,2282.7957,2897.4329,1976.0476,1832.6251,40.88
1770393816944,1978.4435,72825033138.792,2026-02-06 16:03:36.944,ethereum,53.8292,2278.3523,2895.7891,1985.334,1828.7364,42.0415
1770397391343,2034.3199,73952979258.4246,2026-02-06 17:03:11.343,ethereum,60.7959,2274.2667,2894.2303,2009.4042,1820.5977,45.9287
1770400950702,2067.0018,75573073001.8018,2026-02-06 18:02:30.702,ethereum,64.1986,2270.4386,2892.7214,2036.2566,1815.586,54.9004
1770404532661,2043.356,72351420507.9573,2026-02-06 19:02:12.661,ethereum,60.132,2266.3133,2891.1891,2053.2259,1815.418,60.1548
1770408159544,2063.5185,73097911033.0611,2026-02-06 20:02:39.544,ethereum,62.3236,2262.2903,2889.6877,2066.7015,1825.8169,66.4292
1770411791162,2053.8216,68710334662.7647,2026-02-06 21:03:11.162,ethereum,60.5983,2258.5836,2888.1836,2079.2552,1831.6068,69.7946
1770415413057,2051.8731,66295716388.0174,2026-02-06 22:03:33.057,ethereum,60.2375,2254.714,2886.6636,2091.5815,1831.6521,70.7185
1770418941606,2072.306,65975302833.6214,2026-02-06 23:02:21.606,ethereum,62.7429,2250.956,2885.1664,2105.5868,1834.6214,73.4038
1770422583924,2061.7486,58825671577.0078,2026-02-07 00:03:03.924,ethereum,60.6176,2247.1398,2883.6334,2114.4649,1843.0201,70.9765
1770426182151,2041.9743,56620959967.3449,2026-02-07 01:03:02.151,ethereum,56.7407,2243.2076,2882.064,2119.6674,1851.345,69.6394
1770429745118,2063.3291,55975048922.1688,2026-02-07 02:02:25.118,ethereum,59.7356,2239.4456,2880.5231,2128.4267,1853.1968,71.3545
1770433384045,2058.0777,54886508408.4694,2026-02-07 03:03:04.045,ethereum,58.6601,2235.6158,2878.9986,2132.9736,1864.1361,71.2683
1770436856250,2079.4444,54574173855.0708,2026-02-07 04:00:56.250,ethereum,61.683,2231.9722,2877.532,2137.9765,1877.389,70.7759
1770440617248,2086.1154,55147910051.847,2026-02-07 05:03:37.248,ethereum,62.6024,2228.3711,2876.0546,2137.0526,1899.6927,70.8053
1770444244000,2081.7774,53847279094.3428,2026-02-07 06:04:04.000,ethereum,61.5678,2224.727,2874.5856,2138.7499,1914.4338,72.0957
1770447792506,2050.0271,51458119384.1204,2026-02-07 07:03:12.506,ethereum,54.472,2220.9263,2873.1223,2134.9147,1930.9225,69.2501
1770451422762,2025.5522,51761984135.3145,2026-02-07 08:03:42.762,ethereum,49.7155,2217.0523,2871.5955,2127.8572,1947.7534,64.8579
1770454950721,2021.4903,45309166963.6553,2026-02-07 09:02:30.721,ethereum,48.9515,2213.3549,2870.0802,2115.5033,1970.2796,57.1214
1770458423720,2011.3545,48714918097.7455,2026-02-07 10:00:23.720,ethereum,47.0102,2209.5793,2868.5532,2106.2788,1985.8516,52.6289
1770462071979,2009.9239,46578621963.7172,2026-02-07 11:01:11.979,ethereum,46.7285,2205.8014,2867.0041,2101.5038,1994.0417,48.0161
1770465790104,2016.5841,46808993209.5579,2026-02-07 12:03:10.104,ethereum,48.2821,2202.1148,2865.4765,2095.5679,2003.7917,42.93
1770469355273,2040.7458,46648814867.8191,2026-02-07 13:02:35.273,ethereum,53.5723,2198.6151,2864.0171,2095.5432,2004.459,35.3741
1770472979621,2037.2881,45934087523.4413,2026-02-07 14:02:59.621,ethereum,52.7409,2195.1229,2862.5545,2093.6792,2003.3516,29.5945
1770476598580,2017.4742,41816518514.1772,2026-02-07 15:03:18.580,ethereum,48.1312,2192.0761,2861.0947,2094.3431,2000.0995,26.5601
1770480237235,2050.7917,39994612109.224,2026-02-07 16:03:57.235,ethereum,55.2189,2189.22,2859.6349,2093.1497,2000.0203,22.5407
1770483819774,2049.7537,49170186529.5418,2026-02-07 17:03:39.774,ethereum,54.9669,2186.6513,2858.1606,2092.8535,1999.9096,22.3679
1770487451824,2060.4129,46891773939.3642,2026-02-07 18:04:11.824,ethereum,57.1305,2184.5869,2856.6742,2093.6301,1999.987,22.1659
1770491006084,2095.0877,44796569527.7635,2026-02-07 19:03:26.084,ethereum,63.3066,2182.8897,2855.2586,2098.1793,1997.716,24.1362
1770494609307,2089.286,44763987389.2173,2026-02-07 20:03:29.307,ethereum,61.7048,2181.1489,2853.846,2102.4217,1996.2273,25.3074
1770498189917,2104.0022,43596428674.3247,2026-02-07 21:03:09.917,ethereum,64.1805,2179.4757,2852.4545,2110.46,1994.3918,27.5189
1770501733895,2099.1671,44195545216.0179,2026-02-07 22:02:13.895,ethereum,62.7452,2177.5942,2851.0415,2115.6042,1992.8314,29.0705
1770505398851,2089.4984,41589315131.2404,2026-02-07 23:03:18.851,ethereum,59.8623,2175.6415,2849.6158,2119.069,1992.5087,29.7162
1770509031822,2089.3853,38006193393.9421,2026-02-08 00:03:51.822,ethereum,59.8277,2173.5104,2848.2063,2120.4514,1992.1203,30.4795
1770512662230,2080.9264,39430744449.6777,2026-02-08 01:04:22.230,ethereum,57.1643,2171.3098,2846.7735,2119.7479,1992.305,30.6798
1770516231129,2094.5179,39605178471.0507,2026-02-08 02:03:51.129,ethereum,60.228,2169.2354,2845.3749,2121.6442,1991.6828,31.5354
1770519842579,2086.2259,38717338573.2988,2026-02-08 03:04:02.579,ethereum,57.5248,2167.0594,2843.9589,2124.62,1992.3268,31.9832
1770523402826,2077.8698,38238386449.7798,2026-02-08 04:03:22.826,ethereum,54.853,2164.8894,2842.5172,2125.9467,1996.2319,31.9456
1770527001369,2082.2363,36978063109.0362,2026-02-08 05:03:21.369,ethereum,56.003,2162.7203,2841.0847,2126.939,2001.3142,31.8228
1770530455529,2083.1638,35565945643.7092,2026-02-08 06:00:55.529,ethereum,56.2579,2160.6589,2839.6548,2126.1066,2009.3275,31.8636
1770534237887,2078.1206,35355899142.5076,2026-02-08 07:03:57.887,ethereum,54.4121,2158.6492,2838.2094,2123.2467,2019.0071,31.9608
1770537872483,2082.3657,33695753708.4047,2026-02-08 08:04:32.483,ethereum,55.7288,2156.7033,2836.7824,2120.2797,2028.5523,31.2303
1770541455165,2114.2704,34199804804.7145,2026-02-08 09:04:15.165,ethereum,64.117,2154.9406,2835.444,2124.3562,2031.8282,31.4185
1770545011742,2100.5285,33604524323.1007,2026-02-08 10:03:31.742,ethereum,58.9372,2152.9804,2834.0734,2124.4751,2038.0333,29.6054
1770548647607,2094.0178,33693387175.4334,2026-02-08 11:04:07.607,ethereum,56.604,2151.29,2832.6842,2117.151,2053.0118,26.7714
1770552267441,2130.5811,34074785226.1437,2026-02-08 12:04:27.441,ethereum,64.987,2149.6288,2831.3563,2122.8893,2055.2525,25.9509
1770555889449,2129.1821,32843539899.4121,2026-02-08 13:04:49.449,ethereum,64.4737,2148.051,2830.0313,2126.106,2059.9786,26.3625
1770559383458,2123.8305,32483486235.9922,2026-02-08 14:03:03.458,ethereum,62.4424,2146.5334,2828.6819,2128.3012,2064.1252,25.6022
1770562975362,2123.4095,31325072108.5295,2026-02-08 15:02:55.362,ethereum,62.2761,2145.071,2827.3652,2131.8242,2063.4344,21.8397
1770566652175,2106.5966,30299566144.7251,2026-02-08 16:04:12.175,ethereum,55.8784,2143.8335,2825.9724,2132.6775,2064.3121,20.1652
1770570235286,2078.6875,20569946229.7441,2026-02-08 17:03:55.286,ethereum,47.2086,2142.4955,2824.5123,2132.3638,2062.0944,18.1469
1770573843753,2090.7194,20047489385.1032,2026-02-08 18:04:03.753,ethereum,50.7559,2141.2088,2823.0945,2132.041,2061.5724,16.582
1770577443711,2108.6597,18699087154.0938,2026-02-08 19:04:03.711,ethereum,55.5517,2139.787,2821.7299,2133.1936,2062.3359,16.7509
1770581055581,2125.2841,16783197638.5999,2026-02-08 20:04:15.581,ethereum,59.4889,2138.6481,2820.4091,2136.7045,2062.4149,17.5851
1770584637710,2103.2196,17862322257.8586,2026-02-08 21:03:57.710,ethereum,52.8035,2137.3931,2819.0681,2136.8407,2064.508,17.5759
1770588208782,2095.0446,17381357349.472,2026-02-08 22:03:28.782,ethereum,50.5374,2136.2435,2817.7012,2136.8498,2064.5515,17.5928
1770591788751,2107.4316,17581750797.0634,2026-02-08 23:03:08.751,ethereum,53.7745,2135.0148,2816.3481,2137.3899,2066.132,17.5667
1770595438173,2088.226,19353001176.6074,2026-02-09 00:03:58.173,ethereum,48.4771,2133.9368,2814.9662,2136.7872,2067.7704,17.5971
1770599032917,2083.3083,20053276103.4251,2026-02-09 01:03:52.917,ethereum,47.195,2132.7125,2813.5819,2136.7192,2067.9456,17.4949
1770602466318,2069.4098,20035372471.97,2026-02-09 02:01:06.318,ethereum,43.6791,2131.3827,2812.1693,2138.0295,2065.2599,18.5248
1770606002808,2083.1622,18985417154.0015,2026-02-09 03:00:02.808,ethereum,47.8213,2130.3281,2810.7797,2137.6912,2066.1023,18.6229
1770609852664,2097.2047,21237246399.0586,2026-02-09 04:04:12.664,ethereum,51.7254,2129.5145,2809.4109,2137.3828,2067.8946,18.1116
1770613441380,2089.3596,21041333309.1274,2026-02-09 05:04:01.380,ethereum,49.4972,2128.6274,2808.0401,2136.1661,2066.6202,17.88
1770617071501,2092.2775,20282333212.9919,2026-02-09 06:04:31.501,ethereum,50.3539,2128.0075,2806.6649,2135.9798,2065.9814,17.6148
1770620537849,2079.9302,21363272358.4199,2026-02-09 07:02:17.849,ethereum,46.7409,2127.1609,2805.271,2136.3579,2064.1945,17.5217
1770624285787,2065.0378,20336698927.8058,2026-02-09 08:04:45.787,ethereum,42.7561,2126.184,2803.8493,2133.3804,2060.6177,18.5979
1770627889886,2049.3104,21269026439.5336,2026-02-09 09:04:49.886,ethereum,38.977,2124.9986,2802.4096,2131.832,2054.179,20.8865
1770631465065,2038.877,21313509628.5338,2026-02-09 10:04:25.065,ethereum,36.662,2123.5161,2800.9478,2131.5511,2045.9645,23.9305
1770635003819,2021.4485,20898027243.7403,2026-02-09 11:03:23.819,ethereum,33.1228,2122.0026,2799.4522,2132.5808,2034.7387,28.1271
1770638623341,2025.6629,20176903925.0925,2026-02-09 12:03:43.341,ethereum,34.7628,2120.4803,2797.9696,2133.4208,2025.8053,29.7865
1770642178175,2033.9456,20202447419.473,2026-02-09 13:02:58.175,ethereum,37.9816,2118.8388,2796.4964,2134.7536,2019.9984,30.19
1770645865039,2022.6867,21163286925.8976,2026-02-09 14:04:25.039,ethereum,35.4231,2117.0199,2795.0131,2135.6872,2012.2615,31.2122
1770649438131,2043.9442,21499235923.4601,2026-02-09 15:03:58.131,ethereum,43.2027,2115.3392,2793.5643,2131.6183,2009.8588,30.4223
1770653065289,2060.4468,23052546013.5681,2026-02-09 16:04:25.289,ethereum,48.3997,2113.498,2792.1329,2123.0885,2011.9049,29.7887
1770656646589,2090.1729,23183862617.0417,2026-02-09 17:04:06.589,ethereum,56.1781,2111.8916,2790.742,2121.0326,2012.6561,29.9748
1770660103130,2126.4932,24600219578.8443,2026-02-09 18:01:43.130,ethereum,63.4315,2110.5345,2789.4058,2127.4,2009.4336,31.7062
1770663812268,2126.6871,26020556400.0042,2026-02-09 19:03:32.268,ethereum,63.4663,2109.2467,2788.0696,2131.4277,2007.3315,32.7346
1770667423928,2128.6294,26577988067.6286,2026-02-09 20:03:43.928,ethereum,63.8371,2108.057,2786.7379,2138.2182,2004.5812,32.9609
1770671058622,2125.2131,26292539744.7187,2026-02-09 21:04:18.622,ethereum,62.6328,2106.8986,2785.4043,2144.1913,2002.7987,34.0411
1770674600612,2122.021,26603429801.8485,2026-02-09 22:03:20.612,ethereum,61.4659,2105.5856,2784.0709,2149.8677,2002.3834,35.0977
1770678224194,2113.4641,27902777111.8177,2026-02-09 23:03:44.194,ethereum,58.3287,2104.1875,2782.7334,2153.1234,2002.1578,35.3387
1770681676399,2103.6397,25789791435.6716,2026-02-10 00:01:16.399,ethereum,54.8662,2102.7588,2781.375,2153.8299,2002.0949,35.6673
1770685433039,2098.5994,26223924944.4517,2026-02-10 01:03:53.039,ethereum,53.1239,2101.2539,2780.0015,2154.6754,2002.1733,35.8864
1770689004830,2115.1086,24835210030.1031,2026-02-10 02:03:24.830,ethereum,57.8458,2099.8433,2778.6457,2157.2819,2001.8499,36.5351
1770692601161,2106.5695,24382401435.2467,2026-02-10 03:03:21.161,ethereum,54.7725,2098.7115,2777.2805,2159.5013,2002.2945,36.8952
1770696265914,2063.4894,24615444712.969,2026-02-10 04:04:25.914,ethereum,42.5037,2097.0597,2775.8511,2159.4892,2002.1518,36.9473
1770699780240,2069.2962,25252885224.0554,2026-02-10 05:03:00.240,ethereum,44.3143,2095.4332,2774.4279,2159.3617,2004.2778,36.976
1770703377343,2051.8039,25771682390.3155,2026-02-10 06:02:57.343,ethereum,40.2068,2093.8619,2772.9793,2158.7712,2006.161,37.3189
1770707000008,2006.6908,27782315108.5904,2026-02-10 07:03:20.008,ethereum,31.9751,2092.0036,2771.4694,2160.6208,2002.8357,40.0835
1770710550733,2007.0182,27576183982.2097,2026-02-10 08:02:30.733,ethereum,32.0837,2090.1362,2769.9646,2162.6996,1998.8923,42.4164
1770714182271,2012.7129,29204397945.3003,2026-02-10 09:03:02.271,ethereum,34.0571,2088.3394,2768.4549,2164.5387,1994.93,43.9346
1770717802127,2014.972,28485689122.6025,2026-02-10 10:03:22.127,ethereum,34.8656,2086.692,2766.9469,2165.2504,1993.4468,44.9639
1770721345135,2012.2564,28184893042.0982,2026-02-10 11:02:25.135,ethereum,34.3208,2085.0969,2765.4323,2167.3112,1988.2173,45.4361
1770725020553,2004.0165,28802674114.4497,2026-02-10 12:03:40.553,ethereum,32.6537,2083.4675,2763.9086,2169.8879,1979.9976,46.5568
1770728581722,2006.3745,27036360529.2678,2026-02-10 13:03:01.722,ethereum,33.647,2081.7308,2762.3753,2169.9409,1971.5646,47.7874
1770732188884,2020.7206,28076562131.3022,2026-02-10 14:03:08.884,ethereum,39.4941,2080.0297,2760.8688,2163.4726,1967.4557,47.8701
1770735763235,2010.2549,28181631090.091,2026-02-10 15:02:43.235,ethereum,36.9369,2078.5626,2759.3281,2156.2348,1963.0503,49.0827
1770739386499,2021.5307,27684428808.0576,2026-02-10 16:03:06.499,ethereum,41.3435,2076.8978,2757.8099,2146.7756,1961.7997,49.9278
1770742986081,2026.3892,26138495455.0276,2026-02-10 17:03:06.081,ethereum,43.1857,2075.6219,2756.2839,2136.5584,1962.1344,50.2211
1770746555270,2038.6073,26135566110.5774,2026-02-10 18:02:35.270,ethereum,47.6392,2074.6796,2754.7788,2125.8176,1964.5339,48.5078
1770750151236,2009.1986,25445702828.5038,2026-02-10 19:02:31.236,ethereum,39.5941,2074.0157,2753.2301,2115.5971,1964.3278,47.2484
1770753798837,2016.8316,25135746326.3037,2026-02-10 20:03:18.837,ethereum,42.3169,2072.8987,2751.6977,2105.9164,1965.3277,44.9964
1770757222716,2012.1524,25405669876.6855,2026-02-10 21:00:22.716,ethereum,41.094,2071.2045,2750.1759,2095.9797,1966.6197,42.5244
1770761011062,2008.8137,23640054531.1214,2026-02-10 22:03:31.062,ethereum,40.2014,2069.5807,2748.6364,2078.5858,1973.3841,39.717
1770764591503,2014.6677,23012363301.1445,2026-02-10 23:03:11.503,ethereum,42.5576,2068.2642,2747.1219,2058.9296,1983.8501,36.737
1770768163147,2019.6522,22679425787.0998,2026-02-11 00:02:43.147,ethereum,44.5606,2067.014,2745.5946,2051.3872,1987.0088,33.8496
1770771778783,2024.6611,23185068763.0726,2026-02-11 01:02:58.783,ethereum,46.5767,2065.7102,2744.0781,2039.7748,1994.1578,30.7459
1770775388278,2023.1799,22861670961.9603,2026-02-11 02:03:08.278,ethereum,46.0434,2064.2702,2742.5546,2032.1791,1998.891,24.665
1770778823003,2016.9441,22892969416.7433,2026-02-11 03:00:23.003,ethereum,43.7715,2062.889,2740.9735,2032.1947,1999.9007,17.5485
1770782542359,2008.3925,23057720651.1218,2026-02-11 04:02:22.359,ethereum,40.7985,2061.2706,2739.3879,2032.1202,2000.1127,15.2483
1770786231160,1970.7093,22785294684.3719,2026-02-11 05:03:51.160,ethereum,30.8535,2059.484,2737.7424,2039.4824,1988.5501,14.3775
1770789793603,1973.7517,22060167563.5404,2026-02-11 06:03:13.603,ethereum,32.2886,2057.7683,2736.1015,2042.868,1981.0425,14.5034
1770793396360,1947.9754,20346181571.8548,2026-02-11 07:03:16.360,ethereum,27.1478,2055.8256,2734.434,2050.3698,1967.1126,19.4809
1770796994838,1950.2319,20707925452.4993,2026-02-11 08:03:14.838,ethereum,28.2251,2053.8684,2732.7945,2054.8804,1957.2235,22.9095
1770800541987,1949.3628,18384375862.8471,2026-02-11 09:02:21.987,ethereum,28.0531,2051.9267,2731.1813,2057.9227,1948.48,25.6886
1770804222185,1944.8741,18266355626.0781,2026-02-11 10:03:42.185,ethereum,27.133,2050.0639,2729.5602,2059.0407,1939.7774,28.27
1770807694222,1936.963,19174532853.3118,2026-02-11 11:01:34.222,ethereum,25.543,2048.1575,2727.9407,2061.0023,1930.4866,31.0446
1770811453776,1952.4261,18869170822.1041,2026-02-11 12:04:13.776,ethereum,33.7189,2046.3702,2726.3308,2059.0211,1925.5573,32.3801
1770814942488,1950.867,18416047650.174,2026-02-11 13:02:22.488,ethereum,33.3216,2044.6512,2724.717,2055.6451,1921.3811,33.5695
1770818631821,1959.5855,19398587768.1902,2026-02-11 14:03:51.821,ethereum,37.7394,2043.2478,2723.1234,2048.6693,1920.4548,33.7502
1770822151379,1940.6169,19113693720.1132,2026-02-11 15:02:31.379,ethereum,32.6681,2041.906,2721.514,2046.917,1915.3489,35.0079
1770825820999,1929.2522,21757742159.0467,2026-02-11 16:03:40.999,ethereum,30.0616,2040.5898,2719.8495,2044.0911,1909.4169,36.2413
1770829377135,1914.1491,21145656760.0921,2026-02-11 17:02:57.135,ethereum,26.9807,2039.3259,2718.1612,2042.3627,1901.3449,37.7986
1770832854905,1931.0525,22181200004.846,2026-02-11 18:00:54.905,ethereum,35.0088,2038.1959,2716.535,2038.4695,1897.462,36.8811
1770836570109,1942.7853,21612815725.0998,2026-02-11 19:02:50.109,ethereum,39.9443,2036.9771,2714.9226,2032.2665,1896.4768,36.7153
1770840050367,1951.4109,22185682251.7194,2026-02-11 20:00:50.367,ethereum,43.3504,2035.6388,2713.3016,2024.0907,1897.8284,35.6949
1770843641653,1952.24,22351999201.4248,2026-02-11 21:00:41.653,ethereum,43.681,2034.355,2711.7081,2013.345,1901.332,34.6826
1770847391268,1969.5136,22846463336.4904,2026-02-11 22:03:11.268,ethereum,50.2022,2033.521,2710.152,2002.3055,1907.0049,33.5452
1770850983039,1950.4782,22967369923.7203,2026-02-11 23:03:03.039,ethereum,44.1371,2032.5352,2708.5639,1989.4617,1913.2021,31.9887
1770854569686,1940.5781,23739697799.4968,2026-02-12 00:02:49.686,ethereum,41.3397,2031.3282,2706.9656,1975.8668,1920.0155,29.8999
1770858221566,1959.3026,24126249705.0316,2026-02-12 01:03:41.566,ethereum,48.0465,2030.2207,2705.3751,1973.8412,1920.9005,26.5067
1770861718713,1964.8969,24874231809.2026,2026-02-12 02:01:58.713,ethereum,49.8899,2029.1542,2703.8074,1971.8708,1921.9854,22.5489
1770865326170,1957.8325,23804996715.3252,2026-02-12 03:02:06.170,ethereum,47.5934,2028.1817,2702.223,1972.8125,1922.0295,18.2524
1770869021516,1966.9058,24512158923.7002,2026-02-12 04:03:41.516,ethereum,50.7303,2027.3458,2700.6316,1975.0184,1921.4909,14.199
1770872539242,1965.1467,24079695187.7745,2026-02-12 05:02:19.242,ethereum,50.1042,2026.5369,2699.0277,1976.8041,1921.2836,13.8939
1770876192768,1968.2085,23828854039.1453,2026-02-12 06:03:12.768,ethereum,51.2325,2025.769,2697.4151,1979.1098,1921.3113,13.5247
1770879753453,1970.5527,20543342290.6584,2026-02-12 07:02:33.453,ethereum,52.1252,2025.0995,2695.8058,1981.412,1922.3681,14.1582
1770883392270,1968.3947,22230929861.4433,2026-02-12 08:03:12.270,ethereum,51.1961,2024.4011,2694.2067,1983.0763,1922.3007,14.6048
1770886827285,1963.4603,23038375163.5256,2026-02-12 09:00:27.285,ethereum,49.0437,2023.5234,2692.5825,1984.0488,1922.5875,14.7949
1770890567137,1980.729,23110168970.7941,2026-02-12 10:02:47.137,ethereum,56.0135,2022.636,2690.9788,1987.2739,1921.4767,15.8046
1770894199063,1992.5009,22440243359.0738,2026-02-12 11:03:19.063,ethereum,60.0274,2022.0387,2689.3992,1993.1393,1920.7998,17.2559
1770897797303,1989.0147,22504486974.6244,2026-02-12 12:03:17.303,ethereum,58.3298,2021.5189,2687.8126,1996.3481,1923.5672,18.502
1770901404174,1979.6398,22776458846.5234,2026-02-12 13:03:24.174,ethereum,53.9144,2021.0424,2686.2138,1993.878,1932.5863,18.981
1770904978779,1993.5775,21480389122.82,2026-02-12 14:02:58.779,ethereum,58.8961,2020.6825,2684.6216,1995.9749,1936.742,20.2758
1770908561111,1978.8163,20244701929.0982,2026-02-12 15:02:41.111,ethereum,52.4317,2020.2854,2683.0038,1996.1609,1940.159,20.1795
1770912014097,1948.2389,19550813077.8849,2026-02-12 16:00:14.097,ethereum,42.1189,2020.2285,2681.3089,1996.4129,1939.5898,19.2012
1770915791999,1907.1238,19673963250.3208,2026-02-12 17:03:11.999,ethereum,32.782,2019.7086,2679.527,2004.1955,1927.2957,20.0066
1770919339301,1909.1144,19334896972.8834,2026-02-12 18:02:19.301,ethereum,33.5501,2019.4514,2677.7651,2008.338,1917.1132,21.9022
1770923001142,1917.3039,20125489015.5734,2026-02-12 19:03:21.142,ethereum,36.752,2019.2833,2675.9853,2010.5857,1911.5481,23.4033
1770926474387,1924.33,19525808936.6794,2026-02-12 20:01:14.387,ethereum,39.4477,2019.2825,2674.199,2011.591,1908.918,24.4742
1770930096466,1914.6498,20055990674.2712,2026-02-12 21:01:36.466,ethereum,37.1014,2019.5185,2672.4094,2013.0789,1902.9649,26.081
1770933784449,1921.7172,18547117307.3376,2026-02-12 22:03:04.449,ethereum,39.9115,2019.9537,2670.6213,2013.0186,1898.7071,26.9357
1770937299513,1941.4744,19427316487.6014,2026-02-12 23:01:39.513,ethereum,47.0353,2020.3474,2668.6927,2012.5318,1897.5581,27.0713
1770940946949,1945.1664,19421275178.181,2026-02-13 00:02:26.949,ethereum,48.2695,2021.064,2666.7833,2011.3286,1896.5873,26.98
1770944585298,1932.4058,19222635168.1477,2026-02-13 01:03:05.298,ethereum,44.417,2021.4332,2664.8527,2010.1875,1894.4544,27.364
1770948192906,1941.2553,20341378650.3564,2026-02-13 02:03:12.906,ethereum,47.5437,2021.5111,2662.9215,2008.5517,1893.3949,27.3884
1770951853868,1947.6535,20069377984.8536,2026-02-13 03:04:13.868,ethereum,49.745,2021.7795,2661.0102,2006.7103,1892.9463,27.3928
1770955376601,1950.9623,19328864014.6367,2026-02-13 04:02:56.601,ethereum,50.8926,2022.1485,2659.0667,2005.2047,1892.7087,27.2289
1770958996128,1943.7377,20327087987.5558,2026-02-13 05:03:16.128,ethereum,48.2991,2022.3689,2657.1346,2003.8573,1892.0838,27.1349
1770962614261,1933.6048,19915225453.7342,2026-02-13 06:03:34.261,ethereum,44.847,2022.2284,2655.1992,1999.7233,1891.5055,27.114
1770966048956,1933.1574,16703220780.0255,2026-02-13 07:00:48.956,ethereum,44.6951,2022.4066,2653.2579,1992.4862,1892.8082,26.9441
1770969810118,1934.7948,19901514911.6095,2026-02-13 08:03:30.118,ethereum,45.4237,2022.6323,2651.3128,1985.0679,1894.8045,26.724
1770973442487,1956.7635,19228115757.1146,2026-02-13 09:04:02.487,ethereum,54.1507,2023.1349,2649.4094,1980.8993,1896.6855,26.5776
1770976956359,1960.6019,19362764781.3902,2026-02-13 10:02:36.359,ethereum,55.4899,2023.3921,2647.5117,1972.5973,1901.6899,25.7578
1770980555254,1958.1213,20085095119.0903,2026-02-13 11:02:35.254,ethereum,54.3843,2023.5982,2645.6273,1967.6267,1904.591,23.9353
1770984037465,1958.8162,18986511425.0989,2026-02-13 12:00:37.465,ethereum,54.6569,2023.7827,2643.7872,1969.2866,1903.9888,22.2145
1770987760701,1959.8571,18859565548.0048,2026-02-13 13:02:40.701,ethereum,55.0897,2024.0214,2641.9336,1970.4474,1908.1014,21.1384
1770991341714,1969.4632,19322217456.529,2026-02-13 14:02:21.714,ethereum,58.9813,2024.1498,2640.0849,1972.8808,1911.7028,19.0622
1770994930823,1987.9535,21318050564.5834,2026-02-13 15:02:10.823,ethereum,65.2273,2024.2224,2638.2049,1980.1447,1911.5039,19.9179
1770998525881,2033.2438,21534337136.5143,2026-02-13 16:02:05.881,ethereum,75.1918,2024.5485,2636.3825,2001.223,1901.317,27.3297
1771002001005,2067.4423,20756953867.7347,2026-02-13 17:00:01.005,ethereum,79.8803,2024.7457,2634.5759,2027.4139,1890.4053,35.8874
1771005613757,2059.1921,20670932652.2925,2026-02-13 18:00:13.757,ethereum,76.1418,2024.6992,2632.797,2044.7676,1886.7992,40.8548
1771009203218,2059.7923,19558675574.8858,2026-02-13 19:00:03.218,ethereum,76.2289,2024.797,2631.0209,2059.7212,1883.6773,44.8327
1771012959981,2057.5761,20936973698.0181,2026-02-13 20:02:39.981,ethereum,75.1374,2024.7617,2629.2067,2071.9542,1882.6854,47.8542
1771016572285,2044.8692,20895343806.2439,2026-02-13 21:02:52.285,ethereum,69.0337,2024.7084,2627.353,2079.5779,1886.3079,48.7321
1771020220496,2052.4719,20458445744.8017,2026-02-13 22:03:40.496,ethereum,70.5739,2024.712,2625.5196,2087.6699,1889.3377,49.815
1771023695292,2051.7763,21080676866.5858,2026-02-13 23:01:35.292,ethereum,70.2297,2024.5898,2623.7147,2094.6675,1892.7523,51.1352
1771027303299,2048.1151,19765684402.7929,2026-02-14 00:01:43.299,ethereum,68.3405,2024.5086,2621.9,2100.1774,1896.9577,51.9573
1771030955045,2053.5885,20367339468.9029,2026-02-14 01:02:35.045,ethereum,69.6547,2024.5777,2620.1217,2105.0952,1903.025,52.0743
1771034442552,2053.4667,19480982784.8217,2026-02-14 02:00:42.552,ethereum,69.5855,2024.519,2618.3557,2107.8276,1912.2788,52.1357
1771038077454,2048.6834,19277519537.5664,2026-02-14 03:01:17.454,ethereum,66.7787,2024.4631,2616.5972,2108.2537,1923.4052,51.8842
1771041769413,2053.4112,19095237046.2199,2026-02-14 04:02:49.413,ethereum,68.1464,2024.3082,2614.8882,2107.6131,1935.9075,51.6087
1771045338132,2052.6142,18826543133.115,2026-02-14 05:02:18.132,ethereum,67.6408,2024.1087,2613.1463,2107.9426,1945.163,50.5323
1771048965119,2050.0693,18630970703.9007,2026-02-14 06:02:45.119,ethereum,65.9583,2023.92,2611.3933,2107.0851,1954.9673,48.2096
1771052550982,2052.5379,18470712565.5006,2026-02-14 07:02:30.982,ethereum,66.8204,2023.9349,2609.6408,2104.4881,1967.0059,45.2609
1771056203952,2056.2344,18042413554.62,2026-02-14 08:03:23.952,ethereum,68.1224,2024.1176,2607.8746,2100.0377,1981.1981,41.7537
1771059804419,2081.2983,18036193794.15,2026-02-14 09:03:24.419,ethereum,75.2219,2024.4736,2606.134,2095.7792,1997.6008,40.3681
1771063339191,2077.6481,19214009866.6945,2026-02-14 10:02:19.191,ethereum,72.6831,2024.8682,2604.3497,2088.038,2016.1605,38.3715
1771067003351,2076.121,18201584975.3941,2026-02-14 11:03:23.351,ethereum,71.5944,2025.2622,2602.5628,2079.0095,2034.0058,35.2572
1771070449901,2098.0705,17620536813.2886,2026-02-14 12:00:49.901,ethereum,76.9407,2025.7473,2600.8263,2086.236,2033.2619,32.3213
1771074227573,2070.6913,20767024737.4814,2026-02-14 13:03:47.573,ethereum,61.4135,2025.9255,2599.0246,2086.6241,2033.1987,26.6387
1771077785621,2070.4537,20611036651.3528,2026-02-14 14:03:05.621,ethereum,61.2979,2026.1229,2597.2134,2087.5747,2033.3742,20.1672
1771081389340,2084.5706,19044799013.3309,2026-02-14 15:03:09.340,ethereum,65.4584,2026.5223,2595.4677,2090.7705,2032.6563,14.8092
1771084997714,2086.8556,17210770071.6127,2026-02-14 16:03:17.714,ethereum,66.0938,2026.737,2593.7513,2094.141,2032.2138,14.5475
1771088566448,2081.2875,16797630333.491,2026-02-14 17:02:46.448,ethereum,63.0503,2026.9247,2592.0173,2095.7235,2034.2731,15.0063
1771092193951,2078.4822,16495570585.3059,2026-02-14 18:03:13.951,ethereum,61.5134,2027.0322,2590.3188,2096.995,2035.6026,15.2856
1771095761447,2083.9005,16169803613.8621,2026-02-14 19:02:41.447,ethereum,63.3706,2026.9656,2588.6496,2098.7549,2037.0551,15.7682
1771099236530,2087.3189,15866819969.5277,2026-02-14 20:00:36.530,ethereum,64.5334,2026.9539,2586.9742,2100.4168,2039.3136,16.3027
1771102935014,2088.3687,15252460384.2637,2026-02-14 21:02:15.014,ethereum,64.9019,2026.8609,2585.3112,2102.2113,2040.9971,16.2182
1771106600468,2084.8367,16001492655.3838,2026-02-14 22:03:20.468,ethereum,62.5472,2026.7756,2583.6238,2103.109,2043.2364,16.1946
1771110149015,2089.6434,23847635996.2853,2026-02-14 23:02:29.015,ethereum,64.4381,2026.7764,2581.9348,2103.7464,2046.695,16.2272
1771113797763,2085.19,16991497819.2485,2026-02-15 00:03:17.763,ethereum,61.3478,2026.7515,2580.2236,2103.7978,2049.8214,15.6922
1771117364543,2078.6156,16062907188.9303,2026-02-15 01:02:44.543,ethereum,57.0018,2026.7377,2578.5045,2102.7099,2053.5095,15.1888
1771120977391,2063.4153,17290337846.0148,2026-02-15 02:02:57.391,ethereum,48.4547,2026.5526,2576.7693,2100.8976,2056.6564,14.7399
1771124563305,2059.068,18318425733.4212,2026-02-15 03:02:43.305,ethereum,46.3157,2026.3909,2575.042,2099.8131,2058.394,14.0973
1771128044626,2058.9995,21163053820.0658,2026-02-15 04:00:44.626,ethereum,46.2811,2026.2786,2573.3257,2099.3675,2059.1161,13.7744
1771131781687,2075.3268,22500737169.6238,2026-02-15 05:03:01.687,ethereum,54.9389,2026.2375,2571.6418,2099.1151,2058.7713,12.9352
1771135364334,2087.8332,23119555220.4345,2026-02-15 06:02:44.334,ethereum,60.2268,2026.2653,2569.9453,2099.979,2058.9259,11.9278
1771139029262,2085.2666,22857019231.9445,2026-02-15 07:03:49.262,ethereum,58.7043,2026.3078,2568.2399,2100.5264,2059.2931,10.7818
1771142440032,2090.1572,24688084407.6619,2026-02-15 08:00:40.032,ethereum,60.7408,2026.3542,2566.5499,2098.9937,2060.0344,9.8914
1771146196602,2068.3235,24607000676.1537,2026-02-15 09:03:16.602,ethereum,49.0992,2026.0807,2564.8232,2099.1157,2059.6756,10.176
1771149752096,2067.3279,24547970902.4783,2026-02-15 10:02:32.096,ethereum,48.6414,2025.8831,2563.1012,2099.2872,2059.1915,10.4758
1771153349547,2060.5946,25027698599.7813,2026-02-15 11:02:29.547,ethereum,45.5481,2025.6841,2561.3862,2099.4884,2056.5927,11.1313
1771156948265,2060.8026,23870038166.9306,2026-02-15 12:02:28.265,ethereum,45.6631,2025.2688,2559.6648,2099.0339,2054.4419,10.8828
1771160633887,2015.4563,24267520029.423,2026-02-15 13:03:53.887,ethereum,30.5308,2024.5918,2557.8717,2108.0978,2038.7949,16.6049
1771164063227,2001.0349,24953284978.54,2026-02-15 14:01:03.227,ethereum,27.4188,2023.8609,2556.0542,2116.3111,2022.8369,22.4047
1771167821062,2008.8985,25448394081.1946,2026-02-15 15:03:41.062,ethereum,31.5178,2023.1793,2554.2693,2118.9591,2012.6887,25.62
1771171239886,2010.0566,24533018519.7198,2026-02-15 16:00:39.886,ethereum,32.1258,2022.6046,2552.5285,2119.3476,2004.5739,27.9355
1771174957933,2005.7121,25262445837.2853,2026-02-15 17:02:37.933,ethereum,31.0135,2022.1703,2550.7627,2118.8053,1996.8506,30.2347
1771178484102,1969.9385,25578541345.7886,2026-02-15 18:01:24.102,ethereum,23.7283,2021.4513,2548.9409,2122.6893,1981.4768,35.3847
1771182049934,1957.4367,27778548699.0474,2026-02-15 19:00:49.934,ethereum,21.801,2020.5512,2547.1088,2124.9704,1965.975,40.3847
1771185764620,1942.2223,30221907463.1569,2026-02-15 20:02:44.620,ethereum,19.7035,2019.4615,2545.2588,2127.3868,1949.2619,45.4821
1771189399026,1949.1614,29811064791.4012,2026-02-15 21:03:19.026,ethereum,23.3267,2018.5445,2543.3945,2126.8772,1936.826,48.6673
1771192957152,1957.8459,30371939852.7384,2026-02-15 22:02:37.152,ethereum,27.7225,2017.7279,2541.5401,2125.6415,1927.5048,50.5211
1771196619447,1968.2343,30651819439.4754,2026-02-15 23:03:39.447,ethereum,32.6934,2016.8993,2539.7013,2123.0341,1921.0288,50.9247
1771200105491,1965.1597,30061336690.0225,2026-02-16 00:01:45.491,ethereum,31.9921,2016.1668,2537.8539,2119.7456,1914.9333,51.1918
1771203746877,1967.774,31072394343.9464,2026-02-16 01:02:26.877,ethereum,33.3023,2015.4791,2536.0156,2112.9083,1911.0154,51.1714
1771207312363,1962.5415,31173219141.1587,2026-02-16 02:01:52.363,ethereum,31.9746,2014.8429,2534.1736,2102.498,1908.8965,51.6481
1771210898067,1955.9128,30771536246.1834,2026-02-16 03:01:38.067,ethereum,30.3252,2014.0855,2532.3199,2091.0582,1907.4009,52.2375
1771214416421,1957.6362,27830526891.776,2026-02-16 04:00:16.421,ethereum,31.3172,2013.2547,2530.4722,2075.9661,1909.2409,52.3839
1771218149466,1971.5324,26311829099.4507,2026-02-16 05:02:29.466,ethereum,38.8742,2012.5534,2528.6405,2063.9068,1911.6211,50.8408
1771221772388,1956.548,31044015417.6166,2026-02-16 06:02:52.388,ethereum,34.47,2011.7455,2526.7886,2050.0764,1914.3735,48.3896
1771225388948,1965.5629,25907182812.7327,2026-02-16 07:03:08.948,ethereum,38.9511,2011.0647,2524.9497,2035.2719,1919.6748,45.0753
1771228973919,1970.1427,25070225374.8017,2026-02-16 08:02:53.919,ethereum,41.1528,2010.4999,2523.117,2016.3048,1929.5759,40.2452
1771232584349,1976.0191,23955041703.309,2026-02-16 09:03:04.349,ethereum,43.9462,2010.0636,2521.2855,2009.7667,1932.1704,36.4864
1771236147953,1985.9403,23765194404.5999,2026-02-16 10:02:27.953,ethereum,48.3996,2009.7485,2519.4633,2007.1875,1933.2401,31.9336
1771239768518,1977.997,26843826833.7415,2026-02-16 11:02:48.518,ethereum,45.2966,2009.4899,2517.6347,2001.3844,1935.953,27.0516
1771243342215,1975.7155,24170216160.8505,2026-02-16 12:02:22.215,ethereum,44.4158,2009.1926,2515.7939,1993.8935,1940.0098,20.4198
1771246949567,2004.9423,24504737994.3263,2026-02-16 13:02:29.567,ethereum,56.1729,2009.0199,2513.9935,1993.6347,1940.1916,19.5861
1771250565450,1967.6636,24989982060.9019,2026-02-16 14:02:45.450,ethereum,43.5265,2008.6924,2512.1399,1993.4878,1940.111,18.7113
1771254223058,1972.6461,25166022220.4112,2026-02-16 15:03:43.058,ethereum,45.2991,2008.268,2510.2852,1994.0035,1941.1163,16.9969
1771257773278,1955.7902,24612596830.5372,2026-02-16 16:02:53.278,ethereum,40.6506,2007.6451,2508.3844,1992.6663,1943.8103,15.0132
1771261374853,1971.8037,24587363221.2117,2026-02-16 17:02:54.853,ethereum,46.2896,2006.9405,2506.5153,1992.2037,1946.5371,12.771
1771264949622,1978.1444,24720744902.1274,2026-02-16 18:02:29.622,ethereum,48.381,2006.0574,2504.6575,1992.8814,1947.8893,12.9636
1771268636479,1968.4247,21904430073.5269,2026-02-16 19:03:56.479,ethereum,45.4589,2005.1154,2502.7836,1992.8874,1947.9023,12.7943
1771272206821,1973.2545,19950036534.3528,2026-02-16 20:03:26.821,ethereum,47.1665,2004.1906,2500.9201,1993.1919,1948.4073,11.6192
1771275807312,1991.5219,19246766359.79,2026-02-16 21:03:27.312,ethereum,53.1421,2003.3948,2499.0807,1996.0666,1947.9074,11.6892
1771279465079,1997.6378,19746023225.7885,2026-02-16 22:04:25.079,ethereum,54.978,2002.6544,2497.2566,1999.8427,1947.6409,12.564
1771282970528,1990.1415,20015231093.7516,2026-02-16 23:02:50.528,ethereum,52.2744,2001.9203,2495.4346,2001.139,1949.7675,13.0323
1771286601358,1997.6176,18865560621.2452,2026-02-17 00:03:21.358,ethereum,54.6687,2001.2893,2493.6152,2003.501,1951.4036,13.8063
1771290137662,1997.7434,16674700891.2492,2026-02-17 01:02:17.662,ethereum,54.7098,2000.6889,2491.8033,2006.0942,1951.4316,14.4905
1771293756319,1991.1795,18983024174.1817,2026-02-17 02:02:36.319,ethereum,52.0533,1999.9512,2489.9849,2006.3235,1954.6654,14.5172
1771297415116,1998.0313,18756989416.1,2026-02-17 03:03:35.116,ethereum,54.535,1999.3052,2488.1742,2008.0701,1956.1656,14.3839
1771300800983,1988.5605,18507081182.667,2026-02-17 04:00:00.983,ethereum,50.6337,1998.8592,2486.3326,2008.5289,1957.5486,13.768
1771304530556,1988.1986,18737216313.3776,2026-02-17 05:02:10.556,ethereum,50.4851,1998.3765,2484.496,2009.0196,1958.2758,13.7326
1771308204286,1974.5226,18797571686.6104,2026-02-17 06:03:24.286,ethereum,45.098,1997.9165,2482.6349,2008.729,1957.4247,12.8066
1771311601091,1981.5385,21498779781.0766,2026-02-17 07:00:01.091,ethereum,48.1544,1997.7667,2480.7847,2008.8121,1957.6958,12.3417
1771315371790,1984.9935,18736471298.545,2026-02-17 08:02:51.790,ethereum,49.6412,1997.6356,2478.9502,2009.0476,1958.388,12.0751
1771318922314,1975.8413,18880317595.0869,2026-02-17 09:02:02.314,ethereum,45.8872,1997.4162,2477.0917,2005.8306,1958.695,12.0796
1771322517170,1974.6294,18712515536.29,2026-02-17 10:01:57.170,ethereum,45.3977,1997.176,2475.2204,2005.5017,1959.7204,12.1765
1771326137998,1966.285,18225860774.2756,2026-02-17 11:02:17.998,ethereum,42.0696,1996.9024,2473.3343,2005.8944,1958.6916,12.59
1771329636866,1967.2222,18431636894.4561,2026-02-17 12:00:36.866,ethereum,42.5787,1996.6834,2471.4546,2004.3277,1961.4015,12.8887
1771333305844,1968.6539,18199326931.8508,2026-02-17 13:01:45.844,ethereum,43.3972,1996.4588,2469.5768,2004.5357,1960.8786,12.1376
1771336934807,1989.539,17476700896.5097,2026-02-17 14:02:14.807,ethereum,53.7528,1996.2732,2467.7244,2005.1939,1961.3598,11.9846
1771340551385,1948.2468,19151156332.9527,2026-02-17 15:02:31.385,ethereum,38.6838,1995.9041,2465.8134,2008.2985,1956.2374,13.6438
1771344077394,1965.8775,18601159252.1726,2026-02-17 16:01:17.394,ethereum,45.6853,1995.5729,2463.9156,2008.6297,1955.1685,13.0067
1771347644208,1980.9311,19836015057.069,2026-02-17 17:00:44.208,ethereum,50.8462,1995.3023,2462.0384,2007.7338,1955.0053,12.8772
1771351366903,1964.3266,20337143646.6349,2026-02-17 18:02:46.903,ethereum,45.6892,1994.8601,2460.1275,2005.9554,1953.4526,13.3021
1771354999434,1998.944,23832173572.0605,2026-02-17 19:03:19.434,ethereum,55.7626,1994.7991,2458.2357,2007.3583,1952.93,13.5828
1771358466795,1998.3215,21721998718.0077,2026-02-17 20:01:06.795,ethereum,55.563,1994.6889,2456.3661,2007.4855,1952.8732,13.8835
1771362131108,1994.2792,21183730736.1815,2026-02-17 21:02:11.108,ethereum,54.2063,1994.5825,2454.498,2006.9053,1953.1069,13.9724
1771365790918,1998.9963,19975734533.906,2026-02-17 22:03:10.918,ethereum,55.5697,1994.5241,2452.6353,2008.1478,1952.6461,14.0384
1771369345231,1992.8749,20697895276.5602,2026-02-17 23:02:25.231,ethereum,53.35,1994.3944,2450.7541,2007.3199,1952.9584,14.1123
1771372946948,1991.0327,21389737324.9305,2026-02-18 00:02:26.948,ethereum,52.6681,1994.224,2448.9615,2007.6175,1952.908,13.8739
1771376537479,1980.9221,20643179469.251,2026-02-18 01:02:17.479,ethereum,48.969,1993.9637,2447.2551,2007.0143,1952.7836,13.4916
1771380110383,1976.194,19641281869.6251,2026-02-18 02:01:50.383,ethereum,47.2962,1993.684,2445.5509,2007.0413,1952.9237,13.3865
1771383706158,1986.9963,20607680073.1357,2026-02-18 03:01:46.158,ethereum,51.3827,1993.5057,2443.8603,2007.481,1953.0297,12.9664
1771387217019,1997.5495,24664088609.8265,2026-02-18 04:00:17.019,ethereum,55.0495,1993.4412,2442.1768,2009.0787,1952.6877,13.3268
1771390906825,1997.3551,21448986061.4314,2026-02-18 05:01:46.825,ethereum,54.9672,1993.5998,2440.4901,2010.9337,1952.9841,13.665
1771394495106,1995.4233,20274620946.6314,2026-02-18 06:01:35.106,ethereum,54.1023,1993.7288,2438.8149,2012.3367,1953.6604,13.8653
1771398024048,2001.2655,20179771315.5691,2026-02-18 07:00:24.048,ethereum,56.3399,1994.046,2437.1615,2014.0624,1955.4327,14.3885
1771401693673,2017.3,21639792467.3133,2026-02-18 08:01:33.673,ethereum,61.839,1994.4452,2435.5115,2018.6328,1955.8702,15.9864
1771405261069,2019.4254,21602609379.4595,2026-02-18 09:01:01.069,ethereum,62.513,1994.8623,2433.8518,2022.909,1956.6711,17.3707
1771409013197,2015.6431,21652962600.5268,2026-02-18 10:03:33.197,ethereum,60.4663,1995.2835,2432.1996,2026.0769,1956.1136,18.1659
1771412553899,1995.7137,20357045020.5408,2026-02-18 11:02:33.899,ethereum,50.9928,1995.6332,2430.5091,2022.4212,1964.516,17.6166
1771416183154,1981.2138,23315931543.8071,2026-02-18 12:03:03.154,ethereum,45.4174,1995.8046,2428.7872,2020.9503,1967.5205,17.0777
1771419712103,1982.3949,25471223686.3084,2026-02-18 13:01:52.103,ethereum,45.936,1995.9922,2427.0658,2020.8849,1967.7323,16.5577
1771423365821,1969.6211,23687085138.2233,2026-02-18 14:02:45.821,ethereum,41.3596,1996.052,2425.3337,2020.0318,1969.1149,17.0957
1771426855410,1972.2894,22402423170.5425,2026-02-18 15:00:55.410,ethereum,42.645,1996.2405,2423.6131,2020.3795,1966.1017,15.161
1771430539992,1984.4032,21942855984.6102,2026-02-18 16:02:19.992,ethereum,48.1967,1996.5688,2421.9038,2019.8401,1965.2492,14.2932
1771434036784,1970.7265,23091503893.0423,2026-02-18 17:00:36.784,ethereum,43.1217,1996.9055,2420.1654,2020.2478,1962.4863,14.762
1771437660003,1973.2563,19203883148.1444,2026-02-18 18:01:00.003,ethereum,44.2903,1997.1568,2418.4362,2019.769,1960.3911,14.1617
1771441235270,1952.3425,22323057405.3145,2026-02-18 19:00:35.270,ethereum,37.4419,1997.2136,2416.6857,2021.9395,1954.1674,16.1315
1771444925146,1937.9312,20091237062.5292,2026-02-18 20:02:05.146,ethereum,33.5879,1997.1334,2414.9091,2025.6567,1945.1399,19.1133
1771448529009,1940.1628,22867110896.7731,2026-02-18 21:02:09.009,ethereum,34.7086,1997.0615,2413.14,2028.1864,1938.5344,21.2728
1771452091356,1941.5412,20499218789.092,2026-02-18 22:01:31.356,ethereum,35.4334,1996.895,2411.3758,2029.9688,1933.2867,22.7658
1771455624109,1947.7634,22147300419.5112,2026-02-18 23:00:24.109,ethereum,38.7394,1996.8789,2409.6398,2030.1147,1929.2175,23.6924
1771459278088,1954.4481,19809231024.4982,2026-02-19 00:01:18.088,ethereum,42.1654,1996.9614,2407.929,2028.4002,1926.6218,24.1479
1771462967503,1955.7634,19655408321.7399,2026-02-19 01:02:47.503,ethereum,42.8428,1996.9404,2406.2265,2026.3062,1924.5566,24.595
1771466563541,1966.3315,22870231670.2835,2026-02-19 02:02:43.541,ethereum,48.1021,1996.9489,2404.5204,2024.1407,1923.813,24.7048
1771470260337,1966.676,20127153211.2397,2026-02-19 03:04:20.337,ethereum,48.2692,1997.0015,2402.817,2020.8907,1923.6041,24.7087
1771473653997,1971.8321,19324108820.6521,2026-02-19 04:00:53.997,ethereum,50.8215,1997.0309,2401.1313,2014.0147,1925.9333,24.3116
1771477394182,1969.0021,22511000567.9252,2026-02-19 05:03:14.182,ethereum,49.3814,1997.0538,2399.4619,2005.2054,1929.7002,23.8861
1771480891959,1969.2446,22501145048.2585,2026-02-19 06:01:31.959,ethereum,49.5134,1997.06,2397.7954,1995.7909,1934.4749,23.4723
1771484431430,1982.2264,20453149282.0399,2026-02-19 07:00:31.430,ethereum,56.1123,1997.1295,2396.2283,1992.9101,1936.0069,22.7937
1771488115513,1980.5019,19396782201.5286,2026-02-19 08:01:55.513,ethereum,55.0824,1997.2015,2394.6375,1992.7923,1936.0536,20.7907
1771491742146,1970.2955,18958092798.9009,2026-02-19 09:02:22.146,ethereum,49.3131,1997.2422,2393.067,1991.1246,1936.5113,18.0365
1771495355505,1963.343,20056733349.4576,2026-02-19 10:02:35.505,ethereum,45.7945,1997.1387,2391.5028,1990.6807,1936.3274,15.0424
1771498957401,1958.5404,20730958954.8578,2026-02-19 11:02:37.401,ethereum,43.4862,1996.9366,2389.919,1989.7642,1935.8691,13.7778
1771502562675,1949.3168,20583664570.9511,2026-02-19 12:02:42.675,ethereum,39.3808,1996.7003,2388.3117,1986.6965,1935.4281,13.6917
1771506060243,1946.9105,18669623466.5978,2026-02-19 13:01:00.243,ethereum,38.3632,1996.5055,2386.699,1985.8102,1933.9328,13.5052
1771509727563,1921.0043,19352715877.8219,2026-02-19 14:02:07.563,ethereum,29.5197,1996.0735,2385.09,1987.4552,1927.0626,15.8049
1771513359170,1936.6021,20179775741.5461,2026-02-19 15:02:39.170,ethereum,38.6845,1995.8222,2383.5551,1987.9336,1925.0101,16.2935
1771516862944,1923.792,22145936318.4599,2026-02-19 16:01:02.944,ethereum,34.6943,1995.6767,2382.0207,1989.4203,1922.1095,16.8339
1771520513505,1922.3542,21068383462.1431,2026-02-19 17:01:53.505,ethereum,34.2671,1995.7673,2380.5195,1990.9866,1918.7623,17.8859
1771524099674,1918.5571,18207574031.9174,2026-02-19 18:01:39.674,ethereum,33.1076,1995.8236,2379.0208,1992.8026,1914.6479,18.8151
1771527735757,1938.3999,21334569296.4385,2026-02-19 19:02:15.757,ethereum,43.808,1995.9491,2377.5588,1992.8302,1913.684,19.0162
1771531397803,1939.9836,19666588732.1408,2026-02-19 20:03:17.803,ethereum,44.5702,1996.0423,2376.0971,1992.52,1912.5478,18.9577
1771534998762,1948.982,17280883551.6218,2026-02-19 21:03:18.762,ethereum,48.8178,1996.2467,2374.6456,1992.1806,1912.209,18.8145
1771538530806,1946.5342,17418077111.3185,2026-02-19 22:02:10.806,ethereum,47.7459,1996.3944,2373.1979,1990.7193,1911.6906,18.7235
1771542115011,1943.8994,17186470604.4764,2026-02-19 23:01:55.011,ethereum,46.5609,1996.4088,2371.8096,1989.0405,1911.0917,18.7782
1771545757343,1948.0658,17746469548.8329,2026-02-20 00:02:37.343,ethereum,48.728,1996.4261,2370.438,1986.5527,1911.2028,18.785
1771549357537,1957.3035,19035390032.2987,2026-02-20 01:02:37.537,ethereum,53.2543,1996.5743,2369.0504,1985.052,1911.5337,18.8025
1771552998839,1952.6773,17893529000.6511,2026-02-20 02:03:18.839,ethereum,50.834,1996.6423,2367.6434,1983.0249,1911.9041,18.5439
1771556533731,1949.3891,16093758455.0351,2026-02-20 03:02:13.731,ethereum,49.1251,1996.6526,2366.2419,1977.6475,1913.9978,18.2453
1771560093583,1953.5399,17197156353.3588,2026-02-20 04:01:33.583,ethereum,51.3485,1996.6679,2364.8182,1972.348,1916.6011,17.683
1771563813357,1938.7483,16947428855.0224,2026-02-20 05:03:33.357,ethereum,43.9732,1996.6382,2363.3774,1968.1992,1917.5952,17.3144
1771567421478,1954.5987,19612111027.5123,2026-02-20 06:03:41.478,ethereum,51.9394,1996.7632,2361.9368,1966.6096,1918.3103,16.796
1771570954612,1957.5973,19330761124.772,2026-02-20 07:02:34.612,ethereum,53.2924,1996.9087,2360.5222,1966.44,1918.3856,15.2809
1771574620319,1960.0431,19785231371.014,2026-02-20 08:03:40.319,ethereum,54.4196,1997.059,2359.1248,1968.0248,1917.8734,13.8138
1771578178459,1959.2749,18061962334.4163,2026-02-20 09:02:58.459,ethereum,53.979,1997.0739,2357.7328,1969.5948,1917.5399,13.1324
1771581734298,1967.1967,19938945255.447,2026-02-20 10:02:14.298,ethereum,57.7756,1997.1132,2356.3578,1971.6828,1920.0711,13.3826
1771585363424,1956.3459,18426083330.4945,2026-02-20 11:02:43.424,ethereum,51.5075,1997.1026,2354.962,1972.6858,1921.0424,13.2972
1771588858924,1943.993,20441357542.6559,2026-02-20 12:00:58.924,ethereum,45.4608,1997.0144,2353.5631,1971.4933,1924.2551,13.2745
1771592473726,1948.5807,20559437335.1817,2026-02-20 13:01:13.726,ethereum,47.9067,1996.9472,2352.2032,1969.6997,1928.6714,13.288
1771596147952,1933.2919,20212054167.4445,2026-02-20 14:02:27.952,ethereum,41.265,1996.7319,2350.8217,1966.702,1933.1425,12.5256
1771599630305,1942.4695,19003575413.8288,2026-02-20 15:00:30.305,ethereum,46.0961,1996.4612,2349.3811,1966.4337,1933.8178,12.3944
1771603386468,1963.1416,21170979682.225,2026-02-20 16:03:06.468,ethereum,55.0621,1996.0439,2347.9409,1967.8335,1934.7338,11.9129
1771606912007,1968.2756,20420233523.9041,2026-02-20 17:01:52.007,ethereum,56.9761,1995.4536,2346.6495,1970.3276,1934.169,11.3377
1771610473444,1965.4065,21186991979.4703,2026-02-20 18:01:13.444,ethereum,55.5521,1994.8954,2345.3507,1971.9375,1934.4464,9.6669
1771614137281,1975.1179,21795233198.3585,2026-02-20 19:02:17.281,ethereum,59.2634,1994.3914,2344.032,1975.2597,1934.246,10.3715
1771617717049,1962.9527,21409770227.7756,2026-02-20 20:01:57.049,ethereum,53.2638,1993.8281,2342.53,1976.0597,1934.9347,10.166
1771621376695,1968.5116,21349106660.9026,2026-02-20 21:02:56.695,ethereum,55.4816,1993.3736,2341.0671,1977.3833,1934.732,10.5175
1771624840925,1973.4142,21316232475.8715,2026-02-20 22:00:40.925,ethereum,57.4016,1992.9031,2339.6016,1979.6433,1934.5457,11.0105
1771628575259,1970.3991,21294573167.2342,2026-02-20 23:02:55.259,ethereum,55.8075,1992.4187,2338.1594,1981.1137,1935.1762,11.0735
1771632092135,1968.1763,21360368266.7761,2026-02-21 00:01:32.135,ethereum,54.6036,1991.9428,2336.7547,1982.1427,1935.6108,11.1212
1771635683058,1962.3277,21039699226.0379,2026-02-21 01:01:23.058,ethereum,51.4581,1991.3996,2335.3114,1981.4355,1938.676,11.156
1771639354454,1965.6799,20938622097.7732,2026-02-21 02:02:34.454,ethereum,53.1249,1990.8771,2333.8409,1981.9695,1939.2501,11.1946
1771642822233,1965.9629,24231528606.6228,2026-02-21 03:00:22.233,ethereum,53.2708,1990.3847,2332.3832,1982.463,1939.5932,11.107
1771646567961,1958.3245,20678147839.0276,2026-02-21 04:02:47.961,ethereum,48.8518,1989.8187,2330.9251,1982.4059,1939.4784,11.0404
1771650127316,1961.6927,19662215687.2757,2026-02-21 05:02:07.316,ethereum,50.7903,1989.2775,2329.4553,1982.5151,1939.611,10.1129
1771653723289,1962.2029,20379555384.2204,2026-02-21 06:02:03.289,ethereum,51.0926,1988.7545,2327.9948,1982.0896,1939.5372,10.0378
1771657346811,1960.9298,19342658188.0797,2026-02-21 07:02:26.811,ethereum,50.2627,1988.2092,2326.528,1982.2198,1939.8653,10.0138
1771660952060,1962.1646,19329874042.5175,2026-02-21 08:02:32.060,ethereum,51.0925,1987.6493,2325.0854,1981.6308,1942.2714,10.0145
1771664537263,1968.5917,19419335518.7345,2026-02-21 09:02:17.263,ethereum,55.2751,1986.9784,2323.6498,1981.8289,1944.0744,10.1216
1771668124417,1969.9245,18493418104.3423,2026-02-21 10:02:04.417,ethereum,56.1133,1986.3372,2322.2031,1978.0767,1951.4899,10.2038
1771671731074,1973.3542,18021649072.0878,2026-02-21 11:02:11.074,ethereum,58.28,1985.7255,2320.7773,1975.3988,1957.2563,10.4131
1771675336145,1976.7009,18040203285.5046,2026-02-21 12:02:16.145,ethereum,60.3378,1985.003,2319.3784,1977.0025,1957.0085,10.0487
1771678850230,1975.1111,21195867837.4218,2026-02-21 13:00:50.230,ethereum,58.8528,1984.4341,2317.9747,1977.944,1956.7506,9.7745
1771682529976,1980.1798,17674381524.0018,2026-02-21 14:02:09.976,ethereum,62.059,1983.8968,2316.6034,1980.0145,1956.1574,7.6721
1771686128579,1987.7164,16717841562.2599,2026-02-21 15:02:08.579,ethereum,66.2677,1983.3202,2315.2773,1983.1341,1954.2977,6.9853
1771689752766,1987.7969,14307247968.8014,2026-02-21 16:02:32.766,ethereum,66.3107,1982.7306,2313.9547,1986.3253,1953.5909,7.9014
1771693387608,1985.9719,16512579070.303,2026-02-21 17:03:07.608,ethereum,64.3098,1982.1633,2312.6262,1988.5993,1953.063,8.568
1771696832163,1988.1123,16116597418.6193,2026-02-21 18:00:32.163,ethereum,65.6201,1981.6253,2311.2832,1990.8518,1952.2803,9.2257
1771700583036,1991.6519,12476483209.9211,2026-02-21 19:03:03.036,ethereum,67.73,1981.0762,2309.965,1993.7909,1951.4664,10.0988
1771704218128,1987.9984,12019936890.665,2026-02-21 20:03:38.128,ethereum,63.4047,1980.4851,2308.6271,1995.6922,1951.5473,10.4131
1771707788009,1976.8157,12529950838.1312,2026-02-21 21:03:08.009,ethereum,52.3788,1979.821,2307.2949,1995.8298,1952.8585,10.3941
1771711365817,1981.2176,12768068842.3957,2026-02-21 22:02:45.817,ethereum,55.6483,1979.2043,2305.9554,1996.4202,1953.8219,10.5165
1771715011637,1973.2623,11137918467.9362,2026-02-21 23:03:31.637,ethereum,49.0889,1978.5115,2304.5988,1996.3915,1954.5806,10.4935
1771718530574,1973.0737,11953446051.4224,2026-02-22 00:02:10.574,ethereum,48.9416,1977.8442,2303.2425,1995.6431,1956.8038,10.4262
1771722147600,1971.7581,11926783230.9654,2026-02-22 01:02:27.600,ethereum,47.8628,1977.2081,2301.8808,1995.108,1958.3455,10.1397
1771725707201,1976.5696,11285152350.7521,2026-02-22 02:01:47.201,ethereum,52.0277,1976.6912,2300.5073,1994.5805,1960.3097,9.9737
1771729342629,1971.7346,11401281188.7589,2026-02-22 03:02:22.629,ethereum,47.8878,1976.1713,2299.1496,1993.6194,1962.3512,9.8177
1771732975968,1973.8539,12300748880.6553,2026-02-22 04:02:55.968,ethereum,49.7743,1975.6645,2297.7795,1992.5846,1964.555,9.1519
1771736570399,1973.0053,12664441726.9495,2026-02-22 05:02:50.399,ethereum,49.0093,1975.0555,2296.3876,1992.2997,1965.2812,8.6744
1771740169612,1974.0607,11381793852.17,2026-02-22 06:02:49.612,ethereum,50.0378,1974.3782,2295.0119,1992.0771,1965.9175,8.1629
1771743621918,1975.5169,11332517990.8925,2026-02-22 07:00:21.918,ethereum,51.4917,1973.725,2293.677,1992.0317,1966.1791,7.4468
1771747374334,1975.7131,10352571941.6513,2026-02-22 08:02:54.334,ethereum,51.6956,1973.0437,2292.3312,1992.0261,1966.0859,6.725
1771750923163,1973.0573,10795120437.551,2026-02-22 09:02:03.163,ethereum,48.7102,1972.4767,2291.0082,1992.0784,1965.8283,6.5147
1771754517505,1975.465,10626152557.4071,2026-02-22 10:01:57.505,ethereum,51.4477,1971.9299,2289.7006,1991.9152,1965.52,6.3076
1771758134763,1977.0585,10761803336.3528,2026-02-22 11:02:14.763,ethereum,53.2271,1971.4326,2288.3816,1990.7304,1965.6389,6.2256
1771761626309,1980.0435,9914918378.9401,2026-02-22 12:00:26.309,ethereum,56.4471,1970.9519,2287.0547,1989.5871,1966.0069,6.2216
1771765357907,1966.3346,10210756559.1723,2026-02-22 13:02:37.907,ethereum,42.1094,1970.6595,2285.7124,1988.9832,1964.6471,6.6777
1771768950661,1950.3013,11140736464.5345,2026-02-22 14:02:30.661,ethereum,31.903,1970.3576,2284.3594,1990.6992,1959.15,8.7619
1771772437618,1949.5322,10157207486.7879,2026-02-22 15:00:37.618,ethereum,31.5085,1970.0042,2283.0234,1990.2568,1955.3804,10.0971
1771776179664,1953.1708,9897114296.6386,2026-02-22 16:02:59.664,ethereum,35.5679,1969.6656,2281.6476,1989.0517,1953.1027,10.7061
1771779728352,1951.8443,8733182928.7332,2026-02-22 17:02:08.352,ethereum,34.7591,1969.3449,2280.2426,1989.4308,1950.2266,11.293
1771783348363,1939.2813,11362298759.5675,2026-02-22 18:02:28.363,ethereum,28.2149,1969.1625,2278.797,1990.6958,1944.7679,12.6806
1771786945596,1942.4103,9392069058.7861,2026-02-22 19:02:25.596,ethereum,31.6657,1969.073,2277.3516,1991.4863,1940.8921,13.0887
1771790419870,1943.0345,8352798768.9406,2026-02-22 20:00:19.870,ethereum,32.3643,1969.0778,2275.9476,1991.6812,1937.6934,13.3853
1771794180370,1940.4774,9202423320.3455,2026-02-22 21:03:00.370,ethereum,30.9677,1969.0262,2274.563,1991.8654,1934.3811,14.2081
1771797751660,1949.7022,9256500116.0593,2026-02-22 22:02:31.660,ethereum,40.8788,1968.9777,2273.1845,1990.3938,1933.166,14.1072
1771801363592,1958.2967,9243353029.1492,2026-02-22 23:02:43.592,ethereum,48.3229,1968.9185,2271.8001,1989.3844,1932.8316,13.9993
1771804994177,1957.1703,9944612072.8922,2026-02-23 00:03:14.177,ethereum,47.4791,1968.871,2270.4177,1987.9755,1932.5721,13.8844
1771808563201,1929.4306,14699607253.6624,2026-02-23 01:02:43.201,ethereum,32.4512,1968.6427,2269.0048,1988.1988,1927.9913,15.2728
1771812214251,1856.8383,13454594616.8528,2026-02-23 02:03:34.251,ethereum,17.1517,1968.0136,2267.4838,2004.8498,1899.6181,25.7966
1771815788654,1862.9174,14016696246.7446,2026-02-23 03:03:08.654,ethereum,20.5306,1967.46,2265.9678,2010.8591,1882.3489,31.7385
1771819337503,1863.3406,21564624369.0165,2026-02-23 04:02:17.503,ethereum,20.7729,1966.8987,2264.447,2013.2317,1868.739,36.0333
1771822985417,1859.6399,15880809903.6539,2026-02-23 05:03:05.417,ethereum,20.1932,1966.2327,2262.9204,2014.1091,1856.5199,39.6664
1771826555631,1865.118,13913370526.2228,2026-02-23 06:02:35.631,ethereum,23.5923,1965.6885,2261.4047,2011.955,1847.6392,41.9869
1771830224073,1879.2584,15447764589.9661,2026-02-23 07:03:44.073,ethereum,31.6809,1965.1748,2259.9078,2006.8728,1842.9414,42.7698
1771833722931,1884.7094,24136511098.69,2026-02-23 08:02:02.931,ethereum,34.5571,1964.6662,2258.4216,1999.7812,1840.4996,42.8809
1771837389236,1880.4804,17114059505.0739,2026-02-23 09:03:09.236,ethereum,33.3829,1964.0975,2256.9248,1994.3127,1837.3827,42.9579
1771840847953,1915.7399,17300005961.8329,2026-02-23 10:00:47.953,ethereum,48.9557,1963.6797,2255.4803,1990.9793,1837.26,41.6575
1771844585070,1913.6632,27302256744.375,2026-02-23 11:03:05.070,ethereum,48.2404,1963.2967,2254.0313,1987.4512,1837.2012,40.0718
1771848126550,1914.3818,19052100720.5946,2026-02-23 12:02:06.550,ethereum,48.5206,1962.9317,2252.5846,1983.1597,1837.6138,38.021
1771851622482,1919.922,28666502681.2427,2026-02-23 13:00:22.482,ethereum,50.7356,1962.4256,2251.1432,1979.219,1838.3623,36.5985
1771855331295,1921.3509,28977458473.1672,2026-02-23 14:02:11.295,ethereum,51.3174,1962.1499,2249.7169,1977.1946,1838.5936,35.8841
1771858832466,1906.001,20288709442.9582,2026-02-23 15:00:32.466,ethereum,45.149,1961.7532,2248.2593,1973.5403,1838.607,35.1369
1771862589750,1895.3805,30033112113.837,2026-02-23 16:03:09.750,ethereum,41.4377,1961.3936,2246.7917,1969.1026,1838.2793,34.2212
1771866206231,1884.752,19919873688.9669,2026-02-23 17:03:26.231,ethereum,38.0655,1960.8755,2245.3062,1964.5342,1837.2751,33.4223
1771869732312,1862.5967,21079650187.4877,2026-02-23 18:02:12.312,ethereum,32.1855,1960.1877,2243.7834,1958.1133,1834.9856,33.9273
1771873383599,1857.7858,28677968486.892,2026-02-23 19:03:03.599,ethereum,31.0634,1959.5291,2242.2535,1948.3311,1834.7167,34.2061
1771876884417,1857.1726,21150982561.2869,2026-02-23 20:01:24.417,ethereum,30.9154,1958.8382,2240.7369,1936.5357,1836.5122,34.0994
1771880601509,1860.523,23471497234.9348,2026-02-23 21:03:21.509,ethereum,32.7987,1958.0584,2239.2217,1930.203,1835.9542,33.6036
1771884189937,1863.4882,30901783737.3702,2026-02-23 22:03:09.937,ethereum,34.5005,1957.2599,2237.7089,1929.8795,1836.9427,31.9588
1771887721089,1860.6527,23592158490.7624,2026-02-23 23:02:01.089,ethereum,33.6236,1956.4891,2236.1842,1929.976,1836.6197,29.0218
1771891380467,1856.0865,31291472200.3876,2026-02-24 00:03:00.467,ethereum,32.2042,1955.6467,2234.6666,1930.3351,1835.5352,25.4062
1771894807330,1867.3614,23473924447.6079,2026-02-24 01:00:07.330,ethereum,39.0468,1954.8706,2233.1576,1930.0774,1836.5651,23.4676
1771898592034,1840.6193,21188697741.912,2026-02-24 02:03:12.034,ethereum,31.0436,1953.9744,2231.6158,1931.8814,1832.3112,24.3663
1771902125989,1842.4219,22552360470.9862,2026-02-24 03:02:05.989,ethereum,32.0545,1953.0482,2230.0795,1932.963,1827.546,25.2914
1771905751336,1831.1521,23350886776.0918,2026-02-24 04:02:31.336,ethereum,29.1747,1952.1112,2228.5423,1934.3898,1820.7634,26.9056
1771909242461,1829.4484,21761847055.307,2026-02-24 05:00:42.461,ethereum,28.7542,1951.1663,2226.999,1935.55,1814.5,28.4011
1771912980623,1825.4638,20580492857.5029,2026-02-24 06:03:00.623,ethereum,27.7467,1950.279,2225.4476,1931.679,1809.3434,30.1274
1771916528470,1820.3049,20792561018.0595,2026-02-24 07:02:08.470,ethereum,26.4544,1949.3193,2223.8939,1927.3742,1804.3123,32.0051
1771920152138,1824.7085,21309143311.7339,2026-02-24 08:02:32.138,ethereum,29.474,1948.3652,2222.3517,1921.133,1801.5862,33.2328
1771923797296,1831.5259,20532482962.2159,2026-02-24 09:03:17.296,ethereum,33.9923,1947.5062,2220.8315,1911.5916,1802.288,33.9794
1771927378634,1826.1948,26032871712.6326,2026-02-24 10:02:58.634,ethereum,32.2522,1946.6227,2219.2956,1899.6748,1804.6892,33.2776
1771930989187,1826.0899,26765220613.0535,2026-02-24 11:03:09.187,ethereum,32.2172,1945.7882,2217.7489,1890.0024,1806.3705,32.2714
1771934615054,1825.4441,20761404584.9296,2026-02-24 12:03:35.054,ethereum,31.9875,1944.9442,2216.2114,1881.5359,1807.8434,30.7529
1771938137795,1823.8291,25395160134.6986,2026-02-24 13:02:17.795,ethereum,31.3846,1944.0822,2214.6637,1874.6066,1808.6804,28.1732
1771941770027,1815.5408,19636198035.7394,2026-02-24 14:02:50.027,ethereum,28.4237,1943.0465,2213.1057,1872.6506,1805.9308,24.8837
1771945356035,1834.346,20321532765.8756,2026-02-24 15:02:36.035,ethereum,41.8322,1942.3685,2211.5851,1870.4276,1805.8098,21.6149
1771948888789,1846.8068,19623858698.0863,2026-02-24 16:01:28.789,ethereum,48.6911,1941.6597,2210.0928,1868.9896,1806.2112,18.7004
1771952621989,1857.7083,18833565287.7736,2026-02-24 17:03:41.989,ethereum,53.8213,1940.9263,2208.6538,1868.4593,1806.4601,16.741
1771956159787,1855.3932,20422383545.2247,2026-02-24 18:02:39.787,ethereum,52.6181,1940.2779,2207.2305,1866.8735,1807.2364,16.4006
1771959738139,1855.4573,20011484342.9473,2026-02-24 19:02:18.139,ethereum,52.6497,1939.4238,2205.8559,1865.8681,1807.7222,16.3026
1771963325985,1852.5526,19814710621.0407,2026-02-24 20:02:05.985,ethereum,50.9919,1938.5561,2204.5216,1865.26,1807.9769,16.1264
1771967009800,1858.1568,18750972950.5848,2026-02-24 21:03:29.800,ethereum,54.0012,1937.7459,2203.1957,1863.0514,1809.265,16.0058
1771970566334,1853.9408,24101412803.5631,2026-02-24 22:02:46.334,ethereum,51.4422,1936.8824,2201.8603,1864.7659,1808.8827,15.5195
1771974178481,1860.0794,19498501374.6435,2026-02-24 23:02:58.481,ethereum,54.8008,1936.092,2200.5523,1867.3637,1808.0506,15.4868
1771977800975,1852.307,19489631875.5335,2026-02-25 00:03:20.975,ethereum,50.0778,1935.2662,2199.2178,1868.9157,1808.6141,15.3349
1771981315347,1851.9886,19444550848.9647,2026-02-25 01:01:55.347,ethereum,49.8881,1934.4988,2197.8487,1870.2499,1809.534,14.431
1771985025502,1919.5311,25314867012.0985,2026-02-25 02:03:45.502,ethereum,73.1348,1934.1615,2196.5199,1889.9821,1799.2085,21.8463
1771988536637,1921.7535,27775841856.8985,2026-02-25 03:02:16.637,ethereum,73.5693,1933.7731,2195.2138,1904.7106,1794.6248,27.1816
1771992169488,1906.0957,19743551208.2131,2026-02-25 04:02:49.488,ethereum,65.5286,1933.2288,2193.9081,1912.6922,1794.7819,29.6186
1771995716788,1906.1811,26871462891.2239,2026-02-25 05:01:56.788,ethereum,65.5507,1932.6861,2192.5806,1919.6903,1795.2494,31.504
1771999344674,1888.218,22506682942.6101,2026-02-25 06:02:24.674,ethereum,57.2333,1932.0479,2191.2223,1922.4287,1798.7133,31.7964
1772002926323,1884.9456,21963804849.854,2026-02-25 07:02:06.323,ethereum,55.8432,1931.3556,2189.8344,1924.1172,1802.9104,31.4875
1772006470020,1892.8722,19863546078.1291,2026-02-25 08:01:10.020,ethereum,58.4742,1930.6149,2188.4333,1926.129,1807.6414,31.48
1772010114604,1910.0691,19580660154.6777,2026-02-25 09:01:54.604,ethereum,63.5487,1929.964,2187.0461,1929.8288,1812.5656,32.4281
1772013756143,1914.8825,18777381480.7702,2026-02-25 10:02:36.143,ethereum,64.8437,1929.3642,2185.7024,1931.8521,1820.4765,33.0323
1772017358619,1911.97,18655167115.4177,2026-02-25 11:02:38.619,ethereum,63.3765,1928.8657,2184.339,1934.3366,1825.7543,33.0304
1772020977656,1925.2913,18959745073.9757,2026-02-25 12:02:57.656,ethereum,67.0488,1928.5329,2183.0007,1939.417,1828.5224,33.351
1772024591612,1952.0298,23245255084.3725,2026-02-25 13:03:11.612,ethereum,72.9187,1928.3521,2181.6844,1950.1182,1827.2533,35.0241
1772028151295,1965.3516,19283783780.576,2026-02-25 14:02:31.295,ethereum,75.2813,1928.3267,2180.3768,1962.0577,1826.3096,36.3002
1772031774380,1996.5179,20191509126.6102,2026-02-25 15:02:54.380,ethereum,79.7355,1928.4709,2179.0959,1979.9921,1822.4813,40.9503
1772035283619,2012.5237,20924238084.718,2026-02-25 16:01:23.619,ethereum,81.572,1928.6383,2177.8661,1998.3949,1820.0757,46.3752
1772038982166,2046.2562,21384828332.9931,2026-02-25 17:03:02.166,ethereum,84.7158,1929.0879,2176.6824,2022.7016,1814.5789,54.1716
1772042455582,2072.7061,22143836091.4103,2026-02-25 18:00:55.582,ethereum,86.6404,1929.6799,2175.5243,2048.9948,1810.1623,62.5004
1772046225116,2074.2461,27443220250.2535,2026-02-25 19:03:45.116,ethereum,86.745,1930.4055,2174.335,2070.7525,1809.8212,68.7536
1772049774539,2071.579,23711925993.7666,2026-02-25 20:02:54.539,ethereum,85.4959,1931.201,2173.1576,2087.0441,1815.4568,72.9515
1772053359679,2075.1901,24605136682.1677,2026-02-25 21:02:39.679,ethereum,85.7942,1932.0047,2172.0139,2100.4082,1824.4129,76.334
1772056824416,2099.1576,27292378343.8121,2026-02-25 22:00:24.416,ethereum,87.6147,1932.9429,2170.866,2120.0287,1822.755,80.0165
1772060582656,2082.8637,27532647557.0043,2026-02-25 23:03:02.656,ethereum,80.0994,1933.7471,2169.7,2133.8033,1825.0914,81.4769
1772064182165,2055.934,28252343561.7564,2026-02-26 00:03:02.165,ethereum,69.4902,1934.3512,2168.4933,2140.8717,1833.0069,79.9345
1772067783706,2062.749,28096526895.7356,2026-02-26 01:03:03.706,ethereum,70.5531,1934.988,2167.3072,2147.395,1842.1404,77.6734
1772071366634,2058.998,28523922111.64,2026-02-26 02:02:46.634,ethereum,69.1256,1935.5396,2166.0972,2150.133,1856.4803,78.0747
1772074972901,2053.6357,27949882179.2333,2026-02-26 03:02:52.901,ethereum,67.0375,1936.0572,2164.8677,2149.5024,1873.98,77.9226
1772078555638,2054.458,27771690585.6993,2026-02-26 04:02:35.638,ethereum,67.2011,1936.549,2163.6423,2147.3196,1892.3214,76.6435
1772082025695,2075.5095,28026888557.0852,2026-02-26 05:00:25.695,ethereum,71.1495,1937.183,2162.4458,2147.229,1908.956,75.543
1772085685451,2065.9296,28295773960.1437,2026-02-26 06:01:25.451,ethereum,67.1858,1937.7585,2161.2377,2143.7577,1927.532,72.1555
1772089399031,2062.74,31697083744.5662,2026-02-26 07:03:19.031,ethereum,65.87,1938.2378,2160.0408,2135.6431,1950.7236,67.3899
1772092954416,2054.028,30919477717.376,2026-02-26 08:02:34.416,ethereum,62.2822,1938.6754,2158.8312,2124.6327,1974.6076,61.9206
1772096565464,2054.2301,31869496706.4759,2026-02-26 09:02:45.464,ethereum,62.3335,1939.175,2157.6304,2114.9125,1994.5479,56.8403
1772100240519,2074.9428,31218068065.587,2026-02-26 10:04:00.519,ethereum,67.246,1939.8393,2156.478,2104.7722,2015.6474,51.4818
1772103792048,2065.3498,31344354001.2468,2026-02-26 11:03:12.048,ethereum,63.1388,1940.4751,2155.3197,2097.3022,2030.0005,43.8595
1772107403935,2057.3143,31428929738.6195,2026-02-26 12:03:23.935,ethereum,59.8417,1941.1179,2154.131,2090.3356,2041.4462,35.4995
1772110960908,2069.674,30564118259.2434,2026-02-26 13:02:40.908,ethereum,63.0388,1941.8487,2152.958,2089.8174,2044.3062,28.5622
1772114494991,2065.4372,30441336070.7514,2026-02-26 14:01:34.991,ethereum,61.239,1942.7084,2151.7874,2089.3135,2044.0832,20.923
1772118157094,2050.9932,30269338667.958,2026-02-26 15:02:37.094,ethereum,55.4288,1943.3893,2150.5887,2088.859,2042.2124,16.0116
1772121757518,2033.1105,29620185370.6396,2026-02-26 16:02:37.518,ethereum,49.2045,1944.04,2149.3423,2090.6706,2036.554,13.5402
1772125337084,1984.0015,29335458861.8855,2026-02-26 17:02:17.084,ethereum,36.9374,1944.4069,2147.9484,2102.5242,2015.5814,21.0027
1772128977782,1989.0093,28675679576.0229,2026-02-26 18:02:57.782,ethereum,38.618,1944.8263,2146.6477,2102.8199,2004.2709,25.516
1772132547890,2004.3634,27882324909.8215,2026-02-26 19:02:27.890,ethereum,43.5822,1945.2189,2145.3185,2101.3719,1997.8689,27.488
1772136188337,2029.7277,28114745983.322,2026-02-26 20:03:08.337,ethereum,50.6785,1945.7531,2144.0043,2100.6792,1995.941,27.7204
1772139762731,2024.4768,28210375141.2458,2026-02-26 21:02:42.731,ethereum,49.2961,1946.2025,2142.625,2099.3094,1993.4835,27.9119
1772143334266,2030.0443,24691457947.8511,2026-02-26 22:02:14.266,ethereum,50.8277,1946.6996,2141.2604,2097.9876,1991.91,26.2648
1772146979358,2033.1196,24859258659.0978,2026-02-26 23:02:59.358,ethereum,51.6956,1947.2306,2139.8948,2097.0436,1990.8024,25.3672
1772150560756,2027.0305,22827212956.052,2026-02-27 00:02:40.756,ethereum,49.8205,1947.7007,2138.5119,2095.9291,1989.1742,25.5722
1772154247049,2014.3275,22935878633.6482,2026-02-27 01:04:07.049,ethereum,46.0665,1948.0401,2137.1196,2091.9691,1987.0159,26.0202
1772157789004,2020.9964,23353167768.4062,2026-02-27 02:03:09.004,ethereum,48.2702,1948.4468,2135.7395,2088.8428,1985.6489,26.1615
1772161451740,2026.7613,22474491763.4382,2026-02-27 03:04:11.740,ethereum,50.1659,1948.9073,2134.3789,2085.8582,1985.0357,26.1917
1772164992200,2045.8664,21996135796.1476,2026-02-27 04:03:12.200,ethereum,55.9296,1949.4569,2133.0511,2084.9717,1985.106,26.0483
1772168563272,2042.412,21732787051.5723,2026-02-27 05:02:43.272,ethereum,54.6977,1950.0739,2131.7268,2083.7339,1985.162,24.9367
1772172214670,2041.5708,21977774474.9744,2026-02-27 06:03:34.670,ethereum,54.3836,1950.5916,2130.3926,2078.6067,1986.952,24.2616
1772175785857,2036.4338,21906074802.0702,2026-02-27 07:03:05.857,ethereum,52.4044,1951.0609,2129.0391,2074.7189,1987.9482,23.6616
1772179393646,2032.1645,22122985982.0967,2026-02-27 08:03:13.646,ethereum,50.7514,1951.4902,2127.6919,2071.8026,1988.3495,23.3752
1772183011467,2033.7414,21890807243.4809,2026-02-27 09:03:31.467,ethereum,51.3617,1951.9334,2126.3632,2065.9262,1990.6327,23.0353
1772186628247,2010.8218,22078245450.3043,2026-02-27 10:03:48.247,ethereum,43.0176,1952.1931,2124.9799,2059.787,1991.3103,21.8534
1772190068598,1981.5953,22344442794.9032,2026-02-27 11:01:08.598,ethereum,35.1711,1952.3434,2123.536,2059.2405,1984.917,22.9607
1772193719336,1962.7657,23804336352.1161,2026-02-27 12:01:59.336,ethereum,31.22,1952.4551,2122.047,2063.4032,1973.7198,25.7509
1772197343147,1958.2903,23497783318.2607,2026-02-27 13:02:23.147,ethereum,30.3474,1952.5129,2120.5625,2067.194,1967.3579,27.2671
1772200971609,1962.5241,24193411475.0043,2026-02-27 14:02:51.609,ethereum,32.2759,1952.6869,2119.0803,2070.0308,1961.8726,27.8895
1772204636309,1950.0335,24326932705.4846,2026-02-27 15:03:56.309,ethereum,29.6662,1952.732,2117.6086,2074.368,1952.1024,29.8738
1772208131287,1948.5728,22051774036.7583,2026-02-27 16:02:11.287,ethereum,29.3672,1952.6452,2116.1389,2075.9098,1942.4451,32.1109
1772211874731,1928.8861,22552497993.5497,2026-02-27 17:04:34.731,ethereum,25.619,1952.4108,2114.6496,2079.2601,1929.5357,35.6711
1772215385080,1931.3586,22583774313.8082,2026-02-27 18:03:05.080,ethereum,26.8812,1952.2081,2113.1497,2079.728,1919.1993,38.6564
1772219006542,1917.5726,20973208458.6181,2026-02-27 19:03:26.542,ethereum,24.3954,1951.8656,2111.6377,2079.8462,1907.5263,42.4234
1772222581965,1921.1925,20749164418.502,2026-02-27 20:03:01.965,ethereum,26.322,1951.617,2110.1215,2078.6176,1898.1712,44.794
1772226203811,1923.0111,20098855899.616,2026-02-27 21:03:23.811,ethereum,27.324,1951.3462,2108.6139,2077.5159,1890.1412,46.6512
1772229734314,1921.1591,18545864776.9636,2026-02-27 22:02:14.314,ethereum,26.9225,1951.0351,2107.0899,2074.6848,1882.9886,47.9532
1772233263335,1920.7309,20818283405.2453,2026-02-27 23:01:03.335,ethereum,26.8243,1950.7395,2105.5703,2069.9215,1877.1488,48.6688
1772236853777,1930.3128,21549970760.5451,2026-02-28 00:00:53.777,ethereum,32.7342,1950.5141,2104.0758,2059.8665,1875.6485,48.7528
1772240608174,1932.3958,20680000323.1059,2026-02-28 01:03:28.174,ethereum,33.9824,1950.3359,2102.587,2048.8504,1875.663,48.9395
1772244186603,1925.2809,20697997618.7319,2026-02-28 02:03:06.603,ethereum,31.811,1950.0955,2101.1103,2036.3079,1876.5765,48.8614
1772247683855,1930.6228,19752335451.8861,2026-02-28 03:01:23.855,ethereum,35.161,1949.8851,2099.697,2022.707,1879.5963,47.9576
1772251399781,1924.0923,26227595235.1355,2026-02-28 04:03:19.781,ethereum,33.025,1949.6813,2098.2745,2007.6931,1883.8029,45.546
1772254960541,1925.0707,19634492594.9923,2026-02-28 05:02:40.541,ethereum,33.6751,1949.4634,2096.8446,1987.8123,1892.8167,42.6492
1772258492218,1919.1869,18758331141.8247,2026-02-28 06:01:32.218,ethereum,31.6834,1949.2073,2095.4184,1971.329,1900.1365,39.1808
1772262170477,1841.2882,28660742123.8575,2026-02-28 07:02:50.477,ethereum,17.1887,1948.4952,2093.8793,1978.048,1879.3868,40.9247
1772265776863,1866.4022,28586412433.1776,2026-02-28 08:02:56.863,ethereum,28.5392,1947.9251,2092.3609,1977.6154,1870.183,39.1776
1772269326602,1851.4218,22121691937.3443,2026-02-28 09:02:06.602,ethereum,26.2298,1947.2277,2090.8388,1978.4329,1858.6787,37.0438
1772272957199,1854.8038,21894067932.0138,2026-02-28 10:02:37.199,ethereum,27.6532,1946.5425,2089.3306,1975.5833,1850.7562,35.6367
1772276600071,1865.6423,20809358108.6068,2026-02-28 11:03:20.071,ethereum,32.1701,1945.9013,2087.8362,1972.2291,1845.6713,35.0647
1772280126454,1864.1875,22571540677.2492,2026-02-28 12:02:06.454,ethereum,31.8823,1945.2316,2086.3604,1968.1325,1841.3294,35.2673
1772283769844,1868.6729,20363963023.008,2026-02-28 13:02:49.844,ethereum,33.847,1944.598,2084.8838,1965.9608,1837.4798,35.0163
1772287337415,1902.1934,21369940727.5617,2026-02-28 14:02:17.415,ethereum,46.3095,1944.1338,2083.4586,1963.053,1837.4711,33.1488
1772290972951,1888.7367,20331979790.4756,2026-02-28 15:02:52.951,ethereum,42.8218,1943.5447,2082.0868,1961.2784,1836.3621,32.018
1772294553526,1898.7881,19832093249.5111,2026-02-28 16:02:33.526,ethereum,46.0879,1943.0149,2080.8085,1959.3109,1836.0892,30.6054
1772298135815,1904.2724,19062611793.0723,2026-02-28 17:02:15.815,ethereum,47.8386,1942.5285,2079.5241,1957.3675,1836.1587,30.0805
1772301737978,1906.6632,18952334888.4354,2026-02-28 18:02:17.978,ethereum,48.6219,1942.0437,2078.2555,1955.7992,1836.2774,29.4185
1772305359536,1936.5266,19605480991.9675,2026-02-28 19:02:39.536,ethereum,57.2561,1941.7156,2077.1104,1958.2673,1835.3888,30.1517
1772308949860,1946.6842,20932186292.1014,2026-02-28 20:02:29.860,ethereum,59.7348,1941.4697,2075.9373,1961.2468,1834.0465,31.3223
1772312560962,1966.4027,21616871205.442,2026-02-28 21:02:40.962,ethereum,64.0883,1941.4077,2074.7801,1968.1757,1830.5182,33.746
1772316088735,1958.234,21582352691.0001,2026-02-28 22:01:28.735,ethereum,61.1392,1941.2709,2073.5886,1973.6965,1828.2928,35.3834
1772319734194,1967.8004,22655545443.6142,2026-02-28 23:02:14.194,ethereum,63.2708,1941.2384,2072.4111,1980.2407,1825.4663,37.5129
1772323231493,1964.8431,22296266706.3687,2026-03-01 00:00:31.493,ethereum,62.1361,1941.1894,2071.225,1986.4416,1823.3405,39.0632
1772326963205,1962.8061,21680644470.5412,2026-03-01 01:02:43.205,ethereum,61.3204,1941.1361,2070.0611,1991.7816,1821.7741,40.3357
1772330410869,2005.1634,22812258803.1391,2026-03-01 02:00:10.869,ethereum,70.1083,1941.3063,2069.0391,2006.2442,1815.9091,44.7082
1772334247601,2034.1334,25096396670.6773,2026-03-01 03:04:07.601,ethereum,74.3933,1941.6777,2068.0694,2024.3504,1817.0874,50.9969
1772337754643,2023.5566,25795811078.1473,2026-03-01 04:02:34.643,ethereum,70.424,1941.9736,2067.0786,2038.2013,1818.952,55.3938
1772341396087,2016.2278,27445854258.2406,2026-03-01 05:03:16.087,ethereum,67.7274,1942.2309,2066.0608,2046.7802,1826.8536,58.6561
1772345009856,2011.1408,25242984973.6472,2026-03-01 06:03:29.856,ethereum,65.8428,1942.4516,2065.0434,2052.37,1836.8976,61.1678
1772348410699,1999.0888,25830146272.6397,2026-03-01 07:00:10.699,ethereum,61.4782,1942.5919,2064.0485,2055.1047,1847.5075,59.7446
1772352161007,2007.0178,23121684639.9984,2026-03-01 08:02:41.007,ethereum,63.2062,1942.7782,2063.0378,2056.7989,1860.0964,59.5154
1772355779825,1986.0925,24119394203.5087,2026-03-01 09:02:59.825,ethereum,56.059,1942.8558,2062.0,2054.1854,1874.4518,56.9078
1772359436116,1980.8224,23643237018.962,2026-03-01 10:03:56.116,ethereum,54.3908,1942.8877,2060.9764,2053.6713,1882.8288,53.7081
1772362952585,1984.7005,24026228853.6246,2026-03-01 11:02:32.585,ethereum,55.4416,1942.9332,2059.9405,2050.4714,1895.6251,50.7296
1772366525598,1983.6107,23167547987.4332,2026-03-01 12:02:05.598,ethereum,55.0577,1942.9544,2058.8666,2046.8724,1907.7063,46.8686
1772370190739,1978.6891,22214816142.205,2026-03-01 13:03:10.739,ethereum,53.2641,1943.028,2057.8162,2042.0062,1920.0142,42.4466
1772373683449,2008.2876,23200535107.6147,2026-03-01 14:01:23.449,ethereum,61.4068,1943.3731,2056.8193,2037.672,1934.5108,40.8711
1772377388939,2001.1892,23190509678.2487,2026-03-01 15:03:08.939,ethereum,58.7626,1943.6806,2055.8042,2035.94,1942.7091,37.2331
1772381073147,1991.329,21843811372.9897,2026-03-01 16:04:33.147,ethereum,55.2065,1943.9077,2054.7853,2033.8679,1949.2457,33.4495
1772384645665,1971.6463,16842264804.8858,2026-03-01 17:04:05.665,ethereum,48.8512,1944.0256,2053.7449,2033.5646,1950.0734,29.3778
1772388145179,1963.7633,22921514102.9544,2026-03-01 18:02:25.179,ethereum,46.5404,1944.1713,2052.7083,2033.0127,1951.1782,24.8947
1772391641362,1975.6074,20317447623.1462,2026-03-01 19:00:41.362,ethereum,50.3412,1944.3689,2051.6517,2032.6098,1952.3618,22.7436
1772395223704,1953.9826,22481487634.6669,2026-03-01 20:00:23.704,ethereum,44.1669,1944.4341,2050.5608,2033.8048,1950.0807,22.2235
1772398962486,1914.3873,22589372565.2691,2026-03-01 21:02:42.486,ethereum,35.5655,1944.2788,2049.5023,2042.0782,1936.9655,26.4823
1772402559017,1930.0957,22485562468.5636,2026-03-01 22:02:39.017,ethereum,40.5149,1944.1621,2048.4302,2043.7613,1927.7755,28.2881
1772406197728,1923.0582,22967395883.174,2026-03-01 23:03:17.728,ethereum,39.0671,1943.9523,2047.3461,2039.8677,1920.5617,30.7677
1772409782648,1939.0958,23561863356.0522,2026-03-02 00:03:02.648,ethereum,43.9801,1943.8447,2046.2853,2034.7249,1917.2584,31.8274
1772413299303,1960.97,23495765308.0906,2026-03-02 01:01:39.303,ethereum,49.9122,1944.0325,2045.2553,2029.268,1917.1895,31.8754
1772416947332,1964.0727,22620817777.2267,2026-03-02 02:02:27.332,ethereum,50.7095,1944.6708,2044.2396,2024.2378,1917.5129,31.6228
1772420533695,1955.9338,22209980313.6344,2026-03-02 03:02:13.695,ethereum,48.5274,1945.2245,2043.2041,2020.8172,1916.6179,29.6944
1772424128799,1972.3304,20878568752.1325,2026-03-02 04:02:08.799,ethereum,52.9226,1945.8732,2042.2052,2016.091,1917.8755,27.9164
1772427725140,1972.2881,21746690708.5703,2026-03-02 05:02:05.140,ethereum,52.91,1946.5437,2041.2068,2014.6899,1917.8961,26.4191
1772431324164,1971.612,21859751586.9577,2026-03-02 06:02:04.164,ethereum,52.6949,1947.1776,2040.2035,2013.8413,1917.8236,25.0741
1772434922110,1943.9143,20627268589.3173,2026-03-02 07:02:02.110,ethereum,44.6801,1947.5625,2039.1693,2011.8878,1915.6985,24.858
1772438522485,1940.2575,20931904355.0972,2026-03-02 08:02:02.485,ethereum,43.7344,1947.8931,2038.1469,2009.8597,1913.3913,24.0359
1772442086376,1947.1589,21919706779.3614,2026-03-02 09:01:26.376,ethereum,46.0552,1948.29,2037.181,2008.0096,1912.0884,23.8865
1772445764348,1947.8575,21315092341.745,2026-03-02 10:02:44.348,ethereum,46.2967,1948.4812,2036.2118,1999.7831,1914.2719,23.8068
1772449336655,1950.4456,21298719373.7499,2026-03-02 11:02:16.655,ethereum,47.2389,1948.7001,2035.2477,1992.1852,1916.7955,23.431
1772452974454,1947.3576,20999106154.6487,2026-03-02 12:02:54.454,ethereum,46.1974,1948.8964,2034.2913,1986.0604,1918.523,23.0689
1772456545230,1937.8858,20787740502.4647,2026-03-02 13:02:25.230,ethereum,43.0612,1949.0033,2033.3319,1983.7023,1917.5052,23.0882
1772460217093,1926.8559,20664167935.4566,2026-03-02 14:03:37.093,ethereum,39.6828,1949.0361,2032.3636,1982.8179,1914.6989,21.2384
1772463784599,1977.9437,22764262480.2052,2026-03-02 15:03:04.599,ethereum,56.6482,1949.4643,2031.5978,1983.3161,1914.4342,19.4627
1772467390891,2047.0948,26044893093.2181,2026-03-02 16:03:10.891,ethereum,69.2541,1950.3674,2030.9263,2008.5188,1898.5428,26.3183
1772470970913,2065.0359,27141114851.8487,2026-03-02 17:02:50.913,ethereum,71.5644,1951.4405,2030.3481,2031.6108,1890.5156,34.4377
1772474555322,2040.4321,27045084133.6973,2026-03-02 18:02:35.322,ethereum,64.416,1952.4991,2029.8387,2043.5431,1889.617,38.1971
1772478235029,2029.5123,26648734005.1113,2026-03-02 19:03:55.029,ethereum,61.4807,1953.5212,2029.3516,2050.7903,1893.0151,40.5021
1772481787429,2042.1837,26555528904.6591,2026-03-02 20:03:07.429,ethereum,63.556,1954.6225,2028.88,2060.0608,1894.0535,43.3613
1772485277735,2039.1949,26591033962.4058,2026-03-02 21:01:17.735,ethereum,62.6979,1955.686,2028.3996,2067.8526,1894.0841,44.0483
1772488999726,2043.8468,26805468335.9058,2026-03-02 22:03:19.726,ethereum,63.5234,1956.7596,2027.8837,2075.6151,1894.299,45.2385
1772492561829,2052.1195,25837232104.4307,2026-03-02 23:02:41.829,ethereum,65.0064,1957.8993,2027.3762,2083.8942,1895.6385,46.0136
1772496206188,2027.3986,25974880722.7956,2026-03-03 00:03:26.188,ethereum,57.4852,1958.919,2026.7928,2087.6626,1897.3769,45.7989
1772499725832,2033.7684,27123424790.8193,2026-03-03 01:02:05.832,ethereum,58.8077,1959.9095,2026.2138,2091.8891,1899.2985,46.362
1772503044654,2026.7497,26085258356.8382,2026-03-03 01:57:24.654,ethereum,56.7143,1961.0174,2025.6357,2094.8986,1901.8028,46.5625
1772503399490,2020.5612,26846755862.5942,2026-03-03 02:03:19.490,ethereum,54.8599,1962.0778,2025.0367,2095.8246,1908.5414,46.1748
1772506976053,2014.1677,26295908623.7221,2026-03-03 03:02:56.053,ethereum,52.9343,1963.1672,2024.4419,2095.1864,1916.5707,46.0322
1772510563737,2008.6601,26624822846.8541,2026-03-03 04:02:43.737,ethereum,51.2649,1964.2339,2023.8336,2094.1006,1923.8065,45.7559
1772514206888,1999.5859,25697875628.0335,2026-03-03 05:03:26.888,ethereum,48.5484,1965.2703,2023.2366,2092.127,1930.953,45.3759
1772517820155,1992.7077,27166729395.4603,2026-03-03 06:03:40.155,ethereum,46.5354,1966.2965,2022.649,2089.8163,1937.4899,43.8
1772521446700,1998.35,26842251717.835,2026-03-03 07:04:06.700,ethereum,48.4246,1967.3301,2022.0783,2086.5067,1945.8988,41.7719
1772524806485,1995.5569,25642328627.5941,2026-03-03 08:00:06.485,ethereum,47.5292,1968.3065,2021.5021,2080.4698,1957.7028,39.9952
1772528437126,1952.1419,25948694937.7597,2026-03-03 09:00:37.126,ethereum,36.296,1969.0562,2020.8386,2074.7248,1965.9764,39.7289
1772532041733,1951.0148,25356380265.2541,2026-03-03 10:00:41.733,ethereum,36.0577,1969.7998,2020.2456,2078.5955,1959.4128,39.6938
1772535854131,1956.6289,26577950060.5482,2026-03-03 11:04:14.131,ethereum,38.2327,1970.5806,2019.6164,2078.4309,1950.5308,39.1283
1772539241126,1962.0773,26730233243.3761,2026-03-03 12:00:41.126,ethereum,40.3531,1971.4035,2019.0161,2072.7495,1945.9163,37.5369
1772542892099,1967.1996,27237535117.3455,2026-03-03 13:01:32.099,ethereum,42.3567,1972.3063,2018.4445,2069.9336,1941.409,34.5033
1772546606492,1951.6844,27673204065.2157,2026-03-03 14:03:26.492,ethereum,38.174,1973.0047,2017.8647,2069.1469,1934.4129,35.9553
1772550256773,1943.7264,27305221740.2033,2026-03-03 15:04:16.773,ethereum,36.1994,1973.5816,2017.3498,2066.0591,1927.655,37.3658
1772553766868,1968.2197,25683988494.2229,2026-03-03 16:02:46.868,ethereum,45.5369,1974.2394,2016.8842,2060.718,1925.8986,35.7677
1772557334355,1984.9709,25137928945.4491,2026-03-03 17:02:14.355,ethereum,50.8364,1975.0107,2016.437,2053.7086,1927.0203,34.8714
1772561031507,1983.2636,25441126821.401,2026-03-03 18:03:51.507,ethereum,50.2992,1975.7715,2015.9311,2043.5999,1930.2435,34.3524
1772564563674,1988.6329,24951601071.6742,2026-03-03 19:02:43.674,ethereum,52.0165,1976.5815,2015.4756,2038.5585,1931.4082,32.9667
1772568176898,1986.978,25651355993.3678,2026-03-03 20:02:56.898,ethereum,51.4267,1977.3483,2015.0213,2031.3594,1933.9283,31.5655
1772571678640,1976.2685,24763711172.9723,2026-03-03 21:01:18.640,ethereum,47.6604,1978.0764,2014.5881,2024.4682,1935.7714,29.7066
1772575356916,1969.0111,24981704752.5661,2026-03-03 22:02:36.916,ethereum,45.2424,1978.7248,2014.1092,2018.0119,1937.0727,26.7593
1772578826370,1982.0769,24321017040.3086,2026-03-03 23:00:26.370,ethereum,50.1463,1979.4973,2013.7102,2012.8609,1939.0146,25.2532
1772582542567,1981.4021,24332544755.4682,2026-03-04 00:02:22.567,ethereum,49.8977,1980.2676,2013.283,2008.4528,1940.697,22.9124
1772586183449,1978.0157,24159916494.2749,2026-03-04 01:03:03.449,ethereum,48.596,1980.6157,2012.8458,2005.4387,1941.554,20.8129
1772589728464,1981.9309,24331414201.7188,2026-03-04 02:02:08.464,ethereum,50.2132,1980.9739,2012.4591,2003.9344,1941.9806,18.9238
1772593441964,1978.5702,23110902223.5109,2026-03-04 03:04:01.964,ethereum,48.7942,1981.4053,2012.1045,2000.8303,1943.1068,17.2988
1772596992188,1960.3804,24375658632.4879,2026-03-04 04:03:12.188,ethereum,41.8935,1981.7279,2011.7184,1997.3427,1943.0767,16.181
1772600691657,1960.7021,23514118805.1817,2026-03-04 05:04:51.657,ethereum,42.0496,1982.1594,2011.391,1996.8724,1944.403,15.5028
1772604223648,1971.6975,24071244296.304,2026-03-04 06:03:43.648,ethereum,47.2641,1982.6757,2011.0431,1996.3131,1947.0306,14.9227
1772607724811,1980.0841,24103505543.4122,2026-03-04 07:02:04.811,ethereum,50.8937,1983.1949,2010.6972,1996.7316,1948.9577,13.9608
1772611321282,2005.8635,23937586663.3059,2026-03-04 08:02:01.282,ethereum,60.0057,1983.7651,2010.3602,2002.352,1947.7159,14.8671
1772614993258,2064.0266,25734594614.6385,2026-03-04 09:03:13.258,ethereum,72.4341,1984.6528,2010.0493,2027.0366,1932.714,23.4869
1772618482163,2074.7519,26923196367.1341,2026-03-04 10:01:22.163,ethereum,74.0363,1985.6218,2009.7701,2046.9721,1925.0852,30.2668
1772622201997,2072.0551,27710381289.8507,2026-03-04 11:03:21.997,ethereum,72.8891,1986.4954,2009.4794,2060.7944,1924.0957,34.9381
1772625765556,2055.5737,27601750262.445,2026-03-04 12:02:45.556,ethereum,66.1436,1987.1117,2009.1264,2069.442,1924.1836,37.2446
1772629410132,2053.7224,27593777003.9685,2026-03-04 13:03:30.132,ethereum,65.4113,1987.6377,2008.7451,2076.7188,1923.7819,39.0554
1772632988761,2064.3581,28229224617.5986,2026-03-04 14:03:08.761,ethereum,67.6286,1988.0415,2008.3813,2085.2119,1923.3983,40.5053
1772636568750,2084.5763,29376449856.018,2026-03-04 15:02:48.750,ethereum,71.384,1988.4704,2007.9852,2096.8145,1921.3901,42.3706
1772640207826,2150.3925,31439367070.5586,2026-03-04 16:03:27.826,ethereum,79.6573,1989.0903,2007.694,2123.6735,1910.8724,51.0285
1772643799382,2143.0771,31204266236.3808,2026-03-04 17:03:19.382,ethereum,76.9929,1989.5091,2007.4004,2143.3924,1907.8344,57.2112
1772647410540,2147.0372,31662913241.0858,2026-03-04 18:03:30.540,ethereum,77.4329,1989.9424,2007.1281,2160.4629,1908.5666,62.3447
1772650975057,2162.2086,31407370027.2156,2026-03-04 19:02:55.057,ethereum,79.0835,1990.4819,2006.8972,2178.6126,1908.43,67.722
1772654635663,2179.3034,33369805294.3054,2026-03-04 20:03:55.663,ethereum,80.7886,1991.1016,2006.702,2197.5469,1909.2858,73.2316
1772658132149,2155.6856,32833037208.6182,2026-03-04 21:02:12.149,ethereum,72.0498,1991.4381,2006.4424,2208.6306,1915.9691,75.4899
1772661694094,2150.728,33819978124.7954,2026-03-04 22:01:34.094,ethereum,70.33,1991.842,2006.1679,2217.0266,1924.4529,76.3118
1772665333130,2132.1753,34068146053.0799,2026-03-04 23:02:13.130,ethereum,64.1584,1992.2959,2005.8742,2220.616,1936.2239,76.1611
1772668962758,2127.5396,34254034858.025,2026-03-05 00:02:42.758,ethereum,62.6783,1992.6815,2005.5632,2219.5792,1953.9767,75.2727
1772672614887,2128.9595,34333250927.3596,2026-03-05 01:03:34.887,ethereum,62.9602,1993.0979,2005.2534,2215.7309,1974.6508,73.7081
1772676221015,2114.0836,34232813574.9311,2026-03-05 02:03:41.015,ethereum,58.0169,1993.4578,2004.9997,2208.8391,1995.7811,71.4006
1772679656874,2121.0508,34516567386.6776,2026-03-05 03:00:56.874,ethereum,59.6162,1993.8541,2004.6942,2200.0895,2018.6274,68.4726
1772683381674,2120.1143,33201776303.2413,2026-03-05 04:03:01.674,ethereum,59.2892,1994.1196,2004.3853,2192.4175,2037.7245,63.3172
1772687002109,2137.4507,31152552156.3429,2026-03-05 05:03:22.109,ethereum,63.3013,1994.5454,2004.1376,2192.9556,2044.5287,57.3169
1772690566722,2118.7579,34447461979.6961,2026-03-05 06:02:46.722,ethereum,56.8012,1994.8788,2003.8597,2192.3655,2049.5195,50.4726
1772694222188,2128.4988,33710113895.111,2026-03-05 07:03:42.188,ethereum,59.155,1995.3221,2003.5927,2191.6087,2055.9207,42.9008
1772697694493,2103.1853,34704537237.4179,2026-03-05 08:01:34.493,ethereum,51.3282,1995.6135,2003.2991,2187.2586,2065.0319,36.5446
1772701391091,2117.1768,32141744798.1452,2026-03-05 09:03:11.091,ethereum,54.8816,1995.8649,2003.0566,2180.9091,2077.7268,34.8135
1772704814220,2124.9192,31832956011.2102,2026-03-05 10:00:14.220,ethereum,56.7627,1996.2195,2002.8409,2174.5939,2090.0981,33.5601
1772708590653,2156.9144,30374808300.4628,2026-03-05 11:03:10.653,ethereum,63.5297,1996.8123,2002.6731,2173.3379,2098.5879,32.6903
1772712059704,2138.0647,30018483883.2684,2026-03-05 12:00:59.704,ethereum,57.7911,1997.2194,2002.4507,2172.1516,2098.5415,29.3413
1772715783750,2139.5339,30159674073.4321,2026-03-05 13:03:03.750,ethereum,58.1088,1997.6605,2002.2188,2171.8578,2098.481,24.8438
1772719414250,2118.5276,29291717287.0717,2026-03-05 14:03:34.250,ethereum,52.075,1998.0624,2002.0269,2170.6916,2096.7962,20.6208
1772722942866,2118.6525,29016037533.5717,2026-03-05 15:02:22.866,ethereum,52.1068,1998.5716,2001.7733,2166.6327,2096.4995,18.142
1772726625734,2084.2593,26808260264.722,2026-03-05 16:03:45.734,ethereum,43.5297,1999.1684,2001.556,2160.4464,2093.1814,20.5285
1772730185763,2080.8341,26572846685.7257,2026-03-05 17:03:05.763,ethereum,42.7746,1999.715,2001.3948,2159.5574,2086.5853,22.8663
1772733840108,2059.688,25180069993.0974,2026-03-05 18:04:00.108,ethereum,38.3513,2000.0443,2001.31,2162.0952,2074.9434,26.5864
1772737270877,2075.9184,25715085693.4873,2026-03-05 19:01:10.877,ethereum,43.2058,2000.3192,2001.1314,2162.5347,2068.8783,27.2693
1772740962681,2075.1311,24477507995.7928,2026-03-05 20:02:42.681,ethereum,43.0288,2000.6207,2000.8236,2162.7518,2063.4203,26.0425
1772744561496,2093.0704,24382679596.121,2026-03-05 21:02:41.496,ethereum,48.2329,2000.9959,2000.5617,2161.1267,2061.4565,25.208
1772748197247,2080.8082,24059115853.7391,2026-03-05 22:03:17.247,ethereum,45.194,2001.2798,2000.3464,2161.1715,2058.0841,24.9648
1772751746930,2081.3965,22863472742.429,2026-03-05 23:02:26.930,ethereum,45.3718,2001.6034,2000.1404,2160.317,2054.9732,25.3562
1772755393882,2073.0443,23237720682.8716,2026-03-06 00:03:13.882,ethereum,43.2274,2001.9529,1999.9034,2159.7023,2050.8809,26.1622
1772759005069,2074.5371,22849056745.738,2026-03-06 01:03:25.069,ethereum,43.7392,2002.2716,1999.6387,2156.0279,2048.2639,26.6138
1772762601326,2087.5728,22648962765.1185,2026-03-06 02:03:21.326,ethereum,48.1363,2002.6335,1999.4145,2154.26,2046.9133,26.7981
1772766119543,2083.5273,21886178198.1314,2026-03-06 03:01:59.543,ethereum,46.911,2002.8577,1999.1413,2150.9022,2045.7739,26.8877
1772769781563,2083.1396,21730612183.018,2026-03-06 04:03:01.563,ethereum,46.788,2003.1001,1998.8806,2150.2553,2044.4163,26.9227
1772773210377,2069.5313,21485589173.4186,2026-03-06 05:00:10.377,ethereum,42.5714,2003.2666,1998.6133,2148.3731,2041.5339,26.5401
1772776954088,2068.8449,21906199534.9197,2026-03-06 06:02:34.088,ethereum,42.364,2003.4595,1998.3278,2144.8656,2039.434,26.8466
1772780534668,2074.7491,21024451034.6601,2026-03-06 07:02:14.668,ethereum,44.8526,2003.713,1998.0441,2132.0087,2044.0744,26.3004
1772784194104,2082.7663,20801590941.1183,2026-03-06 08:03:14.104,ethereum,48.1279,2004.0048,1997.7763,2122.7951,2047.7582,26.3304
1772787619252,2075.3712,20367341214.7822,2026-03-06 09:00:19.252,ethereum,45.4467,2004.389,1997.5229,2110.3053,2053.8317,26.0736
1772791335637,2059.3418,19860735079.3104,2026-03-06 10:02:15.637,ethereum,40.2167,2004.8518,1997.2481,2103.5987,2054.6197,25.8764
1772795015715,2062.985,20626433379.2426,2026-03-06 11:03:35.715,ethereum,41.8545,2005.4483,1996.9846,2093.876,2058.7756,21.9597
1772798606193,2050.5937,19422313671.5233,2026-03-06 12:03:26.193,ethereum,38.0376,2005.9978,1996.722,2095.0513,2054.2338,19.9453
1772802182814,2049.2666,20084949571.456,2026-03-06 13:03:02.814,ethereum,37.6417,2006.5141,1996.5191,2096.0353,2050.093,16.7656
1772805818626,2017.0472,20904961842.4777,2026-03-06 14:03:38.626,ethereum,29.5891,2006.913,1996.3122,2104.1178,2037.7465,18.6934
1772809386385,1981.7822,22134179074.904,2026-03-06 15:03:06.385,ethereum,23.6305,2007.1106,1996.078,2117.1884,2015.2622,24.324
1772812960821,1977.624,21351147993.9542,2026-03-06 16:02:40.821,ethereum,23.0413,2007.4007,1995.8712,2125.0394,1997.6606,30.2004
1772816608939,1971.1852,21152138123.4993,2026-03-06 17:03:28.939,ethereum,22.1215,2007.6378,1995.6633,2128.2795,1982.2319,35.2928
1772820199538,1967.4605,21113798381.6312,2026-03-06 18:03:19.538,ethereum,21.5847,2007.9348,1995.4132,2130.9211,1968.2555,39.9013
1772823781750,1974.9148,19908367302.3396,2026-03-06 19:03:01.750,ethereum,25.4819,2008.2545,1995.1336,2130.3718,1958.1567,42.8048
1772827345573,1984.1726,19895725542.9287,2026-03-06 20:02:25.573,ethereum,30.1265,2008.6186,1994.8784,2128.658,1950.9833,44.5351
1772830941022,1980.3531,19907452032.7668,2026-03-06 21:02:21.022,ethereum,29.3147,2008.9709,1994.6988,2126.0487,1944.1741,45.3857
1772834612801,1983.9367,19661813114.375,2026-03-06 22:03:32.801,ethereum,31.1883,2009.3472,1994.5153,2120.1268,1939.7325,46.1018
1772838167879,1987.9279,20417131130.2321,2026-03-06 23:02:47.879,ethereum,33.3085,2009.6901,1994.2994,2113.5941,1936.7052,46.2357
1772841775827,1978.7065,19334739703.5859,2026-03-07 00:02:55.827,ethereum,30.9367,2009.9658,1994.0679,2106.3698,1933.4862,46.7996
1772845333749,1981.8252,19233094002.5882,2026-03-07 01:02:13.749,ethereum,32.6825,2010.3023,1993.8426,2100.3574,1930.728,46.8163
1772848988029,1981.0884,18717164191.3817,2026-03-07 02:03:08.029,ethereum,32.4737,2010.6027,1993.648,2093.5303,1928.7794,45.8059
1772852590504,1983.2494,18773398759.3596,2026-03-07 03:03:10.504,ethereum,33.8097,2010.9549,1993.4756,2084.3545,1928.8053,44.5052
1772856182982,1980.3151,18573772341.6702,2026-03-07 04:03:02.982,ethereum,32.8591,2011.2837,1993.308,2071.6073,1931.3073,42.8635
1772859785752,1975.5708,18529236394.8304,2026-03-07 05:03:05.752,ethereum,31.3254,2011.6193,1993.139,2058.6187,1934.316,41.8053
1772863377882,1977.9374,18219131887.2141,2026-03-07 06:02:57.882,ethereum,33.0051,2012.4327,1992.993,2047.8458,1936.9484,40.2979
1772866967403,1972.2527,18859891280.2017,2026-03-07 07:02:47.403,ethereum,31.041,2013.0628,1992.8355,2033.4331,1942.2879,38.0458
1772870623458,1982.1163,18185149213.712,2026-03-07 08:03:43.458,ethereum,37.9418,2013.8407,1992.6566,2019.7846,1949.0886,34.0432
1772874094512,1977.4491,18329808215.0904,2026-03-07 09:01:34.512,ethereum,36.1009,2014.5707,1992.4449,2000.0052,1961.6863,29.9056
1772877675751,1986.5745,17494041309.2574,2026-03-07 10:01:15.751,ethereum,42.0239,2015.2906,1992.2973,1989.4341,1969.2101,26.4019
1772881264890,1984.0439,17944223752.6708,2026-03-07 11:01:04.890,ethereum,40.892,2016.004,1992.1692,1989.7041,1969.1663,21.3899
1772885035440,1988.807,16888898397.0233,2026-03-07 12:03:55.440,ethereum,43.9522,2016.7191,1992.0707,1990.9994,1968.9894,16.5766
1772888554956,1982.2406,15607317065.7796,2026-03-07 13:02:34.956,ethereum,40.8149,2017.1956,1991.971,1990.8124,1970.2818,9.1601
1772892213604,1981.5248,15186988827.7125,2026-03-07 14:03:33.604,ethereum,40.4757,2017.7479,1991.8821,1989.5773,1972.9234,5.1975
1772895761370,1987.1403,13678951727.0914,2026-03-07 15:02:41.370,ethereum,44.3806,2018.2738,1991.9228,1990.0319,1973.6913,5.3834
1772899230627,1981.3633,11829255385.4152,2026-03-07 16:00:30.627,ethereum,41.3736,2018.7327,1991.9046,1989.824,1973.6183,5.3551
1772902964890,1977.3932,11104328697.3759,2026-03-07 17:02:44.890,ethereum,39.398,2019.1537,1991.9395,1989.8762,1973.2701,5.0251
1772906582543,1977.3105,10423350932.3623,2026-03-07 18:03:02.543,ethereum,39.3559,2019.3964,1991.9836,1989.6691,1972.8146,4.2306
1772910184817,1971.2614,9760909745.4974,2026-03-07 19:03:04.817,ethereum,36.2965,2019.5427,1992.0486,1989.3092,1971.5079,4.5214
1772913669099,1954.9555,10035756999.6974,2026-03-07 20:01:09.099,ethereum,29.6138,2019.4746,1992.1596,1993.4537,1964.9882,6.929
1772917327510,1966.5199,9881097473.5606,2026-03-07 21:02:07.510,ethereum,38.2914,2019.5239,1992.3234,1993.6589,1963.2525,7.4381
1772920929686,1970.2353,9781364246.7853,2026-03-07 22:02:09.686,ethereum,40.8159,2019.5384,1992.4552,1993.4722,1962.3539,7.5855
1772924520629,1965.6574,9625337306.9703,2026-03-07 23:02:00.629,ethereum,38.7143,2019.5432,1992.6509,1993.2611,1960.8058,7.7624
1772928162020,1969.7756,9654162042.2859,2026-03-08 00:02:42.020,ethereum,41.6261,2019.5847,1992.7889,1992.9566,1960.0563,7.9259
1772931772043,1969.097,9736149342.8346,2026-03-08 01:02:52.043,ethereum,41.2781,2019.37,1992.8458,1992.9457,1959.4199,8.0391
1772935390194,1968.6343,9677074854.0159,2026-03-08 02:03:10.194,ethereum,41.0262,2018.9802,1992.9375,1992.7737,1958.6616,8.1533
1772938848116,1941.9691,10367813183.4018,2026-03-08 03:00:48.116,ethereum,29.7572,2018.4945,1993.0111,1996.723,1951.6839,10.6098
1772942585591,1947.7448,10384187733.4264,2026-03-08 04:03:05.591,ethereum,33.9868,2018.0869,1993.0681,1997.4409,1947.5288,11.8554
1772946109439,1937.7159,10776852101.6312,2026-03-08 05:01:49.439,ethereum,30.5472,2017.6498,1993.0411,1999.5476,1941.4489,13.8767
1772949775620,1947.8671,12758192610.6648,2026-03-08 06:02:55.620,ethereum,37.4478,2017.3449,1993.1031,1998.2214,1938.9044,14.6223
1772953349764,1947.6888,10833894335.8232,2026-03-08 07:02:29.764,ethereum,37.3775,2016.9918,1993.1736,1996.8387,1936.6515,15.3297
1772957007350,1955.2532,10522472402.2977,2026-03-08 08:03:27.350,ethereum,42.3209,2016.8082,1993.2888,1993.7629,1936.3719,15.3399
1772960458861,1958.9652,10422046379.6545,2026-03-08 09:00:58.861,ethereum,44.6308,2016.6781,1993.3466,1991.589,1936.2183,15.3224
1772964145184,1963.7105,10341687265.271,2026-03-08 10:02:25.184,ethereum,47.5239,2016.5532,1993.4024,1989.4933,1936.5325,14.7856
1772967646119,1972.4307,11641763212.5098,2026-03-08 11:00:46.119,ethereum,52.4417,2016.4866,1993.4644,1986.7797,1937.7752,14.372
1772971333187,1951.6154,11887791734.4213,2026-03-08 12:02:13.187,ethereum,42.2607,2016.3255,1993.5086,1984.0579,1937.5222,13.8057
1772975004205,1946.2449,12820675728.3301,2026-03-08 13:03:24.205,ethereum,40.0978,2015.9562,1993.5063,1982.0113,1936.4539,13.7501
1772978558766,1944.2226,13385767517.4064,2026-03-08 14:02:38.766,ethereum,39.2825,2015.6171,1993.4625,1979.6603,1935.4961,13.6735
1772982178679,1945.0766,13857556604.8997,2026-03-08 15:02:58.679,ethereum,39.8388,2015.3418,1993.4162,1978.0537,1934.4842,12.9118
1772985762897,1942.263,13387797104.1855,2026-03-08 16:02:42.897,ethereum,38.5844,2015.1669,1993.2883,1978.2585,1933.0102,12.5199
1772989407055,1936.4852,13574291946.903,2026-03-08 17:03:27.055,ethereum,36.0728,2015.0045,1993.107,1977.6373,1930.6279,12.559
1772993010031,1935.4554,13585619344.4299,2026-03-08 18:03:30.031,ethereum,35.6276,2014.7655,1992.9572,1976.0216,1928.7656,12.429
1772996561163,1930.9907,13736731836.3836,2026-03-08 19:02:41.163,ethereum,33.6867,2014.6287,1992.7731,1975.2102,1926.1104,12.7974
1773000126742,1963.9918,14038455383.7142,2026-03-08 20:02:06.742,ethereum,53.7455,2014.9239,1992.6484,1974.1372,1926.605,12.9907
1773003656963,1958.6389,14981883678.6288,2026-03-08 21:00:56.963,ethereum,51.0482,2015.0938,1992.5189,1972.3709,1927.3254,12.7396
1773007364392,1953.2225,14348978142.9663,2026-03-08 22:02:44.392,ethereum,48.4012,2015.2734,1992.3535,1969.9724,1928.1828,12.2001
1773010883930,1942.5449,16689350901.7983,2026-03-08 23:01:23.930,ethereum,43.6014,2015.2939,1992.1879,1969.9635,1928.2493,12.009
1773014588267,1936.2658,16517276985.9508,2026-03-09 00:03:08.267,ethereum,41.025,2015.1469,1992.0411,1970.1266,1926.9383,11.7139
1773018228098,1951.4435,16973755577.3187,2026-03-09 01:03:48.098,ethereum,48.8872,2015.0717,1991.8857,1970.2597,1928.178,10.9893
1773021791691,1945.5371,17344123857.1759,2026-03-09 02:03:11.691,ethereum,46.3004,2015.0098,1991.7294,1970.1976,1928.0071,10.1946
1773025432114,1960.0152,17208661948.9233,2026-03-09 03:03:52.114,ethereum,52.8819,2014.9365,1991.5635,1971.3267,1928.1106,10.3772
1773028991822,1976.8422,18594520087.4341,2026-03-09 04:03:11.822,ethereum,59.1487,2014.9636,1991.4117,1975.3594,1926.2368,11.8259
1773032574793,1977.9293,18176260937.5316,2026-03-09 05:02:54.793,ethereum,59.5232,2015.0012,1991.2675,1978.8303,1924.6623,12.7915
1773036071688,2009.4386,19666169927.6096,2026-03-09 06:01:11.688,ethereum,68.5297,2015.3912,1991.2111,1990.7708,1917.2947,17.326
1773039654480,1985.5865,20193059458.7352,2026-03-09 07:00:54.480,ethereum,58.0075,2015.661,1991.1556,1993.1533,1916.2277,18.38
1773043385689,1983.4727,20405408872.1594,2026-03-09 08:03:05.689,ethereum,57.1698,2015.8772,1991.1028,1996.6941,1915.8726,19.2134
1773046906523,1996.4048,21518938239.6885,2026-03-09 09:01:46.523,ethereum,60.8911,2016.1662,1991.0821,2002.491,1915.0917,20.8174
1773050579252,2004.6863,21339965146.7802,2026-03-09 10:02:59.252,ethereum,63.102,2016.489,1991.0748,2009.2689,1914.3602,22.8259
1773054193685,1994.8566,20976294324.0133,2026-03-09 11:03:13.685,ethereum,58.8494,2016.7718,1991.0446,2013.1857,1915.4214,23.7769
1773057800322,1993.1537,20878112707.3058,2026-03-09 12:03:20.322,ethereum,58.1187,2017.1007,1990.9785,2016.1722,1917.5239,24.5346
1773061301756,2002.352,20283398402.1068,2026-03-09 13:01:41.756,ethereum,60.94,2017.5501,1990.93,2019.7117,1920.5712,25.5109
1773064981874,2018.4235,21872616025.5678,2026-03-09 14:03:01.874,ethereum,65.3341,2017.7911,1990.9313,2025.4169,1923.1627,27.2622
1773068531720,2022.0273,20445485187.1963,2026-03-09 15:02:11.720,ethereum,66.2509,2017.6419,1990.8914,2029.9486,1927.7348,28.8603
1773072189249,2023.7271,23707748026.9066,2026-03-09 16:03:09.249,ethereum,66.6983,2017.396,1990.8552,2036.0047,1927.6522,30.0091
1773075811454,2027.6122,24204213541.7157,2026-03-09 17:03:31.454,ethereum,67.7506,2017.3197,1990.8097,2041.8383,1928.7159,30.6627
1773079406177,2016.9216,23899335297.0357,2026-03-09 18:03:26.177,ethereum,61.9498,2017.2447,1990.7011,2044.617,1932.3071,30.1442
1773083026705,2012.2007,24113996500.2925,2026-03-09 19:03:46.705,ethereum,59.5261,2017.0663,1990.594,2044.8209,1939.0687,28.6509
1773086579066,2035.2294,25474968519.1364,2026-03-09 20:02:59.066,ethereum,66.4265,2017.0426,1990.4985,2046.417,1947.369,29.962
1773090063557,2027.4178,27372109845.1812,2026-03-09 21:01:03.557,ethereum,62.532,2016.9449,1990.3989,2047.2549,1954.1286,30.2507
1773093806921,2029.5061,27117415326.81,2026-03-09 22:03:26.921,ethereum,63.1539,2016.8103,1990.3155,2045.5751,1964.2052,30.055
1773097399679,2002.5112,24023149081.8711,2026-03-09 23:03:19.679,ethereum,51.2997,2016.6621,1990.1949,2042.1659,1971.8641,27.9463
1773101000664,1992.9225,24681768957.8189,2026-03-10 00:03:20.664,ethereum,47.8631,2016.419,1990.0726,2040.8438,1974.7942,24.7869
1773104580374,2014.9606,24764992586.2089,2026-03-10 01:03:00.374,ethereum,55.2785,2016.3488,1989.9622,2039.8111,1979.5301,22.7278
1773108030318,2020.2412,24771162876.4941,2026-03-10 02:00:30.318,ethereum,56.8617,2016.3469,1989.8705,2040.7003,1979.721,19.5127
1773111649603,2041.962,24143256001.8401,2026-03-10 03:00:49.603,ethereum,62.7097,2016.5123,1989.8206,2044.3056,1981.7533,18.3709
1773115361500,2027.2908,23181151328.9889,2026-03-10 04:02:41.500,ethereum,57.081,2016.6232,1989.7443,2043.9424,1986.4984,17.421
1773118897701,2044.9848,24011060846.3699,2026-03-10 05:01:37.701,ethereum,61.562,2016.8935,1989.6913,2047.778,1987.5208,17.2852
1773122529834,2043.4333,22481660763.7956,2026-03-10 06:02:09.834,ethereum,60.961,2017.1954,1989.6431,2051.0839,1988.0895,18.2879
1773126167184,2043.7913,22344058949.0407,2026-03-10 07:02:47.184,ethereum,61.0555,2017.4659,1989.5895,2053.0654,1991.0015,18.0648
1773129791278,2051.937,23539811314.6774,2026-03-10 08:03:11.278,ethereum,63.2357,2017.8015,1989.503,2055.6396,1994.3056,17.8618
1773133361348,2056.988,23184997638.6236,2026-03-10 09:02:41.348,ethereum,64.5605,2018.4256,1989.4425,2059.5364,1995.8725,18.5955
1773136943818,2068.3484,22591989144.6683,2026-03-10 10:02:23.818,ethereum,67.4056,2019.124,1989.4068,2066.2771,1994.1243,20.3455
1773140547666,2062.6384,22122414737.5215,2026-03-10 11:02:27.666,ethereum,64.5985,2019.755,1989.3125,2070.7292,1993.7332,20.6049
1773144192161,2061.7502,22375096802.8477,2026-03-10 12:03:12.161,ethereum,64.151,2020.3483,1989.2188,2074.474,1993.7907,20.2642
1773147788365,2050.278,23113840881.7651,2026-03-10 13:03:08.365,ethereum,58.5125,2020.8428,1989.1167,2076.0816,1994.4497,19.6482
1773151217101,2033.527,22911442100.59,2026-03-10 14:00:17.101,ethereum,51.4074,2021.33,1988.9918,2076.052,1996.1398,19.3942
1773155023038,2077.1179,23702909581.9602,2026-03-10 15:03:43.038,ethereum,63.7449,2022.124,1988.9509,2081.4929,1997.1907,21.1185
1773158643758,2079.8438,23919888773.2742,2026-03-10 16:04:03.758,ethereum,64.3544,2022.7884,1988.9525,2087.1961,1995.949,22.7298
1773162138804,2080.7141,25052905968.4622,2026-03-10 17:02:18.804,ethereum,64.5592,2023.3583,1988.9386,2092.3979,1996.0767,24.1656
1773165841082,2071.7388,24418806412.3943,2026-03-10 18:04:01.082,ethereum,60.6859,2023.8849,1988.8873,2095.4353,1997.2626,24.4109
1773169398286,2039.6263,25166571235.2836,2026-03-10 19:03:18.286,ethereum,49.2911,2024.1885,1988.7684,2093.1534,2003.256,23.534
1773172974055,2036.7034,24604619817.8699,2026-03-10 20:02:54.055,ethereum,48.4003,2024.4844,1988.676,2088.0295,2012.7581,23.5117
1773176608438,2042.2714,25271095652.0115,2026-03-10 21:03:28.438,ethereum,50.245,2024.8773,1988.6027,2085.9804,2017.5382,23.2454
1773180172938,2029.5727,24674180698.8266,2026-03-10 22:02:52.938,ethereum,46.1893,2025.2378,1988.4945,2084.9365,2019.5153,23.2434
1773183784815,2027.7078,24244182551.0812,2026-03-10 23:03:04.815,ethereum,45.6071,2025.5094,1988.4105,2085.6762,2017.3502,21.7729
1773187391509,2036.1517,23010775179.1473,2026-03-11 00:03:11.509,ethereum,48.7567,2025.8353,1988.345,2085.0647,2018.8477,18.7876
1773190989491,2037.8775,25129672891.0422,2026-03-11 01:03:09.491,ethereum,49.4016,2026.1916,1988.3012,2085.1507,2018.051,17.5988
1773194532205,2036.2681,22398556620.0216,2026-03-11 02:02:12.205,ethereum,48.785,2026.5151,1988.2361,2085.2831,2017.2021,16.7598
1773198203861,2026.0814,21224770038.2108,2026-03-11 03:03:23.861,ethereum,44.96,2026.7979,1988.1373,2086.01,2014.7042,17.3636
1773201736572,2021.125,21386284284.0855,2026-03-11 04:02:16.572,ethereum,43.1858,2027.1594,1988.0425,2086.6588,2010.9742,17.7344
1773205372315,2039.3472,22266148515.7204,2026-03-11 05:02:52.315,ethereum,50.863,2027.6276,1987.969,2085.7961,2010.0728,17.8181
1773209002286,2014.7979,21935376222.4384,2026-03-11 06:03:22.286,ethereum,42.5258,2027.8841,1987.8785,2084.5137,2006.0002,19.0609
1773212545082,2024.2785,21601273248.7116,2026-03-11 07:02:25.082,ethereum,46.1938,2028.1472,1987.8219,2082.7594,2003.9185,19.6086
1773216131866,2012.6875,20678630779.9298,2026-03-11 08:02:11.866,ethereum,42.6131,2028.1878,1987.7711,2081.5061,2000.2655,20.7076
1773219758675,2022.9082,21012967867.5076,2026-03-11 09:02:38.675,ethereum,46.5477,2027.9431,1987.7489,2080.621,1998.4136,20.9791
1773223273121,2017.0019,19922718717.2839,2026-03-11 10:01:13.121,ethereum,44.6428,2027.5993,1987.7427,2080.8929,1996.4892,20.9057
1773226876269,2028.6907,20315972417.1823,2026-03-11 11:01:16.269,ethereum,49.0836,2027.3412,1987.7469,2074.7693,1997.7701,20.517
1773230620801,2018.114,19515971478.7224,2026-03-11 12:03:40.801,ethereum,45.5249,2027.1182,1987.7249,2066.8031,1999.5633,20.3929
1773234138930,2023.4629,22692970735.9888,2026-03-11 13:02:18.930,ethereum,47.5942,2026.9381,1987.726,2056.1001,2004.5412,20.4075
1773237816223,2050.8491,18172240855.838,2026-03-11 14:03:36.223,ethereum,56.6699,2026.8577,1987.7356,2049.3114,2009.241,20.6007
1773241411170,2064.1257,20581982598.3214,2026-03-11 15:03:31.170,ethereum,60.2628,2026.7359,1987.7407,2055.3382,2005.6641,19.6577
1773245012685,2050.3747,19849692302.4755,2026-03-11 16:03:32.685,ethereum,55.1611,2026.1406,1987.6854,2057.3822,2004.9872,17.6685
1773248558679,2066.8789,19225271874.0283,2026-03-11 17:02:38.679,ethereum,59.5836,2025.687,1987.6026,2062.5893,2002.2408,16.3027
1773252014841,2068.0645,20158721043.4235,2026-03-11 18:00:14.841,ethereum,59.8897,2025.217,1987.5212,2068.2252,2000.4541,15.9557
1773255820265,2076.8759,18477132610.3333,2026-03-11 19:03:40.265,ethereum,62.1818,2024.709,1987.4493,2075.2314,1998.3647,18.1125
1773259400491,2075.5938,19067712087.856,2026-03-11 20:03:20.491,ethereum,61.6299,2024.0917,1987.3804,2080.7524,1996.788,19.8066
1773262944119,2069.3338,19201188172.3698,2026-03-11 21:02:24.119,ethereum,58.8821,2023.5777,1987.3072,2084.3802,1996.3057,20.8076
1773266623364,2073.043,18192318738.5958,2026-03-11 22:03:43.364,ethereum,60.0195,2023.1153,1987.2511,2088.4018,1995.9617,21.8109
1773270203773,2063.2677,18869847143.6352,2026-03-11 23:03:23.773,ethereum,55.6503,2022.7051,1987.195,2090.5119,1997.5701,22.0818
1773273756134,2052.1649,19101808231.1456,2026-03-12 00:02:36.134,ethereum,51.1002,2022.2565,1987.1305,2090.9591,2000.227,22.1272
1773277374262,2055.8426,18364410292.0841,2026-03-12 01:02:54.262,ethereum,52.486,2021.8213,1987.0482,2091.8993,2000.9363,22.2482
1773280889855,2045.7753,19067062657.7436,2026-03-12 02:01:29.855,ethereum,48.4392,2021.4147,1986.9638,2091.0838,2004.8495,22.1928
1773284637665,2024.9124,18249174137.9951,2026-03-12 03:03:57.665,ethereum,41.3277,2020.8424,1986.9102,2091.0467,2004.95,22.2355
1773288049107,2023.1108,19071765240.0089,2026-03-12 04:00:49.107,ethereum,40.771,2020.265,1986.846,2090.0717,2006.9674,22.1497
1773291781878,2022.7449,18488449945.7241,2026-03-12 05:03:01.878,ethereum,40.6513,2019.5822,1986.8057,2090.0837,2006.939,22.5642
1773295398543,2026.3322,18332350280.5164,2026-03-12 06:03:18.543,ethereum,42.4365,2019.0321,1986.833,2089.3165,2008.6393,22.0422
1773298986464,2029.9687,18354047719.6135,2026-03-12 07:03:06.464,ethereum,44.2667,2018.4456,1986.8648,2089.2555,2008.8281,21.8504
1773302586362,2040.0838,18492684134.455,2026-03-12 08:03:06.362,ethereum,49.1132,2018.07,1986.9029,2088.0488,2012.2317,20.8209
1773306171744,2047.2427,19193232728.9569,2026-03-12 09:02:51.744,ethereum,52.2762,2017.6537,1986.9477,2087.2562,2015.4023,20.2632
1773309746213,2055.6894,18561448871.2417,2026-03-12 10:02:26.213,ethereum,55.7696,2017.2416,1987.008,2087.5472,2015.5953,19.3398
1773313390391,2069.9405,19085574019.5249,2026-03-12 11:03:10.391,ethereum,60.9617,2016.7239,1987.0996,2088.3297,2015.3943,19.3799
1773316900630,2063.3667,19680814944.7619,2026-03-12 12:01:40.630,ethereum,57.6026,2016.2793,1987.1787,2089.3115,2015.7117,18.3427
1773320510702,2065.5128,19145333297.3963,2026-03-12 13:01:50.702,ethereum,58.4084,2015.8387,1987.2409,2089.1413,2015.7454,17.5256
1773324167573,2064.9957,18797607577.0353,2026-03-12 14:02:47.573,ethereum,58.1218,2015.5201,1987.317,2088.7502,2015.8296,17.6741
1773327806554,2044.8944,19285489531.2895,2026-03-12 15:03:26.554,ethereum,48.2167,2015.081,1987.3494,2085.4639,2015.9177,17.6294
1773331450098,2071.0533,18725247013.8897,2026-03-12 16:04:10.098,ethereum,58.2,2015.0024,1987.4114,2084.6377,2016.2899,17.9887
1773334955942,2069.6622,18797432066.6136,2026-03-12 17:02:35.942,ethereum,57.5644,2014.9359,1987.4546,2084.6907,2016.2697,18.0839
1773338616200,2059.1194,18813647302.9342,2026-03-12 18:03:36.200,ethereum,52.8536,2014.9325,1987.5239,2082.6706,2016.8974,17.8755
1773342188272,2049.1009,18837112718.9685,2026-03-12 19:03:08.272,ethereum,48.7693,2014.7729,1987.5687,2081.3751,2016.7763,17.201
1773345730145,2071.5337,18286949074.3163,2026-03-12 20:02:10.145,ethereum,56.8162,2014.7515,1987.6512,2083.7853,2016.303,16.9838
1773349218926,2063.0758,19052695705.9101,2026-03-12 21:00:18.926,ethereum,53.4099,2014.573,1987.7266,2084.5405,2016.271,16.7598
1773352938763,2063.785,22586826728.6001,2026-03-12 22:02:18.763,ethereum,53.6608,2014.4716,1987.7948,2085.8526,2016.7599,16.3606
1773356596305,2064.7231,19790800286.7782,2026-03-12 23:03:16.305,ethereum,54.0136,2014.3724,1987.8574,2086.073,2020.5207,16.4076
1773360173145,2073.0803,19671042839.2074,2026-03-13 00:02:53.145,ethereum,57.1434,2014.3726,1987.9246,2086.5417,2025.0488,16.9703
1773363782013,2119.459,23803260345.2534,2026-03-13 01:03:02.013,ethereum,69.5351,2014.64,1988.0584,2098.6304,2022.6316,21.7677
1773367341227,2124.2012,24011517383.0115,2026-03-13 02:02:21.227,ethereum,70.4751,2014.858,1988.2073,2109.3551,2021.6938,25.7797
1773371011639,2106.2048,22578128082.5951,2026-03-13 03:03:31.639,ethereum,62.583,2014.993,1988.3432,2113.3946,2025.2778,26.4851
1773374593228,2118.4823,23543548002.2826,2026-03-13 04:03:13.228,ethereum,65.4274,2015.2034,1988.5484,2120.0707,2026.4416,27.5251
1773378077183,2110.8504,23782715569.3137,2026-03-13 05:01:17.183,ethereum,62.259,2015.4493,1988.7388,2124.3789,2028.4942,27.3788
1773381644860,2111.9033,23667193021.1262,2026-03-13 06:00:44.860,ethereum,62.5286,2015.7056,1988.9665,2128.5662,2029.9283,27.058
1773385324114,2097.7744,29820675322.4721,2026-03-13 07:02:04.114,ethereum,56.6777,2015.8427,1989.1714,2130.3978,2030.8801,25.8559
1773388977581,2100.3536,24533332774.0831,2026-03-13 08:02:57.581,ethereum,57.4603,2015.9474,1989.3811,2132.2912,2032.6854,25.1251
1773392548784,2100.5736,24611575623.1297,2026-03-13 09:02:28.784,ethereum,57.5307,2016.0974,1989.5974,2133.9989,2034.4837,24.5853
1773396150593,2113.8919,24816449319.8238,2026-03-13 10:02:30.593,ethereum,61.6702,2016.4221,1989.8431,2137.2199,2036.1523,24.869
1773399772502,2127.6369,24846299642.788,2026-03-13 11:02:52.502,ethereum,65.4166,2016.8069,1990.0865,2140.5353,2041.1112,26.2772
1773403415652,2121.7226,25027707810.5191,2026-03-13 12:03:35.652,ethereum,62.5821,2017.2303,1990.3238,2143.9373,2042.7762,26.8214
1773407006581,2147.414,25606148365.5857,2026-03-13 13:03:26.581,ethereum,68.8884,2017.8145,1990.5846,2151.7429,2042.7457,28.9527
1773410572348,2188.53,27751282538.7858,2026-03-13 14:02:52.348,ethereum,75.8913,2018.8352,1990.929,2168.3564,2039.0732,34.4911
1773414170018,2149.1839,27811227826.2002,2026-03-13 15:02:50.018,ethereum,61.6016,2019.8317,1991.2344,2171.1315,2046.3065,34.259
1773417647662,2127.9154,28047043542.0288,2026-03-13 16:00:47.662,ethereum,55.5164,2020.7263,1991.5313,2172.0416,2051.0345,34.0656
1773421398965,2136.3144,29014101114.588,2026-03-13 17:03:18.965,ethereum,57.3099,2021.7092,1991.8164,2172.2973,2058.1027,33.9172
1773424996212,2100.127,30259361723.8445,2026-03-13 18:03:16.212,ethereum,48.2785,2022.4989,1992.0349,2169.5873,2064.4469,32.4477
1773428592135,2101.4141,30081132831.8932,2026-03-13 19:03:12.135,ethereum,48.5889,2023.2518,1992.2433,2166.3061,2071.3972,29.9957
1773432201126,2102.7051,30101356523.6816,2026-03-13 20:03:21.126,ethereum,48.9199,2023.9574,1992.4523,2163.649,2077.0167,28.9127
1773435815119,2111.4293,29409969610.5266,2026-03-13 21:03:35.119,ethereum,51.2065,2024.7376,1992.6494,2163.421,2076.4418,27.0292
1773439347776,2104.668,29077116966.468,2026-03-13 22:02:27.776,ethereum,49.3623,2025.4562,1992.8635,2162.892,2075.0175,24.9824
1773442986440,2089.3835,29819255453.9641,2026-03-13 23:03:06.440,ethereum,45.3831,2026.0601,1993.0702,2163.6112,2072.6161,23.2722
1773446558370,2093.0063,28482320998.7998,2026-03-14 00:02:38.370,ethereum,46.4843,2026.7405,1993.2559,2163.6329,2070.0469,21.9928
1773450193582,2086.5317,25532818580.8159,2026-03-14 01:03:13.582,ethereum,44.7478,2027.3638,1993.4248,2164.206,2067.0419,22.8359
1773453775172,2093.5417,25944753740.3777,2026-03-14 02:02:55.172,ethereum,47.0539,2028.0331,1993.6133,2164.2195,2065.1923,23.1834
1773457341070,2093.7168,24713005203.9363,2026-03-14 03:02:21.070,ethereum,47.1133,2028.6907,1993.7894,2164.3248,2064.6812,23.5093
1773460961949,2101.0601,24382606772.2939,2026-03-14 04:02:41.949,ethereum,49.6628,2029.4094,1993.9782,2164.3209,2064.7557,23.6242
1773464491586,2090.5321,24157923117.28,2026-03-14 05:01:31.586,ethereum,46.2224,2030.0937,1994.1481,2164.5689,2063.5036,24.064
1773468177928,2092.3138,24447622274.5217,2026-03-14 06:02:57.928,ethereum,46.8929,2030.7745,1994.3172,2164.37,2061.5446,24.4022
1773471786793,2078.6541,24222923886.0998,2026-03-14 07:03:06.793,ethereum,42.5162,2031.4078,1994.4703,2163.5319,2057.4845,25.164
1773475397367,2077.9561,24059691553.1249,2026-03-14 08:03:17.367,ethereum,42.2989,2031.9783,1994.6294,2162.9013,2053.7384,25.9604
1773479001130,2074.2958,24139748135.4568,2026-03-14 09:03:21.130,ethereum,41.1125,2032.5548,1994.7593,2158.0637,2051.2642,26.8946
1773482526388,2067.7417,23069502081.1047,2026-03-14 10:02:06.388,ethereum,39.003,2033.0379,1994.8638,2138.2677,2058.9814,28.1144
1773486159605,2066.5006,23057489731.8084,2026-03-14 11:02:39.605,ethereum,38.599,2033.5287,1994.9714,2129.1077,2059.8731,28.8822
1773489737080,2073.4194,21983346740.6507,2026-03-14 12:02:17.080,ethereum,42.1929,2034.0324,1995.1017,2123.9216,2059.6096,29.2758
1773493365584,2074.8056,21232470319.5699,2026-03-14 13:02:45.584,ethereum,42.9139,2034.5833,1995.2145,2114.3179,2063.0623,28.1087
1773496974847,2078.9192,18458333699.5024,2026-03-14 14:02:54.847,ethereum,45.1019,2035.1631,1995.3535,2113.0309,2062.2286,20.9108
1773500593377,2072.6756,16758015531.6627,2026-03-14 15:03:13.377,ethereum,42.4428,2035.6722,1995.5264,2111.5638,2060.8219,17.7998
1773504117817,2074.8206,13955767633.9695,2026-03-14 16:01:57.817,ethereum,43.6715,2036.2285,1995.7593,2109.4409,2060.1563,16.277
1773507770989,2077.7567,12309586173.374,2026-03-14 17:02:50.989,ethereum,45.39,2036.8259,1995.9935,2104.6553,2061.5747,12.9231
1773511322426,2075.0698,11201186571.7336,2026-03-14 18:02:02.426,ethereum,44.0651,2037.4078,1996.2126,2101.0068,2062.2634,12.7927
1773514987399,2077.4603,10900622366.6567,2026-03-14 19:03:07.399,ethereum,45.5868,2038.0399,1996.4253,2100.1522,2061.9256,12.4295
1773518540976,2077.4139,10040221867.7407,2026-03-14 20:02:20.976,ethereum,45.5609,2038.7689,1996.6514,2098.6133,2061.9052,11.8826
1773522168676,2086.7839,10696006633.5124,2026-03-14 21:02:48.676,ethereum,51.5495,2039.4847,1996.8806,2098.6435,2061.9003,10.3257
1773525748025,2087.7451,9786007412.4813,2026-03-14 22:02:28.025,ethereum,52.1313,2040.1842,1997.0838,2097.6776,2062.2865,9.2667
1773529412450,2083.9607,9004269507.7676,2026-03-14 23:03:32.450,ethereum,49.6058,2040.8884,1997.2766,2096.1561,2062.8324,9.1378
1773533246933,2094.2052,9126676767.5305,2026-03-15 00:07:26.933,ethereum,55.842,2041.629,1997.5013,2094.2318,2064.0712,9.2063
1773536928013,2088.8651,9020585650.1035,2026-03-15 01:08:48.013,ethereum,52.2148,2042.3419,1997.7063,2093.9125,2064.2238,9.273
1773540493605,2092.7313,9695557459.2995,2026-03-15 02:08:13.605,ethereum,54.5182,2043.0806,1997.9078,2094.0088,2064.1693,9.2293
1773544300172,2102.59,9094822884.6578,2026-03-15 03:11:40.172,ethereum,59.8349,2044.0367,1998.1184,2098.377,2062.1946,9.8882
1773547779734,2098.8929,9872545997.8956,2026-03-15 04:09:39.734,ethereum,57.1375,2044.9364,1998.3339,2101.1081,2061.5573,9.7151
1773551336393,2103.8225,8803963063.1129,2026-03-15 05:08:56.393,ethereum,59.7434,2045.9251,1998.5703,2104.5714,2061.0466,10.5686
1773554954793,2110.4623,9770488049.3905,2026-03-15 06:09:14.793,ethereum,63.006,2046.8929,1998.8165,2108.6703,2061.2197,11.872
1773558574012,2109.3421,8578015127.9019,2026-03-15 07:09:34.012,ethereum,62.0917,2047.8552,1999.059,2111.4908,2062.6834,12.9604
1773561694486,2105.4902,8501219398.9728,2026-03-15 08:01:34.486,ethereum,58.9253,2048.7494,1999.2655,2113.5025,2063.8788,13.5598
1773565339796,2111.4592,8410063032.6707,2026-03-15 09:02:19.796,ethereum,62.1467,2049.6571,1999.4751,2116.3558,2064.6909,14.3073
1773568939599,2117.8252,8643249803.3219,2026-03-15 10:02:19.599,ethereum,65.2747,2050.5745,1999.6969,2120.2953,2064.6419,14.9816
1773572507042,2119.7761,8557534434.0186,2026-03-15 11:01:47.042,ethereum,66.1966,2051.4515,1999.9204,2123.5104,2066.1369,15.3988
1773576139378,2119.8716,8406666523.1017,2026-03-15 12:02:19.378,ethereum,66.2438,2052.4531,2000.1427,2126.1982,2067.9542,15.9358
1773579671811,2109.407,8487547633.9095,2026-03-15 13:01:11.811,ethereum,56.8654,2053.4243,2000.337,2126.8337,2070.4837,15.7399
1773583320524,2095.3818,8960037606.632,2026-03-15 14:02:00.524,ethereum,47.2172,2054.324,2000.4862,2125.762,2073.5867,15.368
1773586928873,2096.621,9128802528.4681,2026-03-15 15:02:08.873,ethereum,48.0558,2055.2261,2000.5743,2124.7169,2076.5478,14.5734
1773590458836,2094.2168,10165763296.1254,2026-03-15 16:00:58.836,ethereum,46.5118,2056.1306,2000.6115,2123.3278,2079.6172,13.8337
1773594124306,2092.138,10178027853.3305,2026-03-15 17:02:04.306,ethereum,45.1607,2057.0571,2000.6572,2122.9921,2080.4883,13.2456
1773597767965,2110.2992,8790849151.6334,2026-03-15 18:02:47.965,ethereum,56.9313,2058.0978,2000.7274,2123.4114,2082.3244,12.5289
1773601406704,2099.2085,10000084162.1319,2026-03-15 19:03:26.704,ethereum,49.889,2059.0991,2000.7852,2122.3624,2084.8982,11.6232
1773605027407,2113.4509,11063311391.2685,2026-03-15 20:03:47.407,ethereum,57.2092,2059.9887,2000.8804,2123.2664,2085.9188,10.8315
1773608593543,2129.7212,11564547647.645,2026-03-15 21:03:13.543,ethereum,63.7278,2061.0071,2000.9877,2126.8551,2086.4157,11.7415
1773612172916,2138.0045,11169117782.7581,2026-03-15 22:02:52.916,ethereum,66.5238,2062.107,2001.1075,2132.276,2085.5221,13.1767
1773615828560,2184.568,13970146021.282,2026-03-15 23:03:48.560,ethereum,77.175,2063.5476,2001.297,2153.2033,2072.7926,20.1206
1773619422818,2177.721,14613131319.2358,2026-03-16 00:03:42.818,ethereum,73.4731,2064.9848,2001.4694,2165.4405,2068.4382,24.1092
1773623034398,2171.9486,15252913707.7964,2026-03-16 01:03:54.398,ethereum,70.4068,2066.2973,2001.634,2173.9809,2066.7104,26.2971
1773626627436,2185.9459,15698162829.6372,2026-03-16 02:03:47.436,ethereum,73.315,2067.7283,2001.8246,2184.6252,2063.6144,29.2898
1773630202916,2182.0521,15407740151.4576,2026-03-16 03:03:22.916,ethereum,71.2183,2069.05,2002.0033,2192.8368,2062.6739,31.5509
1773633811168,2237.7002,19375854076.3823,2026-03-16 04:03:31.168,ethereum,80.0148,2070.6027,2002.2603,2214.2359,2054.4958,38.6575
1773637401429,2263.5229,20297550412.3563,2026-03-16 05:03:21.429,ethereum,82.6628,2072.3027,2002.5568,2238.8161,2045.122,46.8574
1773641016326,2283.7986,20655823496.7735,2026-03-16 06:03:36.326,ethereum,84.4095,2073.9358,2002.878,2264.331,2036.2044,55.2718
1773644642893,2262.2352,23990216899.9429,2026-03-16 07:04:02.893,ethereum,75.6771,2075.5825,2003.1641,2280.3902,2034.3911,59.7647
1773648206440,2249.4714,25084365628.0178,2026-03-16 08:03:26.440,ethereum,70.9952,2077.1658,2003.3977,2291.8361,2035.9052,62.2663
1773651802435,2243.899,26844737111.2101,2026-03-16 09:03:22.435,ethereum,68.9886,2078.639,2003.6286,2300.5257,2040.6648,63.9833
1773655326624,2260.2577,25808674848.8406,2026-03-16 10:02:06.624,ethereum,71.5324,2080.1603,2003.8843,2309.5545,2048.1235,66.3082
1773658937763,2277.1034,28045497483.1832,2026-03-16 11:02:17.763,ethereum,73.9061,2081.8403,2004.133,2319.5447,2056.1816,69.0979
1773662559989,2270.5274,27679041380.8134,2026-03-16 12:02:39.989,ethereum,71.4032,2083.4913,2004.4105,2325.6822,2067.6752,70.7795
1773666139324,2279.4953,29771731579.395,2026-03-16 13:02:19.324,ethereum,72.7581,2085.141,2004.7009,2330.4525,2081.6406,71.8707
1773669727616,2284.265,30849216715.6349,2026-03-16 14:02:07.616,ethereum,73.4779,2086.7234,2004.9782,2335.4276,2094.0621,71.6897
1773673334741,2282.6439,33542226624.2934,2026-03-16 15:02:14.741,ethereum,72.7741,2088.2747,2005.2502,2335.6313,2112.202,70.6002
1773676895645,2273.0379,34689090623.3538,2026-03-16 16:01:35.645,ethereum,68.5822,2089.7587,2005.5165,2333.2248,2130.5671,67.9985
1773680430636,2297.6612,34298266617.2006,2026-03-16 17:00:30.636,ethereum,72.8925,2091.3661,2005.8209,2333.9015,2146.6844,65.3278
1773684148127,2315.0449,35977170669.8415,2026-03-16 18:02:28.127,ethereum,75.453,2093.1406,2006.1419,2335.598,2162.692,63.8532
1773687779241,2323.969,38126424411.6123,2026-03-16 19:02:59.241,ethereum,76.6712,2094.9964,2006.4706,2343.0948,2169.1353,60.5975
1773691377080,2332.0221,39295655137.3307,2026-03-16 20:02:57.080,ethereum,77.7446,2096.763,2006.809,2348.9808,2178.6794,57.5707
1773695000122,2345.7831,39438625896.1106,2026-03-16 21:03:20.122,ethereum,79.4819,2098.6581,2007.1714,2353.7823,2191.2613,55.4329
1773698624998,2361.5083,40818276972.7704,2026-03-16 22:03:44.998,ethereum,81.2802,2100.6343,2007.549,2361.1729,2201.4269,53.6492
1773702021635,2357.5617,39208161450.8579,2026-03-16 23:00:21.635,ethereum,79.3993,2102.7477,2007.9273,2362.6344,2217.5164,54.0732
1773705639767,2351.1729,37734375007.8124,2026-03-17 00:00:39.767,ethereum,76.3205,2104.8801,2008.3059,2368.7833,2222.7148,52.5455
1773709366429,2354.3205,40638047196.9594,2026-03-17 01:02:46.429,ethereum,76.7978,2106.9001,2008.7099,2375.9855,2224.5923,49.5117
1773712957763,2360.7578,40920963914.7152,2026-03-17 02:02:37.763,ethereum,77.7842,2108.927,2009.1289,2383.8091,2224.4647,46.8702
1773716428950,2352.7498,41242658315.9867,2026-03-17 03:00:28.950,ethereum,73.5928,2110.7769,2009.5369,2388.5827,2228.7425,41.8693
1773720193717,2319.3298,40159512169.3051,2026-03-17 04:03:13.717,ethereum,59.245,2112.5152,2009.8758,2387.3915,2236.9195,39.7794
1773723760385,2311.704,38881554405.8696,2026-03-17 05:02:40.385,ethereum,56.5365,2114.1029,2010.1867,2383.9763,2247.1153,38.839
1773727422700,2306.3402,37029660480.5706,2026-03-17 06:03:42.700,ethereum,54.6441,2115.6678,2010.4938,2381.6236,2254.0762,38.5435
1773730995048,2314.9868,35916355123.026,2026-03-17 07:03:15.048,ethereum,57.1349,2117.282,2010.806,2380.7549,2258.7332,37.3535
1773734571840,2326.5634,35756685883.3327,2026-03-17 08:02:51.840,ethereum,60.28,2118.9167,2011.1647,2379.2536,2265.8381,35.2302
1773738170201,2319.9796,36391382144.4945,2026-03-17 09:02:50.201,ethereum,57.6876,2120.4821,2011.5156,2377.7681,2271.3721,32.0587
1773741771988,2315.1838,36210231414.9865,2026-03-17 10:02:51.988,ethereum,55.805,2121.9514,2011.8692,2376.2477,2275.9844,29.8037
1773745344731,2312.6036,34477546505.1758,2026-03-17 11:02:24.731,ethereum,54.7694,2123.4393,2012.2189,2374.1195,2281.1085,28.5361
1773749044863,2327.5732,34862068150.466,2026-03-17 12:04:04.863,ethereum,59.4689,2125.0216,2012.6524,2369.5493,2291.1323,26.5842
1773752492336,2315.8585,33262101207.4896,2026-03-17 13:01:32.336,ethereum,54.6808,2126.6024,2013.0897,2368.1607,2294.3406,25.0528
1773756135657,2330.0041,33733116306.2246,2026-03-17 14:02:15.657,ethereum,58.976,2128.3672,2013.5357,2368.1635,2295.8337,23.643
1773759752043,2344.0154,32011186007.2302,2026-03-17 15:02:32.043,ethereum,62.7427,2129.9558,2013.9995,2369.3309,2296.671,22.0914
1773763374448,2315.9264,31391512868.6645,2026-03-17 16:02:54.448,ethereum,52.363,2131.3611,2014.4304,2369.2824,2295.1099,18.9749
1773767004525,2326.0292,31978818094.4147,2026-03-17 17:03:24.525,ethereum,55.2317,2132.8213,2014.9249,2367.8442,2294.5727,17.7359
1773770627916,2340.2361,30962895936.4645,2026-03-17 18:03:47.916,ethereum,58.9732,2134.4195,2015.4566,2364.355,2295.9347,17.5023
1773774169665,2332.1367,29042094906.2888,2026-03-17 19:02:49.665,ethereum,56.0949,2136.1606,2015.9981,2360.7221,2297.0251,17.4201
1773777743074,2320.9997,29010011986.9575,2026-03-17 20:02:23.074,ethereum,52.3139,2137.8529,2016.5146,2357.6662,2297.0636,17.5714
1773781388762,2328.6102,28725130840.6644,2026-03-17 21:03:08.762,ethereum,54.5675,2139.5573,2017.0295,2353.766,2298.3928,17.3254
1773784974438,2338.8326,27419937536.3354,2026-03-17 22:02:54.438,ethereum,57.4746,2141.3981,2017.5443,2348.5151,2301.4512,16.1745
1773788533226,2329.4849,27384732961.1414,2026-03-17 23:02:13.226,ethereum,54.0676,2143.1944,2018.0503,2343.7748,2303.8651,15.0838
1773792210149,2318.1196,24944176216.6958,2026-03-18 00:03:30.149,ethereum,50.1734,2144.8728,2018.5368,2343.7756,2303.7432,14.4652
1773795752842,2324.0008,24804159295.6986,2026-03-18 01:02:32.842,ethereum,52.0962,2146.5759,2019.0389,2343.6117,2305.1367,13.3076
1773799409251,2325.7764,22351380211.9427,2026-03-18 02:03:29.251,ethereum,52.6898,2148.2991,2019.5526,2342.7142,2307.9779,11.1071
1773803001166,2332.1498,22084707350.7476,2026-03-18 03:03:21.166,ethereum,54.8523,2150.121,2020.0727,2343.1305,2309.2779,9.5457
1773806544636,2340.9933,21195573516.5748,2026-03-18 04:02:24.636,ethereum,57.7388,2152.025,2020.5859,2345.0402,2308.8112,10.0917
1773810199965,2328.0183,19648610061.693,2026-03-18 05:03:19.965,ethereum,52.4412,2153.7432,2021.1018,2345.1624,2309.4928,9.7048
1773813748840,2318.4531,20439426662.8014,2026-03-18 06:02:28.840,ethereum,48.8806,2155.5507,2021.5919,2344.9333,2310.0489,8.9447
1773817389329,2323.7999,19232520951.3105,2026-03-18 07:03:09.329,ethereum,50.8879,2157.3336,2022.0831,2344.218,2311.8839,8.6443
1773820983011,2318.1674,18456074686.6046,2026-03-18 08:03:03.011,ethereum,48.7176,2159.1519,2022.5583,2344.3132,2310.848,8.8088
1773824530508,2322.4402,19419885851.0123,2026-03-18 09:02:10.508,ethereum,50.4442,2160.9348,2023.0257,2343.9518,2311.8676,8.7483
1773828178076,2328.8474,17744048734.8706,2026-03-18 10:02:58.076,ethereum,52.9997,2162.7911,2023.513,2343.8717,2311.832,8.4375
1773831752439,2312.5295,18807801810.7891,2026-03-18 11:02:32.439,ethereum,46.4325,2164.4806,2023.9808,2341.8154,2310.7397,8.443
1773835376144,2269.3948,18934139683.9958,2026-03-18 12:02:56.144,ethereum,34.3249,2165.9763,2024.3481,2353.028,2294.874,14.4347
1773838949750,2238.6563,19709239661.5836,2026-03-18 13:02:29.750,ethereum,28.6014,2167.2572,2024.7245,2366.7343,2272.4304,22.6677
1773842588796,2233.6086,19859800803.2572,2026-03-18 14:03:08.796,ethereum,27.7821,2168.3451,2025.0869,2373.4337,2255.0683,28.7539
1773846034883,2191.0743,21391902663.5081,2026-03-18 15:00:34.883,ethereum,22.0505,2169.1007,2025.4137,2386.4072,2227.9885,37.9989
1773849738468,2188.712,20576915541.6804,2026-03-18 16:02:18.468,ethereum,21.7817,2169.9241,2025.7149,2394.7578,2206.4091,45.3993
1773853307184,2181.9605,21304230077.2312,2026-03-18 17:01:47.184,ethereum,20.9941,2170.6092,2025.998,2399.6038,2186.8981,51.6551
1773856970991,2203.5762,22671598724.843,2026-03-18 18:02:50.991,ethereum,29.7522,2171.4158,2026.3246,2397.4871,2175.4892,54.4228
1773860599446,2178.8903,22330027126.013,2026-03-18 19:03:19.446,ethereum,26.1825,2172.023,2026.6102,2397.4476,2160.4692,58.5578
1773864179431,2185.0002,23838792639.175,2026-03-18 20:02:59.431,ethereum,28.4701,2172.6742,2026.8789,2396.0821,2148.5228,61.661
1773867625756,2188.3842,23522687986.4278,2026-03-18 21:00:25.756,ethereum,29.7682,2173.3829,2027.1439,2392.0577,2138.9855,63.6359
1773871387438,2204.3862,25119002781.7629,2026-03-18 22:03:07.438,ethereum,35.7098,2174.1647,2027.4414,2385.4895,2133.4148,63.7698
1773874987692,2193.6982,24194245727.4305,2026-03-18 23:03:07.692,ethereum,33.6614,2174.941,2027.7138,2377.0344,2128.0247,64.3089
1773878570001,2203.3801,24417846816.5587,2026-03-19 00:02:50.001,ethereum,37.177,2175.8411,2027.9994,2364.9386,2126.3591,64.4228
1773882223586,2192.7412,24364443922.8291,2026-03-19 01:03:43.586,ethereum,34.9831,2176.656,2028.2793,2353.9934,2123.7766,64.3096
1773885791854,2198.4595,24599544701.3886,2026-03-19 02:03:11.854,ethereum,37.1306,2177.5648,2028.5577,2343.1876,2122.5831,63.4072
1773889215733,2196.8878,25208216330.6877,2026-03-19 03:00:15.733,ethereum,36.7711,2178.5885,2028.847,2329.5523,2123.5272,61.6883
1773892954274,2212.4911,24828678049.1327,2026-03-19 04:02:34.274,ethereum,42.7021,2179.7158,2029.1586,2315.3849,2127.127,58.3367
1773896642073,2194.6203,26039075968.7131,2026-03-19 05:04:02.073,ethereum,38.2739,2180.7388,2029.4642,2297.2732,2132.4566,55.6883
1773900144280,2189.7649,24758600029.9845,2026-03-19 06:02:24.280,ethereum,37.1468,2181.7116,2029.7534,2272.1392,2143.6824,53.1926
1773903848497,2179.7933,25108235650.6262,2026-03-19 07:04:08.497,ethereum,34.8753,2182.6035,2030.024,2245.0713,2157.4767,49.8315
1773907384833,2167.2272,27463099854.6724,2026-03-19 08:03:04.833,ethereum,32.2029,2183.3603,2030.2898,2229.5957,2162.7355,46.4652
1773910999096,2160.389,26909057045.2187,2026-03-19 09:03:19.096,ethereum,30.8189,2184.0338,2030.5478,2223.094,2161.4105,41.6796
1773914562541,2187.6549,28687264931.5659,2026-03-19 10:02:42.541,ethereum,41.5968,2184.8193,2030.8553,2214.2909,2165.6182,32.945
1773918186306,2172.972,27472446955.6723,2026-03-19 11:03:06.306,ethereum,38.15,2185.4325,2031.141,2214.4741,2163.6249,23.6269
1773921613551,2167.0166,26878598367.2497,2026-03-19 12:00:13.551,ethereum,36.8174,2186.0495,2031.4165,2215.145,2160.7843,18.5786
1773925313894,2132.7527,25572854363.5032,2026-03-19 13:01:53.894,ethereum,30.2669,2186.4497,2031.6155,2221.795,2149.2135,19.5986
1773928983371,2136.7958,26272213181.01,2026-03-19 14:03:03.371,ethereum,31.8086,2186.8771,2031.8773,2223.1727,2141.1579,19.7073
1773932587650,2125.6195,26166118026.5722,2026-03-19 15:03:07.650,ethereum,29.8444,2187.3576,2032.0992,2227.3616,2131.6419,22.9103
1773936164135,2120.4539,24831540329.7554,2026-03-19 16:02:44.135,ethereum,28.9544,2187.6517,2032.293,2230.4979,2122.0509,25.9429
1773939748467,2114.5308,25109181137.257,2026-03-19 17:02:28.467,ethereum,27.926,2187.9188,2032.5016,2232.738,2112.4255,28.9823
1773943415815,2127.174,25415761941.8837,2026-03-19 18:03:35.815,ethereum,33.3662,2188.3238,2032.6797,2230.1151,2107.3272,29.9235
1773946887892,2124.6792,24611965519.9045,2026-03-19 19:01:27.892,ethereum,32.8395,2188.7737,2032.8552,2228.3951,2102.1453,31.4005
1773950410572,2142.6922,24367783136.5369,2026-03-19 20:00:10.572,ethereum,40.1821,2189.1973,2033.0613,2223.5498,2100.9218,31.7003
1773954086296,2145.8778,24135331811.1044,2026-03-19 21:01:26.296,ethereum,41.4023,2189.6902,2033.2653,2219.933,2099.8523,31.7055
1773957688367,2151.6172,21744548416.088,2026-03-19 22:01:28.367,ethereum,43.6331,2190.213,2033.4858,2214.9884,2100.1126,30.7679
1773961385575,2138.6404,22105160302.9479,2026-03-19 23:03:05.575,ethereum,39.9315,2190.6529,2033.6908,2209.6583,2099.618,30.5196
1773964955662,2137.45,24108916783.7107,2026-03-20 00:02:35.662,ethereum,39.5997,2191.0361,2033.9082,2199.4721,2102.3001,29.5707
1773968557626,2144.8663,23932257738.5278,2026-03-20 01:02:37.626,ethereum,42.7898,2191.1873,2034.1425,2192.6766,2104.1202,28.8073
1773972202814,2152.2558,24374638819.8318,2026-03-20 02:03:22.814,ethereum,45.8582,2191.3543,2034.372,2186.6132,2106.4327,27.4343
1773975654262,2145.459,24336198657.1224,2026-03-20 03:00:54.262,ethereum,43.5448,2191.588,2034.5774,2181.8775,2107.7349,26.006
1773979392703,2152.0996,23715750495.0648,2026-03-20 04:03:12.703,ethereum,46.3903,2191.7881,2034.7923,2179.8562,2108.2435,22.7164
1773982951897,2147.2596,22372989685.0027,2026-03-20 05:02:31.897,ethereum,44.6249,2192.0048,2035.0032,2178.451,2108.3358,20.6848
1773986583763,2139.7855,22405160362.607,2026-03-20 06:03:03.763,ethereum,41.9687,2192.1708,2035.1956,2169.5815,2112.4183,18.7828
1773990184768,2136.5498,22401963408.5557,2026-03-20 07:03:04.768,ethereum,40.8355,2192.4016,2035.3612,2163.7381,2114.6195,17.4748
1773993731247,2151.0421,22378928018.9733,2026-03-20 08:02:11.247,ethereum,47.6531,2192.7033,2035.544,2160.1463,2116.6139,16.8678
1773997359188,2163.8256,21950470947.8113,2026-03-20 09:02:39.188,ethereum,52.8178,2193.0798,2035.7499,2164.1674,2115.7,17.0269
1774000994137,2139.7967,21209517142.8761,2026-03-20 10:03:14.137,ethereum,44.0251,2193.234,2035.95,2164.275,2115.8925,14.2901
1774004578303,2148.0264,21437237002.6362,2026-03-20 11:02:58.303,ethereum,47.2632,2193.3554,2036.1817,2164.6769,2117.7313,12.7767
1774008138234,2140.6589,21399627846.4209,2026-03-20 12:02:18.234,ethereum,44.7664,2193.4681,2036.4015,2163.6814,2120.7473,11.5229
1774011750413,2140.2305,20864594567.4384,2026-03-20 13:02:30.413,ethereum,44.6188,2193.4253,2036.6384,2160.87,2126.1286,11.4192
1774015340396,2127.034,19178344679.9252,2026-03-20 14:02:20.396,ethereum,40.2198,2193.0593,2036.8533,2160.8894,2126.0952,11.7196
1774018959013,2128.8482,19126035855.8571,2026-03-20 15:02:39.013,ethereum,41.0798,2192.9382,2037.054,2160.2715,2127.13,11.5661
1774022590167,2133.5091,18398050592.4613,2026-03-20 16:03:10.167,ethereum,43.3353,2192.9715,2037.28,2160.3973,2126.086,10.8924
1774026186089,2138.3144,15595020108.1046,2026-03-20 17:03:06.089,ethereum,45.6455,2192.9834,2037.5093,2160.1032,2125.6237,9.3991
1774029765928,2136.4526,16035236057.5434,2026-03-20 18:02:45.928,ethereum,44.882,2193.1996,2037.765,2159.07,2125.1404,8.9618
1774033337376,2121.4147,18355917662.6438,2026-03-20 19:02:17.376,ethereum,39.1813,2193.3187,2038.0198,2160.4287,2122.0591,9.2554
1774036925461,2132.4726,16508459137.3006,2026-03-20 20:02:05.461,ethereum,44.7396,2193.4959,2038.2869,2160.4968,2121.4934,9.4467
1774040567533,2132.4861,16806882176.7836,2026-03-20 21:02:47.533,ethereum,44.7462,2193.6212,2038.5521,2160.1312,2120.6209,9.5652
1774044115864,2147.4688,17060110755.1058,2026-03-20 22:01:55.864,ethereum,51.6841,2193.876,2038.8295,2159.4207,2120.8527,9.3979
1774047776481,2155.8845,17015667648.7799,2026-03-20 23:02:56.481,ethereum,55.0948,2194.2718,2039.1093,2161.0227,2120.2933,9.8831
1774051239457,2146.3327,16904553798.2471,2026-03-21 00:00:39.457,ethereum,50.7186,2194.5892,2039.374,2160.2353,2120.5039,9.8957
1774054928829,2152.8746,16779760314.7085,2026-03-21 01:02:08.829,ethereum,53.446,2194.9841,2039.633,2161.0492,2120.2516,10.1374
1774058521951,2147.6624,16516625222.4332,2026-03-21 02:02:01.951,ethereum,51.0231,2195.3063,2039.8844,2161.664,2120.4245,9.9791
1774062149643,2153.8996,16910009334.3319,2026-03-21 03:02:29.643,ethereum,53.7265,2195.6645,2040.1373,2163.1527,2120.6708,10.2551
1774065690425,2153.2537,16051377840.7025,2026-03-21 04:01:30.425,ethereum,53.3978,2195.9752,2040.3932,2163.4742,2120.5704,10.3059
1774069356491,2151.4472,15776397259.0676,2026-03-21 05:02:36.491,ethereum,52.4316,2196.3378,2040.6463,2160.9313,2121.8754,10.4283
1774073289909,2153.2128,15577948630.9979,2026-03-21 06:08:09.909,ethereum,53.3206,2196.7003,2040.8837,2162.2464,2121.902,10.6362
1774076500261,2154.6461,15345599580.9996,2026-03-21 07:01:40.261,ethereum,54.071,2197.1526,2041.1256,2163.1658,2121.6446,10.7971
1774080376976,2154.8037,14585757227.7996,2026-03-21 08:06:16.976,ethereum,54.1583,2197.61,2041.3819,2164.5399,2121.6849,10.9335
1774083755314,2153.5962,13932091528.3561,2026-03-21 09:02:35.314,ethereum,53.3223,2198.0821,2041.6461,2165.6364,2121.925,10.306
1774087455505,2158.0575,12874355209.4333,2026-03-21 10:04:15.505,ethereum,56.0231,2198.6197,2041.9232,2166.6091,2124.0546,10.6867
1774091072172,2153.5062,12931892001.8366,2026-03-21 11:04:32.172,ethereum,52.6746,2199.1376,2042.2068,2166.7059,2126.4237,10.8279
1774094623611,2156.8423,12505970042.1025,2026-03-21 12:03:43.611,ethereum,54.8069,2199.6341,2042.4984,2167.4102,2128.0527,11.0791
1774098230861,2157.4494,12050839447.298,2026-03-21 13:03:50.861,ethereum,55.2025,2200.126,2042.8268,2168.3031,2129.0733,11.3002
1774101788492,2155.2884,12041540492.6988,2026-03-21 14:03:08.492,ethereum,53.4105,2200.5806,2043.1305,2168.6028,2130.6572,10.706
1774105450307,2150.7241,9652020744.03,2026-03-21 15:04:10.307,ethereum,49.7379,2201.0452,2043.4457,2164.9661,2137.2248,9.9946
1774109008574,2155.1771,10803781064.7365,2026-03-21 16:03:28.574,ethereum,53.1244,2201.5235,2043.7691,2163.2403,2141.2211,9.6012
1774112662543,2146.0086,9464727477.4514,2026-03-21 17:04:22.543,ethereum,46.2193,2201.9298,2044.085,2159.9179,2145.8957,9.3582
1774116284771,2148.3094,9222808911.4301,2026-03-21 18:04:44.771,ethereum,48.0444,2202.3657,2044.3765,2159.8381,2146.0596,8.9602
1774119959558,2151.7278,8660994986.3073,2026-03-21 19:05:59.558,ethereum,50.7201,2202.8078,2044.6706,2159.5132,2145.9688,6.6341
1774123374423,2151.8105,8271605430.9034,2026-03-21 20:02:54.423,ethereum,50.7861,2203.2506,2044.9523,2159.1405,2146.8893,5.3384
1774126876575,2155.5443,8273044348.3984,2026-03-21 21:01:16.575,ethereum,53.7964,2203.6599,2045.2426,2159.3715,2146.9252,3.4623
1774130614846,2153.0683,7709742604.686,2026-03-21 22:03:34.846,ethereum,51.5449,2204.0487,2045.5331,2159.1123,2147.725,3.276
1774134200403,2149.8264,7324270427.9697,2026-03-21 23:03:20.403,ethereum,48.6724,2204.4408,2045.8133,2159.113,2147.317,3.2745
1774137846926,2078.0492,8184480973.4873,2026-03-22 00:04:06.926,ethereum,20.9009,2204.3446,2045.981,2182.7445,2116.165,15.5844
1774141435522,2086.1963,9817832865.0463,2026-03-22 01:03:55.522,ethereum,26.058,2204.3287,2046.1665,2189.3798,2103.0047,20.2652
1774144815688,2089.3276,10339486870.1379,2026-03-22 02:00:15.688,ethereum,28.001,2204.3085,2046.3608,2192.6086,2093.3874,23.4426
1774148591891,2103.4649,10716371457.6086,2026-03-22 03:03:11.891,ethereum,36.1577,2204.3137,2046.5691,2192.5969,2088.281,24.7993
1774152181211,2113.5879,10996976270.6548,2026-03-22 04:03:01.211,ethereum,41.2869,2204.4012,2046.8119,2191.3535,2085.4028,25.3705
1774155813798,2118.6619,11226639692.6844,2026-03-22 05:03:33.798,ethereum,43.7273,2204.4895,2047.0398,2189.7879,2083.4749,25.6591
1774159449164,2112.6979,11496439808.202,2026-03-22 06:04:09.164,ethereum,41.5417,2204.5028,2047.2552,2187.5404,2081.1865,26.05
1774163070889,2108.0657,12225373635.6487,2026-03-22 07:04:30.889,ethereum,39.8745,2204.4952,2047.4608,2185.684,2078.4989,26.4759
1774166619108,2094.8954,11899223747.294,2026-03-22 08:03:39.108,ethereum,35.511,2204.4321,2047.6491,2183.6564,2074.3317,27.424
1774170246979,2086.4563,13110228120.0772,2026-03-22 09:04:06.979,ethereum,33.0178,2204.2833,2047.8148,2181.458,2069.4308,28.6716
1774173823613,2085.0322,12418468081.2822,2026-03-22 10:03:43.613,ethereum,32.6018,2204.0881,2047.9935,2178.8233,2065.0399,29.4956
1774177392512,2081.6424,13325040019.0298,2026-03-22 11:03:12.512,ethereum,31.5818,2203.8611,2048.1847,2176.3375,2060.6175,30.3827
1774181034523,2069.6652,12889280768.5555,2026-03-22 12:03:54.523,ethereum,28.2221,2203.5623,2048.3528,2173.2088,2055.195,31.5465
1774184566835,2082.2056,13276588998.8385,2026-03-22 13:02:46.835,ethereum,35.9098,2203.4004,2048.5597,2169.6933,2052.3302,31.4997
1774188184250,2079.5596,13651012561.314,2026-03-22 14:03:04.250,ethereum,35.0566,2203.3062,2048.7501,2165.158,2049.9905,31.3749
1774191760881,2077.8761,13629138447.6485,2026-03-22 15:02:40.881,ethereum,34.4951,2203.1946,2048.9094,2159.0889,2048.6745,31.2572
1774195340664,2081.8127,14389196470.8769,2026-03-22 16:02:20.664,ethereum,37.0349,2203.1208,2049.0671,2151.7317,2049.0319,30.3875
1774198933107,2082.4485,14182646055.9947,2026-03-22 17:02:13.107,ethereum,37.4567,2203.0631,2049.2297,2141.8837,2051.5704,29.745
1774202596033,2080.4809,14449355689.5998,2026-03-22 18:03:16.033,ethereum,36.6387,2202.8856,2049.376,2130.5723,2055.6229,28.7473
1774206013112,2069.8155,14096667560.2196,2026-03-22 19:00:13.112,ethereum,32.4961,2202.7107,2049.5244,2117.4717,2060.7225,27.5594
1774209771256,2062.4263,15234350934.9809,2026-03-22 20:02:51.256,ethereum,29.9681,2202.4069,2049.6549,2118.6562,2057.9757,26.2143
1774213398296,2059.1072,15130887899.3375,2026-03-22 21:03:18.296,ethereum,28.8811,2201.9866,2049.7739,2119.8693,2054.0537,23.9781
1774216984537,2044.3579,15700908402.7136,2026-03-22 22:03:04.537,ethereum,24.6097,2201.4292,2049.8766,2122.4568,2046.9692,22.1232
1774220524354,2061.2805,16264107849.8436,2026-03-22 23:02:04.354,ethereum,36.258,2200.6953,2050.0059,2120.6339,2044.5737,18.316
1774224191234,2053.145,15324406138.5414,2026-03-23 00:03:11.234,ethereum,33.5725,2199.9538,2050.1321,2116.882,2042.2813,19.3283
1774227761672,2043.6087,13892227066.5564,2026-03-23 01:02:41.672,ethereum,30.7019,2199.1899,2050.2403,2111.7225,2039.9355,20.8834
1774231397277,2048.6149,14534786995.6222,2026-03-23 02:03:17.277,ethereum,33.8973,2198.3724,2050.3551,2106.144,2039.1056,21.8025
1774234836402,2062.0427,13815574439.2707,2026-03-23 03:00:36.402,ethereum,41.6669,2197.6581,2050.4991,2099.8794,2040.768,21.4349
1774238516708,2051.842,13109588723.367,2026-03-23 04:01:56.708,ethereum,38.0117,2196.5518,2050.6243,2096.5006,2039.8414,20.6018
1774242140034,2063.7905,13007296232.0793,2026-03-23 05:02:20.034,ethereum,44.1877,2195.3629,2050.7654,2094.1374,2039.938,18.4691
1774245709462,2068.1309,14139409290.253,2026-03-23 06:01:49.462,ethereum,46.2815,2194.0792,2050.9143,2092.0193,2040.366,16.3874
1774249243356,2035.781,13989092803.9832,2026-03-23 07:00:43.356,ethereum,35.5708,2192.7312,2051.0166,2091.8856,2035.9135,15.8678
1774252948601,2044.3764,14576549238.5091,2026-03-23 08:02:28.601,ethereum,39.5723,2191.5104,2051.1218,2091.7282,2033.5421,15.4558
1774256536787,2048.5582,14000413685.1027,2026-03-23 09:02:16.787,ethereum,41.4767,2190.3477,2051.231,2089.2037,2032.7018,15.1705
1774260178630,2040.5301,14383323597.4288,2026-03-23 10:02:58.630,ethereum,38.9395,2189.0398,2051.3243,2087.2335,2030.7691,15.2162
1774263780949,2048.3456,14315114831.5479,2026-03-23 11:03:00.949,ethereum,42.6194,2187.6781,2051.4238,2084.7239,2030.3256,14.8819
1774267377448,2136.4562,21322549829.9944,2026-03-23 12:02:57.448,ethereum,66.8644,2186.8801,2051.6479,2103.1287,2017.3852,21.417
1774270891902,2142.2856,23027261266.489,2026-03-23 13:01:31.902,ethereum,67.8328,2186.0634,2051.8731,2118.4705,2008.0271,26.5754
1774274612688,2181.6374,24719474447.8661,2026-03-23 14:03:32.688,ethereum,73.4695,2185.4525,2052.1424,2143.7446,1992.8686,35.4934
1774278079522,2180.6339,26026619292.2022,2026-03-23 15:01:19.522,ethereum,73.1177,2184.8453,2052.4103,2163.7981,1983.897,42.0341
1774281621256,2126.1725,26328522366.7971,2026-03-23 16:00:21.256,ethereum,57.1271,2183.9711,2052.605,2169.6198,1984.4499,43.3186
1774285414595,2134.6115,27205719278.8824,2026-03-23 17:03:34.595,ethereum,58.6366,2183.0006,2052.8084,2176.2757,1985.3444,44.9097
1774289023745,2152.3372,27998720437.2125,2026-03-23 18:03:43.745,ethereum,61.688,2182.0321,2053.0316,2184.9743,1987.4438,47.364
1774292633090,2168.7372,29115929487.6016,2026-03-23 19:03:53.090,ethereum,64.3112,2181.1081,2053.2826,2195.8747,1987.2891,50.4894
1774296224120,2154.2465,29134298922.676,2026-03-23 20:03:44.120,ethereum,60.3775,2180.0499,2053.5291,2202.7721,1990.5018,52.0958
1774299828129,2161.4388,29721113421.7666,2026-03-23 21:03:48.129,ethereum,61.6319,2178.9526,2053.7794,2209.3146,1995.7423,53.6551
1774303375174,2159.1495,28053599988.1091,2026-03-23 22:02:55.174,ethereum,60.9703,2177.7481,2054.0376,2214.5491,2001.5612,54.1633
1774307027858,2153.0571,27712763058.4085,2026-03-23 23:03:47.858,ethereum,59.1503,2176.5308,2054.2875,2218.6235,2006.5883,54.6474
1774310611176,2151.4983,28068766677.7102,2026-03-24 00:03:31.176,ethereum,58.6677,2175.3422,2054.5372,2221.0512,2014.1262,54.4743
1774314231882,2143.7176,27291880682.1204,2026-03-24 01:03:51.882,ethereum,56.2031,2174.0887,2054.7693,2222.5717,2020.5984,53.2623
1774317784083,2136.8533,27169193495.5559,2026-03-24 02:03:04.083,ethereum,54.0459,2172.7559,2054.9987,2223.1345,2026.9079,51.8125
1774321410090,2135.4773,26988230995.3908,2026-03-24 03:03:30.090,ethereum,53.6018,2171.4626,2055.2231,2219.2021,2040.81,50.7417
1774324992446,2140.4309,26213916114.0953,2026-03-24 04:03:12.446,ethereum,55.0344,2170.3977,2055.4557,2214.9269,2054.6906,48.9494
1774328605250,2135.9973,27101926177.1258,2026-03-24 05:03:25.250,ethereum,53.4439,2169.3519,2055.6806,2208.8579,2069.5035,47.4654
1774332112540,2132.7429,28149807444.2118,2026-03-24 06:01:52.540,ethereum,52.2502,2168.3185,2055.899,2197.0058,2090.5768,45.9562
1774335703944,2143.5181,27809810372.8004,2026-03-24 07:01:43.944,ethereum,55.7724,2167.2979,2056.132,2178.869,2118.2309,41.7393
1774339287833,2166.0476,28149931683.362,2026-03-24 08:01:27.833,ethereum,62.072,2166.3424,2056.4001,2180.7292,2119.3299,37.9292
1774342880851,2154.2852,26515484921.8935,2026-03-24 09:01:20.851,ethereum,57.4696,2165.3562,2056.6484,2181.1689,2120.0901,33.1128
1774346441306,2164.4356,27193627451.975,2026-03-24 10:00:41.306,ethereum,60.2113,2164.4589,2056.9087,2177.6176,2121.9212,25.5998
1774350097009,2160.4983,27514698375.8135,2026-03-24 11:01:37.009,ethereum,58.6324,2163.5535,2057.1593,2173.3384,2124.1869,15.0676
1774353712064,2164.2774,22089303299.0992,2026-03-24 12:01:52.064,ethereum,59.7241,2162.5815,2057.4342,2173.8093,2127.5265,14.9959
1774357317407,2162.1987,19640017387.9718,2026-03-24 13:01:57.407,ethereum,58.8048,2161.6668,2057.7285,2174.4737,2129.6208,14.9954
1774360888749,2136.9552,19438397444.2542,2026-03-24 14:01:28.749,ethereum,48.9511,2160.5177,2057.9888,2174.6473,2127.909,13.9816
1774364512964,2134.8752,19192203970.6864,2026-03-24 15:01:52.964,ethereum,48.2339,2159.2728,2058.2412,2172.5523,2126.6177,12.8078
1774368104715,2133.3694,15724612445.5956,2026-03-24 16:01:44.715,ethereum,47.6892,2158.1862,2058.4933,2172.4448,2124.6376,12.3278
1774371711058,2125.9184,16371270263.4952,2026-03-24 17:01:51.058,ethereum,44.9821,2156.9951,2058.7525,2171.8222,2121.7081,12.8899
1774375294962,2108.8985,17613821521.1436,2026-03-24 18:01:34.962,ethereum,39.4705,2155.618,2058.9838,2173.5563,2114.9489,15.2167
1774378809818,2118.0999,16737140273.3454,2026-03-24 19:00:09.818,ethereum,43.501,2154.344,2059.2269,2173.6138,2111.3957,15.5816
1774382515462,2114.7459,16145495951.1668,2026-03-24 20:01:55.462,ethereum,42.3929,2153.1163,2059.469,2173.7156,2107.6187,16.6057
1774386104284,2148.3426,16900261648.4099,2026-03-24 21:01:44.284,ethereum,54.8106,2152.0433,2059.7448,2174.0934,2107.7034,16.1928
1774389714879,2146.8543,17224135004.4742,2026-03-24 22:01:54.879,ethereum,54.2526,2150.9006,2060.0067,2174.6359,2108.161,15.8412
1774393298778,2146.1899,18006320282.3558,2026-03-24 23:01:38.778,ethereum,53.9884,2149.8095,2060.2693,2175.1178,2108.7503,15.6982
1774396903041,2155.6818,17313748265.9587,2026-03-25 00:01:43.041,ethereum,57.1955,2148.8426,2060.5835,2176.4039,2108.9893,15.8318
1774400502442,2161.4439,18320753999.0324,2026-03-25 01:01:42.442,ethereum,59.0609,2147.875,2061.0066,2178.4802,2109.4577,16.3166
1774404114601,2158.2894,18341638036.9151,2026-03-25 02:01:54.601,ethereum,57.5814,2146.8781,2061.4168,2179.8917,2110.6008,16.5595
1774407627591,2154.5693,17992958099.2714,2026-03-25 03:00:27.591,ethereum,55.806,2145.8211,2061.8213,2180.6682,2110.9294,16.6043
1774411297082,2157.8068,17351518011.9543,2026-03-25 04:01:37.082,ethereum,57.0472,2144.7307,2062.2354,2179.4754,2111.2982,16.7956
1774414897180,2165.0363,16088983344.9264,2026-03-25 05:01:37.180,ethereum,59.7648,2143.7605,2062.652,2180.8852,2110.9635,17.1423
1774418533094,2168.0649,17314692431.6583,2026-03-25 06:02:13.094,ethereum,60.8814,2142.8654,2063.0531,2181.4843,2110.7273,17.4272
1774422123898,2166.0134,18563054777.3041,2026-03-25 07:02:03.898,ethereum,59.6733,2141.9262,2063.4438,2182.2865,2110.4766,17.7808
1774425755356,2164.5312,17188632571.3907,2026-03-25 08:02:35.356,ethereum,58.766,2141.0117,2063.8383,2182.3247,2110.4638,17.7197
1774429253034,2176.207,17105981669.3773,2026-03-25 09:00:53.034,ethereum,63.4768,2140.1412,2064.2,2184.7355,2109.4538,18.5594
1774432879986,2185.4907,18411425926.946,2026-03-25 10:01:19.986,ethereum,66.7313,2139.2879,2064.5776,2190.3573,2108.6856,19.745
1774436541211,2184.8089,18456193976.7371,2026-03-25 11:02:21.211,ethereum,66.2643,2138.5277,2064.9532,2195.0155,2109.0208,20.8667
1774440151728,2185.0703,18722422141.2786,2026-03-25 12:02:31.728,ethereum,66.3615,2138.0257,2065.3214,2198.9989,2110.2075,21.8251
1774443619019,2183.8064,19119378570.2977,2026-03-25 13:00:19.019,ethereum,65.3806,2137.6992,2065.686,2201.5824,2113.4128,22.6727
1774447373180,2185.5903,19279841084.5241,2026-03-25 14:02:53.180,ethereum,66.1413,2137.4134,2066.0743,2200.9569,2121.7074,23.3057
1774450929424,2175.5058,18106778554.1691,2026-03-25 15:02:09.424,ethereum,58.3375,2137.3208,2066.4633,2198.8945,2129.5104,23.2252
1774454594658,2162.7747,17883611533.3374,2026-03-25 16:03:14.658,ethereum,50.2732,2137.1664,2066.8495,2192.9038,2140.3039,22.6884
1774458216759,2174.1574,18292281313.7874,2026-03-25 17:03:36.759,ethereum,56.1145,2137.1199,2067.2822,2192.9892,2142.8,21.8128
1774461778476,2162.2977,17112547479.156,2026-03-25 18:02:58.476,ethereum,49.5797,2136.8742,2067.7051,2192.0138,2145.3198,18.8621
1774465388410,2160.9296,16788008281.0713,2026-03-25 19:03:08.410,ethereum,48.8726,2136.7673,2068.127,2190.7073,2148.1003,16.3291
1774468958016,2168.7664,18066486149.2725,2026-03-25 20:02:38.016,ethereum,53.0068,2136.6707,2068.5551,2190.4185,2149.6976,12.4602
1774472627290,2165.6783,16832566978.1639,2026-03-25 21:03:47.290,ethereum,51.2482,2136.5355,2068.9748,2190.3537,2150.1858,11.8435
1774476176579,2162.9209,17105142276.6514,2026-03-25 22:02:56.579,ethereum,49.6639,2136.2887,2069.3947,2190.129,2150.8736,11.0651
1774479748802,2173.4282,16327935884.0198,2026-03-25 23:02:28.802,ethereum,55.331,2136.168,2069.8354,2189.6826,2153.2059,10.0861
1774483412656,2168.2596,16105449679.6316,2026-03-26 00:03:32.656,ethereum,52.2167,2135.959,2070.2533,2189.1825,2154.7513,9.6759
1774486981108,2164.8335,15509177684.8481,2026-03-26 01:03:01.108,ethereum,50.1997,2135.7929,2070.7036,2189.1889,2154.7246,9.5752
1774490547324,2164.6439,15633854852.2444,2026-03-26 02:02:27.324,ethereum,50.0844,2135.5916,2071.1512,2189.2355,2154.3359,9.3282
1774494234127,2148.3367,15543430563.5677,2026-03-26 03:03:54.127,ethereum,41.2988,2135.3026,2071.5917,2191.0185,2150.7852,9.8501
1774497796894,2152.4633,15167325294.0817,2026-03-26 04:03:16.894,ethereum,43.9769,2134.9453,2072.0403,2191.8183,2148.7787,10.1873
1774501273364,2148.605,15286612592.6076,2026-03-26 05:01:13.364,ethereum,42.0455,2134.6714,2072.4891,2192.2126,2145.6241,11.0229
1774505004832,2117.0727,16295934230.8756,2026-03-26 06:03:24.832,ethereum,30.3236,2134.2387,2072.9013,2196.7781,2134.2168,15.2798
1774508608262,2120.9791,15805428610.1216,2026-03-26 07:03:28.262,ethereum,32.8223,2133.8886,2073.3128,2197.7958,2126.8162,17.9135
1774512136452,2122.2534,15933298357.3647,2026-03-26 08:02:16.452,ethereum,33.658,2133.6209,2073.7166,2197.0764,2121.2539,19.9162
1774515674242,2118.9077,16424611641.016,2026-03-26 09:01:14.242,ethereum,32.5143,2133.374,2074.1231,2195.8932,2115.9472,21.6391
1774519326205,2082.5811,16399973861.5857,2026-03-26 10:02:06.205,ethereum,23.2685,2132.7486,2074.4794,2199.6716,2101.8679,26.229
1774522958084,2077.2626,16472703959.137,2026-03-26 11:02:38.084,ethereum,22.27,2132.1789,2074.8291,2202.8941,2088.8211,30.0771
1774526571702,2067.4798,16399773838.5177,2026-03-26 12:02:51.702,ethereum,20.5254,2131.5864,2075.1675,2206.9239,2075.2618,33.7972
1774530062861,2072.74,15952399056.5333,2026-03-26 13:01:02.861,ethereum,23.9743,2131.2292,2075.5247,2206.3544,2065.6896,36.0747
1774533619726,2078.7565,17071081499.2332,2026-03-26 14:00:19.726,ethereum,27.8319,2130.8837,2075.8642,2205.2931,2058.3967,37.0951
1774537350526,2076.0635,17147042210.0023,2026-03-26 15:02:30.526,ethereum,27.1674,2130.5887,2076.1826,2203.5999,2051.6033,38.2574
1774540929802,2069.4607,16296768232.3449,2026-03-26 16:02:09.802,ethereum,25.5563,2130.2852,2076.4767,2200.1882,2045.0845,39.8957
1774544545527,2059.7797,15894898688.5826,2026-03-26 17:02:25.527,ethereum,23.3682,2129.9593,2076.7606,2196.8513,2037.8315,41.196
1774548125015,2050.176,16992860091.5932,2026-03-26 18:02:05.015,ethereum,21.4098,2129.501,2077.031,2193.4442,2029.9641,43.1173
1774551621668,2044.9877,17359108620.2532,2026-03-26 19:00:21.668,ethereum,20.4145,2129.0266,2077.2983,2186.7973,2023.767,44.8526
1774555388313,2048.2805,16823144016.5932,2026-03-26 20:03:08.313,ethereum,22.8654,2128.4646,2077.5624,2179.0163,2019.55,45.3926
1774558976159,2063.4425,18368745928.8155,2026-03-26 21:02:56.159,ethereum,33.0844,2127.974,2077.8533,2169.3942,2019.0331,44.7987
1774562509882,2068.0367,18415614958.7028,2026-03-26 22:01:49.882,ethereum,35.8573,2127.4764,2078.1422,2157.9671,2020.7994,43.7692
1774566065259,2063.6749,18271924753.3746,2026-03-26 23:01:05.259,ethereum,34.3998,2127.0302,2078.4357,2148.9401,2021.3603,41.7165
1774569726462,2059.3326,17644048977.135,2026-03-27 00:02:06.462,ethereum,32.9633,2126.5652,2078.7237,2137.1463,2023.841,39.5979
1774573319800,2063.7022,17722230051.1601,2026-03-27 01:01:59.800,ethereum,35.8657,2126.0821,2078.9239,2123.8509,2028.6461,36.9517
1774576934671,2072.2143,17610298290.0857,2026-03-27 02:02:14.671,ethereum,41.2057,2125.6057,2079.1329,2117.7754,2030.2357,33.383
1774580564472,2067.2127,18299208420.7034,2026-03-27 03:02:44.472,ethereum,39.1433,2125.1399,2079.3567,2109.4593,2033.1752,30.7211
1774584105909,2059.9431,17159778889.6158,2026-03-27 04:01:45.909,ethereum,36.2995,2124.5914,2079.5703,2098.5821,2037.8214,27.0685
1774587727548,2051.6008,17563296763.0507,2026-03-27 05:02:07.548,ethereum,33.3089,2124.022,2079.7972,2085.2952,2044.3776,23.012
1774591339161,2059.9118,17007948570.537,2026-03-27 06:02:19.161,ethereum,38.7251,2123.5465,2080.0402,2082.5524,2044.8535,21.2505
1774594883618,2061.101,17756284799.79,2026-03-27 07:01:23.618,ethereum,39.4825,2123.0974,2080.2738,2080.7069,2045.0828,18.5459
1774598500295,2064.1851,18345943203.9978,2026-03-27 08:01:40.295,ethereum,41.5019,2122.5804,2080.4879,2080.4301,2045.0301,14.7024
1774602133958,2047.1717,18234056828.0528,2026-03-27 09:02:13.958,ethereum,34.6358,2121.8861,2080.6716,2079.7582,2043.1453,10.2431
1774605630384,2041.1411,18090255110.2381,2026-03-27 10:00:30.384,ethereum,32.5784,2121.2988,2080.851,2078.1071,2041.0348,10.4154
1774609350321,1991.5446,18663186520.3147,2026-03-27 11:02:30.321,ethereum,21.3474,2120.3674,2080.943,2089.1573,2021.5327,17.3424
1774612899148,1990.0097,18554900289.7434,2026-03-27 12:01:39.148,ethereum,21.1049,2119.4707,2080.9958,2094.893,2007.8519,22.1304
1774616518767,1988.3271,19269847749.4709,2026-03-27 13:01:58.767,ethereum,20.8256,2118.5665,2081.0277,2099.0227,1996.5769,25.6477
1774620029261,1976.6897,19479632585.6254,2026-03-27 14:00:29.261,ethereum,18.9572,2117.6716,2081.0002,2103.9585,1984.2925,29.1798
1774623665651,1987.4533,19787808712.485,2026-03-27 15:01:05.651,ethereum,25.6054,2116.8299,2080.9653,2105.9719,1976.5257,30.9497
1774627272104,1989.7937,20231456090.2068,2026-03-27 16:01:12.104,ethereum,27.0076,2115.9745,2080.8869,2106.6948,1969.954,32.3117
1774630957094,1985.7339,20905643448.7724,2026-03-27 17:02:37.094,ethereum,26.089,2115.0663,2080.7661,2105.4397,1963.4383,33.8783
1774634488292,1976.259,19899330131.9347,2026-03-27 18:01:28.292,ethereum,24.0345,2114.1127,2080.63,2103.3898,1956.3104,35.955
1774638106145,1983.4582,19211094299.3224,2026-03-27 19:01:46.145,ethereum,28.6333,2113.2916,2080.5076,2100.3064,1951.3721,37.3229
1774641719881,1993.0849,19935136470.8144,2026-03-27 20:01:59.881,ethereum,34.3559,2112.4619,2080.3936,2096.6328,1948.421,37.9505
1774645263869,1984.7485,19213661730.2521,2026-03-27 21:01:03.869,ethereum,31.9655,2111.5825,2080.2347,2091.8984,1945.26,38.2774
1774648846754,1984.125,18835189277.6568,2026-03-27 22:00:46.754,ethereum,31.7874,2110.6102,2080.0976,2084.6033,1943.7462,38.112
1774652521384,1984.187,18488611556.9504,2026-03-27 23:02:01.384,ethereum,31.8281,2109.5882,2079.9979,2077.1688,1942.8782,37.8402
1774656123791,1990.8223,18919075744.2733,2026-03-28 00:02:03.791,ethereum,36.2128,2108.6625,2079.898,2070.0974,1943.0374,37.2678
1774659726025,1991.1134,19021811755.9578,2026-03-28 01:02:06.025,ethereum,36.4061,2107.6997,2079.8037,2063.889,1943.1971,36.195
1774663304049,1987.9306,18238202764.1266,2026-03-28 02:01:44.049,ethereum,35.1521,2106.7489,2079.7125,2054.7444,1945.1436,34.2796
1774666934267,1985.5407,19198765016.9684,2026-03-28 03:02:14.267,ethereum,34.1995,2105.7468,2079.6168,2043.4888,1948.8432,32.3415
1774670516132,1987.6153,17679221340.5707,2026-03-28 04:01:56.132,ethereum,35.8253,2104.7608,2079.4947,2027.9762,1956.6988,30.4596
1774674135687,1988.4125,18579457283.1785,2026-03-28 05:02:15.687,ethereum,36.4748,2103.7904,2079.387,2014.6446,1964.1544,28.8055
1774677615408,1993.0008,18547254202.2771,2026-03-28 06:00:15.408,ethereum,40.2246,2102.8367,2079.2902,1996.009,1977.976,25.9355
1774681308375,1999.7751,17507039467.2991,2026-03-28 07:01:48.375,ethereum,45.3535,2101.9149,2079.2148,1997.8517,1976.9563,22.2075
1774684823763,2005.8825,18157109232.8537,2026-03-28 08:00:23.763,ethereum,49.5558,2101.0284,2079.1477,2001.3722,1975.0232,16.9297
1774688418086,1997.7952,15188319843.7105,2026-03-28 09:00:18.086,ethereum,44.6584,2100.1011,2079.0405,2002.4946,1974.8475,12.4873
1774692121447,1998.1249,15684520827.4608,2026-03-28 10:02:01.447,ethereum,44.8975,2099.1491,2078.9471,2002.9965,1976.4892,6.7489
1774695692758,1995.1985,14819315616.9832,2026-03-28 11:01:32.758,ethereum,43.117,2098.2068,2078.8609,2003.5452,1976.715,6.844
1774699321699,1996.8179,13586509265.5731,2026-03-28 12:02:01.699,ethereum,44.4303,2097.2542,2078.7597,2004.207,1976.7557,7.0104
1774702900501,1998.522,12803175840.2471,2026-03-28 13:01:40.501,ethereum,45.8471,2096.3082,2078.6667,2005.0914,1977.15,7.2314
1774706545454,2024.0788,11390408204.3701,2026-03-28 14:02:25.454,ethereum,61.6426,2095.5272,2078.6294,2012.0963,1974.9271,9.5214
1774710107208,2018.9556,11068542440.6612,2026-03-28 15:01:47.208,ethereum,57.9909,2094.7429,2078.6097,2016.3116,1974.2616,10.9263
1774713709058,2024.5259,10629735212.4553,2026-03-28 16:01:49.058,ethereum,60.7157,2093.9652,2078.666,2021.398,1972.3192,12.603
1774717341347,2023.7639,10245145412.7446,2026-03-28 17:02:21.347,ethereum,60.1411,2093.2376,2078.7143,2025.3124,1972.3064,13.7494
1774720921333,2019.5294,9887335980.8706,2026-03-28 18:02:01.333,ethereum,56.917,2092.471,2078.7353,2027.6464,1973.5129,13.8294
1774724418013,2020.9158,9431115241.8826,2026-03-28 19:00:18.013,ethereum,57.7162,2091.6924,2078.7231,2029.7673,1975.0648,14.2011
1774728021256,2018.8497,8590423873.846,2026-03-28 20:00:21.256,ethereum,56.0475,2090.9009,2078.7153,2031.5187,1976.1161,14.6408
1774731719535,2022.9778,9161686108.9203,2026-03-28 21:01:59.535,ethereum,58.6217,2090.1119,2078.7055,2033.6658,1977.1555,14.8911
1774735349080,2009.2077,7712511228.6797,2026-03-28 22:02:29.080,ethereum,48.432,2089.2555,2078.6722,2033.5965,1979.3525,14.423
1774738851509,2010.1371,7607130899.8581,2026-03-28 23:00:51.509,ethereum,49.0755,2088.4241,2078.6488,2033.0931,1982.3156,13.876
1774742550921,1992.7681,7979293174.0146,2026-03-29 00:02:30.921,ethereum,39.2257,2087.9164,2078.6188,2032.6243,1983.2997,13.7977
1774746138325,1995.6681,9083751511.5602,2026-03-29 01:02:18.325,ethereum,41.3425,2087.3776,2078.5837,2032.0206,1984.6289,13.6338
1774749623230,2003.3633,9091056537.078,2026-03-29 02:00:23.230,ethereum,46.6525,2086.8659,2078.5512,2031.6108,1986.0749,13.1576
1774753395897,2007.305,8823185212.7857,2026-03-29 03:03:15.897,ethereum,49.1898,2086.2935,2078.4976,2031.6211,1986.8176,12.4552
1774756825293,2009.9653,9120655358.8264,2026-03-29 04:00:25.293,ethereum,50.8876,2085.6767,2078.4525,2031.7743,1987.0727,11.8097
1774760574932,2004.1935,9117120492.22,2026-03-29 05:02:54.932,ethereum,47.2024,2084.9953,2078.4006,2031.5969,1987.8899,11.1314
1774764155575,2004.6185,8767619012.3057,2026-03-29 06:02:35.575,ethereum,47.5039,2084.352,2078.3564,2031.4084,1988.7278,10.6962
1774767660557,2003.6458,8948372588.6081,2026-03-29 07:01:00.557,ethereum,46.8446,2083.7305,2078.3168,2030.9532,1990.0277,10.5882
1774771335047,2004.944,8910274897.1432,2026-03-29 08:02:15.047,ethereum,47.8842,2083.195,2078.2768,2030.5647,1991.2288,10.6005
1774774976313,2002.7036,8629913727.8483,2026-03-29 09:02:56.313,ethereum,46.2048,2082.6965,2078.2656,2030.327,1991.8847,10.4294
1774778539972,1997.6403,9096752864.8187,2026-03-29 10:02:19.972,ethereum,42.5709,2082.1763,2078.2878,2028.8906,1990.6772,10.4514
1774782038065,1994.7761,8935150860.2554,2026-03-29 11:00:38.065,ethereum,40.6246,2081.6593,2078.3323,2028.2585,1988.8914,10.4755
1774785788409,2002.8404,8881561220.4273,2026-03-29 12:03:08.409,ethereum,47.8536,2081.2615,2078.3942,2025.8872,1989.0942,10.247
1774789264650,2000.5555,9447348127.106,2026-03-29 13:01:04.650,ethereum,46.1395,2080.7755,2078.447,2023.3508,1989.3097,10.1647
1774792987154,1985.9377,8799000730.2355,2026-03-29 14:03:07.154,ethereum,37.0068,2080.2182,2078.4969,2022.7267,1986.5746,10.6861
1774794466000,1990.3262,8749000698.112,2026-03-29 14:27:46.000,ethereum,40.7956,2079.6971,2078.5549,2020.6001,1985.6422,10.9455
1767020484479,123.495,5455681138.7926,2025-12-29 15:01:24.479,solana,,,,,,
1767024069675,123.4415,5477662351.7315,2025-12-29 16:01:09.675,solana,,,,,,
1767027755912,123.349,5561267950.8281,2025-12-29 17:02:35.912,solana,,,,,,
1767031270908,123.6542,5623253269.8864,2025-12-29 18:01:10.908,solana,,,,,,
1767035051348,122.9332,5481161072.6752,2025-12-29 19:04:11.348,solana,,,,,,
1767038514723,122.8561,5456082859.622,2025-12-29 20:01:54.723,solana,,,,,,
1767042108260,123.0209,5575774509.182,2025-12-29 21:01:48.260,solana,,,,,,
1767045731697,123.3386,5489911973.5403,2025-12-29 22:02:11.697,solana,,,,,,
1767049263047,123.3291,5409657447.4953,2025-12-29 23:01:03.047,solana,,,,,,
1767052842981,123.1203,5194751447.6301,2025-12-30 00:00:42.981,solana,,,,,,
1767056491359,122.9295,4826166272.2691,2025-12-30 01:01:31.359,solana,,,,,,
1767060103884,123.0588,4390226768.0778,2025-12-30 02:01:43.884,solana,,,,,,
1767063718604,122.7477,4286187285.2414,2025-12-30 03:01:58.604,solana,,,,,,
1767067290259,123.6368,4050665421.6242,2025-12-30 04:01:30.259,solana,57.2968,,,,,
1767071048735,123.8174,3841484719.7368,2025-12-30 05:04:08.735,solana,60.3493,,,,,
1767074598721,123.2783,3845848718.0408,2025-12-30 06:03:18.721,solana,49.0743,,,,,
1767078213621,123.7361,3786715863.1117,2025-12-30 07:03:33.621,solana,56.5056,,,,,
1767081781389,123.8892,3740426378.6287,2025-12-30 08:03:01.389,solana,58.6778,,,,,
1767085375268,124.6597,3796947293.7961,2025-12-30 09:02:55.268,solana,67.4782,,,,,
1767088871909,124.6758,3624986687.131,2025-12-30 10:01:11.909,solana,67.6328,,,124.4829,122.4139,
1767092493761,124.4203,3510851766.9233,2025-12-30 11:01:33.761,solana,62.5359,,,124.6127,122.3765,
1767096148386,124.1074,3470750016.0551,2025-12-30 12:02:28.386,solana,56.8807,,,124.6769,122.3789,
1767099836902,124.0746,3146548161.6303,2025-12-30 13:03:56.902,solana,56.3069,,,124.734,122.3944,
1767103297170,124.1212,3069115642.0843,2025-12-30 14:01:37.170,solana,56.9713,,,124.782,122.3932,0.5602
1767106907465,124.8548,3021945500.2401,2025-12-30 15:01:47.465,solana,65.799,,,124.9585,122.4088,0.618
1767110469073,124.9365,3060599454.6846,2025-12-30 16:01:09.073,solana,66.6205,,,125.1139,122.4614,0.6715
1767114094979,125.5249,3206688782.7073,2025-12-30 17:01:34.979,solana,71.8612,,,125.3901,122.4356,0.7641
1767117705598,124.638,3246150389.2153,2025-12-30 18:01:45.598,solana,57.2664,,,125.4626,122.493,0.7832
1767121255866,124.3911,3349821222.6756,2025-12-30 19:00:55.866,solana,53.9791,,,125.4949,122.5669,0.7677
1767124908778,124.4805,3353852980.7125,2025-12-30 20:01:48.778,solana,54.9865,,,125.5129,122.685,0.7446
1767128510097,123.8542,3315818475.4336,2025-12-30 21:01:50.097,solana,47.1928,,,125.4602,122.8302,0.7184
1767132069798,123.756,3372104205.207,2025-12-30 22:01:09.798,solana,46.0898,,,125.4124,122.9477,0.707
1767135725510,124.232,3397433689.848,2025-12-30 23:02:05.510,solana,51.9518,,,125.2968,123.2117,0.6936
1767139351429,124.8266,3448572332.3952,2025-12-31 00:02:31.429,solana,58.0842,,,125.3442,123.2832,0.6827
1767142955411,124.7764,3462147229.6748,2025-12-31 01:02:35.411,solana,57.4187,,,125.3846,123.3388,0.6469
1767146517503,125.5324,3543884913.6153,2025-12-31 02:01:57.503,solana,64.0981,,,125.4917,123.4571,0.6563
1767150126930,125.6516,3721913148.5503,2025-12-31 03:02:06.930,solana,65.0289,,,125.6501,123.4902,0.6265
1767153731566,125.4459,3682114211.9374,2025-12-31 04:02:11.566,solana,62.0376,,,125.7447,123.5513,0.638
1767157307684,125.3452,3559633219.9824,2025-12-31 05:01:47.684,solana,60.5693,,,125.8203,123.5442,0.6445
1767160874304,125.4942,3522119608.7576,2025-12-31 06:01:14.304,solana,62.0033,,,125.915,123.5314,0.6123
1767164492728,125.745,3538201986.2629,2025-12-31 07:01:32.728,solana,64.3525,,,126.0517,123.5272,0.6202
1767168152833,125.8148,3531138958.0209,2025-12-31 08:02:32.833,solana,65.0008,,,126.1715,123.5781,0.6317
1767171690270,125.4025,3427631302.3333,2025-12-31 09:01:30.270,solana,58.2574,,,126.2027,123.6797,0.6423
1767175328981,125.9251,3456649460.0286,2025-12-31 10:02:08.981,solana,63.4355,,,126.3034,123.7594,0.6782
1767178837754,126.1528,3479636793.3784,2025-12-31 11:00:37.754,solana,65.4457,,,126.4551,123.7375,0.7172
1767182456840,126.5263,3481671652.9752,2025-12-31 12:00:56.840,solana,68.5057,,,126.6674,123.6841,0.7605
1767186071347,126.0439,3460661309.4384,2025-12-31 13:01:11.347,solana,60.9934,,,126.7343,123.6692,0.7555
1767189692976,126.1588,3454296079.2859,2025-12-31 14:01:32.976,solana,62.0606,,,126.8415,123.714,0.75
1767193271357,125.5905,3449322188.054,2025-12-31 15:01:11.357,solana,54.1679,,,126.8521,123.8234,0.749
1767196941209,125.5399,3530729019.1477,2025-12-31 16:02:21.209,solana,53.5143,,,126.8546,123.9268,0.7478
1767200599069,124.6438,3403430358.7525,2025-12-31 17:03:19.069,solana,43.5152,,,126.763,124.0974,0.7571
1767204098860,124.7747,3378053533.5154,2025-12-31 18:01:38.860,solana,45.1287,,,126.6175,124.3448,0.7528
1767207646491,124.6229,3327344728.58,2025-12-31 19:00:46.491,solana,43.5748,,,126.5613,124.44,0.7427
1767211294972,124.3419,3260371077.1557,2025-12-31 20:01:34.972,solana,40.7757,,,126.6167,124.3361,0.7495
1767214837072,123.8702,3900371106.2594,2025-12-31 21:00:37.072,solana,36.5331,,,126.7388,124.1234,0.7482
1767218521813,124.1068,3871888001.528,2025-12-31 22:02:01.813,solana,39.9106,,,126.7876,123.9321,0.7205
1767222083156,124.6266,3915086994.7446,2025-12-31 23:01:23.156,solana,46.6287,,,126.7641,123.8531,0.6999
1767225701111,124.4759,3863801291.0074,2026-01-01 00:01:41.111,solana,45.0559,,,126.7581,123.7621,0.7135
1767229314716,124.9694,3800679813.2118,2026-01-01 01:01:54.716,solana,50.8975,,,126.744,123.7386,0.7087
1767232907093,124.9458,3883855728.7172,2026-01-01 02:01:47.093,solana,50.62,,,126.7171,123.7106,0.7099
1767236524614,124.9476,3746656495.234,2026-01-01 03:02:04.614,solana,50.6421,,,126.661,123.687,0.7075
1767240073254,124.9279,3763053846.8183,2026-01-01 04:01:13.254,solana,50.3773,,,126.5902,123.6691,0.7085
1767243659961,124.7364,3672247481.5364,2026-01-01 05:00:59.961,solana,47.7561,,,126.5609,123.6318,0.7143
1767247349608,125.0892,3692286672.258,2026-01-01 06:02:29.608,solana,52.6445,,,126.4689,123.6402,0.7114
1767251062411,124.6944,3624941688.7784,2026-01-01 07:04:22.411,solana,47.3109,,,126.3098,123.6535,0.7065
1767254509850,124.1795,3626814368.6127,2026-01-01 08:01:49.850,solana,41.417,,,126.0306,123.698,0.7156
1767258154457,124.4561,3627296283.4362,2026-01-01 09:02:34.457,solana,45.3548,,,125.829,123.7408,0.7216
1767261701922,124.8368,3683009797.3714,2026-01-01 10:01:41.922,solana,50.3064,,,125.5529,123.8847,0.6956
1767265463469,124.8481,3656465906.6615,2026-01-01 11:04:23.469,solana,50.45,,,125.4176,123.9458,0.6484
1767268983145,124.9345,3631036525.0447,2026-01-01 12:03:03.145,solana,51.6011,,,125.2866,124.0163,0.5504
1767272601707,124.7921,3616257008.0187,2026-01-01 13:03:21.707,solana,49.558,,,125.2969,124.0208,0.488
1767276157681,124.5579,3567895818.9348,2026-01-01 14:02:37.681,solana,46.3098,,,125.2852,124.0108,0.394
1767279643682,124.5804,3453200945.3677,2026-01-01 15:00:43.682,solana,46.6715,,,125.2837,124.0081,0.3495
1767283352980,124.7993,3281164556.1721,2026-01-01 16:02:32.980,solana,50.1859,,,125.294,124.0435,0.3001
1767286925953,124.2627,3196747297.6898,2026-01-01 17:02:05.953,solana,42.7475,,,125.2313,124.1454,0.3107
1767290599921,125.0941,3327996770.7773,2026-01-01 18:03:19.921,solana,54.0992,,,125.2381,124.2374,0.3233
1767294182305,125.146,3304586904.3485,2026-01-01 19:03:02.305,solana,54.7025,,,125.2914,124.236,0.3384
1767297722609,125.5647,3282868580.9745,2026-01-01 20:02:02.609,solana,59.3489,,,125.4333,124.203,0.3759
1767301338838,125.2204,2676328135.3242,2026-01-01 21:02:18.838,solana,54.4074,,,125.4675,124.1939,0.3416
1767304851524,125.273,2553998355.4825,2026-01-01 22:00:51.524,solana,55.0239,,,125.5111,124.183,0.3237
1767308552944,125.8968,2541277320.7162,2026-01-01 23:02:32.944,solana,61.6429,,,125.7009,124.0881,0.3865
1767312004488,126.7348,2664879770.779,2026-01-02 00:00:04.488,solana,68.3768,,,126.1227,123.847,0.5308
1767315754319,126.6232,2697927118.735,2026-01-02 01:02:34.319,solana,66.6967,,,126.4147,123.7437,0.628
1767319325191,126.0363,2704835635.7155,2026-01-02 02:02:05.191,solana,58.5527,,,126.5258,123.7273,0.659
1767322916065,126.374,2692269219.0487,2026-01-02 03:01:56.065,solana,61.4686,,,126.695,123.7261,0.7078
1767326498922,127.5444,2843015560.2894,2026-01-02 04:01:38.922,solana,69.4808,,,127.1013,123.6563,0.8574
1767330073955,126.8706,2859330121.1637,2026-01-02 05:01:13.955,solana,61.5458,,,127.2838,123.7153,0.9096
1767333686690,127.1471,2872690911.7274,2026-01-02 06:01:26.690,solana,63.3936,,,127.5085,123.7215,0.9784
1767337292015,127.2577,2952145904.7565,2026-01-02 07:01:32.015,solana,64.1357,,,127.7228,123.7482,1.0323
1767340894196,126.9603,2920853865.7543,2026-01-02 08:01:34.196,solana,60.5792,,,127.8567,123.8169,1.0287
1767344543813,127.7397,2944175840.8507,2026-01-02 09:02:23.813,solana,65.9143,,,128.1053,123.8631,1.0789
1767348083509,129.254,3149773504.6402,2026-01-02 10:01:23.509,solana,73.4364,,,128.6705,123.7674,1.2683
1767351822795,128.7587,3376408353.9329,2026-01-02 11:03:42.795,solana,68.1399,,,128.9947,123.8611,1.3642
1767355382643,128.0353,3374247154.5867,2026-01-02 12:03:02.643,solana,61.1967,,,129.1333,124.0461,1.3914
1767358853816,128.3375,3439349660.6431,2026-01-02 13:00:53.816,solana,62.8974,,,129.2084,124.3785,1.4155
1767362557959,128.4157,3467338170.6653,2026-01-02 14:02:37.959,solana,63.3456,,,129.3408,124.5782,1.4139
1767366086983,128.8247,3802297800.1327,2026-01-02 15:01:26.983,solana,65.6783,,,129.5042,124.7827,1.4183
1767369713664,128.9741,4060090808.0953,2026-01-02 16:01:53.664,solana,66.516,,,129.6864,124.9414,1.4238
1767373323586,130.5416,4440465432.924,2026-01-02 17:02:03.586,solana,73.758,,,130.1398,125.0202,1.4876
1767376920195,131.0553,4623545687.6287,2026-01-02 18:02:00.195,solana,75.6191,,,130.6204,125.1178,1.6142
1767380515354,130.6319,4720047467.8873,2026-01-02 19:01:55.354,solana,71.141,,,130.9508,125.2608,1.6628
1767384113013,131.5434,4757081909.5195,2026-01-02 20:01:53.013,solana,74.6246,,,131.4848,125.2078,1.7776
1767387703697,131.0069,4910981156.7809,2026-01-02 21:01:43.697,solana,69.32,,,131.8027,125.3282,1.7881
1767391303767,131.8353,4996138891.8209,2026-01-02 22:01:43.767,solana,72.5631,,,132.1724,125.5384,1.8287
1767394914938,132.7771,5088657745.454,2026-01-02 23:01:54.938,solana,75.7071,,,132.7022,125.6489,1.9491
1767398493950,132.0484,4974468671.3851,2026-01-03 00:01:33.950,solana,69.1086,,,133.0549,125.7466,2.0145
1767402069162,132.6036,5050195327.002,2026-01-03 01:01:09.162,solana,71.1703,,,133.4016,125.9732,2.084
1767405695314,132.5466,4853143711.5226,2026-01-03 02:01:35.314,solana,70.6493,,,133.6787,126.2361,2.0793
1767409290611,132.9059,4900621320.2347,2026-01-03 03:01:30.611,solana,72.0395,,,133.956,126.5236,2.085
1767412867084,132.8507,4838620083.8576,2026-01-03 04:01:07.084,solana,71.4794,,,134.0946,126.974,2.1237
1767416512596,132.2854,4805828639.6455,2026-01-03 05:01:52.596,solana,65.8335,,,134.1558,127.3675,2.0687
1767420107159,131.7865,4830090011.2945,2026-01-03 06:01:47.159,solana,61.236,,,134.2366,127.5399,1.9881
1767423694764,131.163,4913939391.2628,2026-01-03 07:01:34.764,solana,55.9754,,,134.2119,127.805,1.8787
1767427272931,130.0494,5047634551.4596,2026-01-03 08:01:12.931,solana,48.0369,,,134.0481,128.1702,1.7224
1767430877204,130.6877,5094249550.0064,2026-01-03 09:01:17.204,solana,52.2194,,,133.8877,128.5656,1.6058
1767434516993,131.2132,4833618005.5872,2026-01-03 10:01:56.993,solana,55.4022,,,133.6952,129.0379,1.5739
1767438096672,130.961,4636379211.8843,2026-01-03 11:01:36.672,solana,53.5585,,,133.5026,129.4441,1.5083
1767441704016,130.6232,4528702292.9587,2026-01-03 12:01:44.016,solana,51.1053,,,133.2838,129.8278,1.3768
1767445235053,130.8052,4469776535.8788,2026-01-03 13:00:35.053,solana,52.3709,,,133.2696,129.8684,1.2502
1767448919199,131.2046,4443279852.9088,2026-01-03 14:01:59.199,solana,55.117,,,133.2693,129.8836,1.1039
1767452511502,131.6849,4174719224.3657,2026-01-03 15:01:51.502,solana,58.2359,,,133.2657,129.9925,0.9729
1767456098967,131.5946,3879591731.0996,2026-01-03 16:01:38.967,solana,57.4277,,,133.2679,129.9954,0.8235
1767459709546,131.8242,3488929169.6042,2026-01-03 17:01:49.546,solana,58.9862,,,133.285,130.0601,0.7987
1767463283781,131.8155,3156456471.6008,2026-01-03 18:01:23.781,solana,58.8975,,,133.2836,130.0595,0.7925
1767466886313,131.9451,3018040116.5243,2026-01-03 19:01:26.313,solana,59.8583,,,133.1669,130.0929,0.7675
1767470572219,131.7015,2865129251.0144,2026-01-03 20:02:52.219,solana,57.1547,,,133.1381,130.0871,0.7672
1767474110003,131.9125,2846227191.886,2026-01-03 21:01:50.003,solana,58.8868,,,133.0423,130.1138,0.7557
1767477702746,132.7412,2849583902.0887,2026-01-03 22:01:42.746,solana,64.8892,,,133.0799,130.0956,0.7847
1767481307341,133.0795,2777755916.571,2026-01-03 23:01:47.341,solana,67.0065,,,133.1209,130.072,0.8043
1767484927937,133.2882,2744139511.465,2026-01-04 00:02:07.937,solana,68.2774,,,133.2244,130.0122,0.862
1767488521847,134.3862,2943103052.1301,2026-01-04 01:02:01.847,solana,73.9614,,,133.718,129.7287,0.9997
1767492089166,133.5805,2943221986.7897,2026-01-04 02:01:29.166,solana,64.7884,,,133.9661,129.66,1.0508
1767495686697,133.6287,2922499865.1455,2026-01-04 03:01:26.697,solana,65.0672,,,134.2056,129.6671,1.0899
1767499240837,134.5008,2941201774.0933,2026-01-04 04:00:40.837,solana,69.7414,,,134.5157,129.8021,1.196
1767502846209,134.2723,2968199756.4112,2026-01-04 05:00:46.209,solana,67.2036,,,134.7643,129.912,1.281
1767506492686,134.3899,2865283441.8402,2026-01-04 06:01:32.686,solana,67.8517,,,135.0217,129.9722,1.3609
1767510101903,133.8516,2946219746.8961,2026-01-04 07:01:41.903,solana,61.828,,,135.1287,130.1544,1.3814
1767513696436,133.9605,2814118598.5024,2026-01-04 08:01:36.436,solana,62.5527,,,135.1764,130.4403,1.3313
1767517300236,133.9508,2827357798.7702,2026-01-04 09:01:40.236,solana,62.4385,,,135.1944,130.7369,1.3061
1767520893815,134.2641,2837613112.4912,2026-01-04 10:01:33.815,solana,64.6713,,,135.2612,130.9761,1.3116
1767524506714,134.6783,2867669485.7841,2026-01-04 11:01:46.714,solana,67.4276,,,135.4075,131.1291,1.3108
1767528073745,134.3178,2903382489.8261,2026-01-04 12:01:13.745,solana,62.8325,,,135.4446,131.3643,1.2467
1767531713142,134.2322,2886428262.0315,2026-01-04 13:01:53.142,solana,61.7564,,,135.4592,131.5905,1.1715
1767535284135,134.3932,2923630884.4356,2026-01-04 14:01:24.135,solana,63.0391,,,135.4543,131.8532,1.1148
1767538905376,134.7847,2989835914.8837,2026-01-04 15:01:45.376,solana,66.0219,,,135.4789,132.1125,1.0949
1767542508406,134.5858,3148892646.7397,2026-01-04 16:01:48.406,solana,63.2295,,,135.3533,132.5266,1.0421
1767546112117,135.0426,3047640105.4819,2026-01-04 17:01:52.117,solana,66.712,,,135.2457,132.9472,1.012
1767549693731,134.9141,3151200927.1167,2026-01-04 18:01:33.731,solana,64.8521,,,135.2249,133.1853,0.9544
1767553300009,134.1129,3224979827.8855,2026-01-04 19:01:40.009,solana,54.6225,,,135.1385,133.375,0.8646
1767556906110,133.4017,3350903165.8589,2026-01-04 20:01:46.110,solana,47.4662,,,135.1203,133.4045,0.7328
1767560494676,134.1145,3369842917.5627,2026-01-04 21:01:34.676,solana,53.975,,,135.1071,133.3906,0.5806
1767564097059,133.8032,3292291526.3788,2026-01-04 22:01:37.059,solana,51.0024,,,135.0885,133.4314,0.5083
1767567701594,133.9512,3257241630.5117,2026-01-04 23:01:41.594,solana,52.3459,,,135.0665,133.4857,0.4573
1767571308021,133.8604,3302730567.1028,2026-01-05 00:01:48.021,solana,51.4144,,,135.0473,133.4409,0.4221
1767574907549,135.344,3411207054.2082,2026-01-05 01:01:47.549,solana,62.9997,,,135.2334,133.362,0.481
1767578516493,136.8638,3695480517.995,2026-01-05 02:01:56.493,solana,70.7054,,,135.8807,132.9621,0.7001
1767582094936,136.7849,3750986022.1045,2026-01-05 03:01:34.936,solana,69.8914,,,136.3275,132.8085,0.8354
1767585702206,136.6641,3765116000.2536,2026-01-05 04:01:42.206,solana,68.59,,,136.6597,132.7468,0.9434
1767589268100,135.5855,3817302426.911,2026-01-05 05:01:08.100,solana,58.1722,,,136.7454,132.8245,0.9612
1767592889266,135.3368,3926648128.6721,2026-01-05 06:01:29.266,solana,56.0581,,,136.7978,132.8794,0.969
1767596416161,135.5284,3806022121.4472,2026-01-05 07:00:16.161,solana,57.3441,,,136.8613,132.9009,0.9656
1767600204893,135.3446,3773932445.8607,2026-01-05 08:03:24.893,solana,55.6609,,,136.9048,132.96,0.9564
1767603727254,135.2249,3850145439.277,2026-01-05 09:02:07.254,solana,54.5386,,,136.9313,133.0328,0.9409
1767607360922,135.378,3896781154.253,2026-01-05 10:02:40.922,solana,55.7676,,,136.9683,133.0944,0.9366
1767611027658,135.7421,3995410431.8911,2026-01-05 11:03:47.658,solana,58.6315,,,137.0366,133.1218,0.9494
1767614552081,135.6548,3902604090.8418,2026-01-05 12:02:32.081,solana,57.6671,,,137.0916,133.1736,0.9486
1767618080134,135.0391,3906822586.8296,2026-01-05 13:01:20.134,solana,51.2646,,,137.0915,133.1734,0.9334
1767621735843,133.7167,4083872770.1087,2026-01-05 14:02:15.843,solana,40.7891,128.5377,,137.1256,133.0196,0.9642
1767625362189,135.0435,4574838931.4897,2026-01-05 15:02:42.189,solana,51.498,128.6064,,137.1246,133.1136,0.9627
1767628945507,136.1511,4713878565.1986,2026-01-05 16:02:25.507,solana,58.2813,128.6821,,137.1459,133.3672,0.9832
1767632503746,135.3634,4718152278.8725,2026-01-05 17:01:43.746,solana,52.6422,128.7536,,137.1344,133.5037,0.9844
1767636057178,136.3971,5052439161.0402,2026-01-05 18:00:57.178,solana,58.3388,128.8295,,137.1811,133.7163,1.0168
1767639679814,137.3185,5212858710.2706,2026-01-05 19:01:19.814,solana,62.6508,128.9151,,137.3886,133.8455,1.0787
1767643293308,138.174,5375418851.027,2026-01-05 20:01:33.308,solana,66.1542,129.0063,,137.7414,133.9242,1.1479
1767646822233,138.0596,5676511145.5706,2026-01-05 21:00:22.233,solana,65.2723,129.0958,,138.0929,133.8442,1.2188
1767650528977,138.4591,5732014437.8989,2026-01-05 22:02:08.977,solana,66.9295,129.1858,,138.4079,133.6887,1.2762
1767654081981,138.7575,5796770827.7473,2026-01-05 23:01:21.981,solana,68.1524,129.2776,,138.7715,133.5224,1.3369
1767657694880,137.9502,5744741872.2839,2026-01-06 00:01:34.880,solana,61.5246,129.3659,,138.9441,133.4784,1.3026
1767661306856,137.5975,5723826104.826,2026-01-06 01:01:46.856,solana,58.8333,129.4532,,139.0929,133.5308,1.316
1767664869293,137.5372,5435812951.7274,2026-01-06 02:01:09.293,solana,58.3632,129.5394,,139.214,133.6298,1.3347
1767668536108,137.6306,5279671004.6007,2026-01-06 03:02:16.108,solana,58.9108,129.628,,139.3349,133.7191,1.3572
1767672161064,138.329,5333848208.0505,2026-01-06 04:02:41.064,solana,62.8464,129.7154,,139.5336,133.8187,1.4126
1767675801729,138.4907,5294548917.0144,2026-01-06 05:03:21.729,solana,63.713,129.8028,,139.7197,133.9593,1.4571
1767679290345,139.5751,5463365980.076,2026-01-06 06:01:30.345,solana,68.9444,129.8998,,140.0807,134.018,1.5521
1767682910969,139.1253,5573225644.8438,2026-01-06 07:01:50.969,solana,64.7728,129.9914,,140.316,134.121,1.5999
1767686599509,137.6181,5580913960.0523,2026-01-06 08:03:19.509,solana,53.1656,130.0731,,140.3331,134.3002,1.5697
1767690222468,137.6008,5611405871.5854,2026-01-06 09:03:42.468,solana,53.0478,130.1501,,140.2753,134.6142,1.5263
1767693718508,138.2173,5575227111.9306,2026-01-06 10:01:58.508,solana,56.7189,130.2307,,139.939,135.4006,1.4957
1767697321344,137.7507,5592392599.9264,2026-01-06 11:02:01.344,solana,53.3209,130.3101,,139.7281,135.8822,1.4646
1767701070494,139.3651,5738741614.949,2026-01-06 12:04:30.494,solana,61.84,130.4009,,139.8457,136.0859,1.4775
1767704635684,138.9319,5726698278.8514,2026-01-06 13:03:55.684,solana,58.7417,130.4893,,139.6405,136.648,1.4113
1767708105895,139.1354,5623897724.065,2026-01-06 14:01:45.895,solana,59.7617,130.5787,,139.604,136.9584,1.1707
1767711723744,141.7771,6150116373.791,2026-01-06 15:02:03.744,solana,70.095,130.6794,,140.456,136.5522,1.2697
1767715326045,141.5721,6295853599.6938,2026-01-06 16:02:06.045,solana,68.6223,130.7784,,141.0309,136.3171,1.3784
1767718934865,138.8068,6495584261.5565,2026-01-06 17:02:14.865,solana,52.5752,130.8575,,141.0518,136.371,1.2229
1767722637320,136.7203,6525740367.3598,2026-01-06 18:03:57.320,solana,44.1806,130.9294,,141.1199,136.129,1.2003
1767726108802,137.5872,6465350846.647,2026-01-06 19:01:48.802,solana,47.9026,131.008,,141.1007,136.0311,1.1898
1767729614334,137.3958,6197465252.5863,2026-01-06 20:00:14.334,solana,47.1548,131.0849,,141.1112,135.9652,1.2104
1767733301922,138.919,6064385354.2177,2026-01-06 21:01:41.922,solana,53.3895,131.1745,,141.1449,136.0636,1.2095
1767736860458,140.4377,6278862851.4745,2026-01-06 22:01:00.458,solana,58.6303,131.2738,,141.3599,136.1387,1.27
1767740533545,139.9475,6421735108.2653,2026-01-06 23:02:13.545,solana,56.4251,131.3674,,141.4725,136.2578,1.2986
1767744136068,141.003,6444640969.105,2026-01-07 00:02:16.068,solana,59.9206,131.4637,,141.7527,136.245,1.3727
1767747760766,140.1369,6539941283.4542,2026-01-07 01:02:40.766,solana,55.9541,131.5551,,141.8675,136.2948,1.3743
1767751349763,138.8944,6411080717.441,2026-01-07 02:02:29.763,solana,50.7625,131.6346,,141.8251,136.2691,1.3433
1767754937896,139.51,6592351328.6458,2026-01-07 03:02:17.896,solana,53.085,131.7171,,141.8516,136.2811,1.3171
1767758481010,139.4421,6368195953.5911,2026-01-07 04:01:21.010,solana,52.7892,131.8004,,141.8655,136.4496,1.3108
1767762207649,138.7152,6493694991.0107,2026-01-07 05:03:27.649,solana,49.6027,131.88,,141.8353,136.5912,1.3072
1767765733157,138.4175,6167670765.4424,2026-01-07 06:02:13.157,solana,48.3167,131.9569,,141.8315,136.6151,1.3099
1767769376890,138.8452,6098186452.5039,2026-01-07 07:02:56.890,solana,50.3101,132.0349,,141.805,136.751,1.3104
1767773169924,139.2892,6088831842.4723,2026-01-07 08:06:09.924,solana,52.3646,132.1151,,141.8009,136.7475,1.276
1767776663925,139.3551,6148249502.3689,2026-01-07 09:04:23.925,solana,52.6769,132.1982,,141.8173,136.7734,1.2359
1767780165438,136.8383,6137749531.1353,2026-01-07 10:02:45.438,solana,41.4779,132.2631,,141.9209,136.4401,1.312
1767783990041,137.4999,6172928338.2499,2026-01-07 11:06:30.041,solana,44.8004,132.3307,,141.5247,136.4086,1.3243
1767787320228,137.8446,6014574292.3271,2026-01-07 12:02:00.228,solana,46.5043,132.398,,141.0822,136.4784,1.3476
1767790843389,137.622,5980566444.5791,2026-01-07 13:00:43.389,solana,45.5269,132.4669,,141.0775,136.3646,1.3784
1767794556522,138.0478,5960104710.1382,2026-01-07 14:02:36.522,solana,47.7876,132.5377,,140.9841,136.5908,1.3912
1767798091009,137.7965,5462749917.508,2026-01-07 15:01:31.009,solana,46.5592,132.6104,,140.9735,136.6223,1.2706
1767801702782,135.8941,5341862352.3501,2026-01-07 16:01:42.782,solana,38.4949,132.672,,141.1731,136.2725,1.2561
1767805296159,135.7113,5129780407.5779,2026-01-07 17:01:36.159,solana,37.8172,132.7379,,141.3385,135.7863,1.3803
1767808901456,135.5775,4873552946.6049,2026-01-07 18:01:41.456,solana,37.2993,132.8022,,141.2433,135.3955,1.4586
1767812477262,135.3073,4610002642.4313,2026-01-07 19:01:17.262,solana,36.221,132.8658,,141.1887,134.9861,1.5805
1767816021465,135.6462,4628877328.0624,2026-01-07 20:00:21.465,solana,38.6178,132.9331,,140.7899,134.8492,1.6609
1767819676933,135.6273,4555560216.3815,2026-01-07 21:01:16.933,solana,38.5311,133.0031,,140.5107,134.6774,1.7329
1767823275886,136.0263,4307904656.3786,2026-01-07 22:01:15.886,solana,41.5248,133.074,,140.3795,134.5218,1.7033
1767826870785,136.2926,4270352831.6863,2026-01-07 23:01:10.785,solana,43.5032,133.1434,,140.0995,134.4801,1.673
1767830491527,136.2666,4274136284.1685,2026-01-08 00:01:31.527,solana,43.3489,133.2136,,139.7912,134.4708,1.5436
1767834060909,136.7142,4231802826.9994,2026-01-08 01:01:00.909,solana,46.8415,133.2835,,139.5941,134.4679,1.4469
1767837636789,136.7352,4113159920.3818,2026-01-08 02:00:36.789,solana,47.0063,133.3537,,139.4317,134.4621,1.4156
1767841301289,137.4421,4329234651.6534,2026-01-08 03:01:41.289,solana,52.3685,133.4281,,139.2183,134.5352,1.3354
1767844897904,136.6561,4305665983.9441,2026-01-08 04:01:37.904,solana,46.7094,133.4979,,138.8088,134.6813,1.251
1767848467290,137.6214,4345761137.1056,2026-01-08 05:01:07.290,solana,53.3738,133.5746,,138.3963,134.9205,1.2085
1767852085412,136.4527,4296373112.689,2026-01-08 06:01:25.412,solana,45.8909,133.6422,,138.3771,134.9011,1.1776
1767855723330,134.9053,4543128552.908,2026-01-08 07:02:03.330,solana,38.2455,133.703,,138.355,134.6637,1.1784
1767859281188,135.6708,4595993609.9251,2026-01-08 08:01:21.188,solana,43.28,133.7714,,138.1736,134.6277,1.0726
1767862903361,135.0542,4652899510.4832,2026-01-08 09:01:43.361,solana,40.4217,133.8345,,138.0447,134.4998,0.9533
1767866488129,134.4963,4378318205.212,2026-01-08 10:01:28.129,solana,37.9777,133.892,,137.8313,134.3581,1.0306
1767870162096,135.028,4416565769.6223,2026-01-08 11:02:42.096,solana,41.6013,133.9526,,137.5649,134.3477,1.0364
1767873695270,134.6019,4433784388.9013,2026-01-08 12:01:35.270,solana,39.6041,134.0101,,137.6054,134.1779,1.0333
1767877295685,133.9017,4482828209.4104,2026-01-08 13:01:35.685,solana,36.5029,134.0644,,137.722,133.8803,1.0783
1767880904925,134.1482,4594801851.5568,2026-01-08 14:01:44.925,solana,38.3341,134.1214,,137.7805,133.6789,1.0462
1767884512164,133.8673,4756728223.9188,2026-01-08 15:01:52.164,solana,37.0239,134.1767,,137.8584,133.457,1.03
1767888135675,136.1477,4750625595.7883,2026-01-08 16:02:15.675,solana,51.5107,134.2443,,137.8938,133.4718,1.0339
1767891710694,137.5592,4726726274.277,2026-01-08 17:01:50.694,solana,57.957,134.3234,,138.1362,133.4225,1.1041
1767895291231,138.4794,5059570616.8636,2026-01-08 18:01:31.231,solana,61.5463,134.4031,,138.5365,133.2676,1.2366
1767898993993,137.9131,4985979880.918,2026-01-08 19:03:13.993,solana,58.2506,134.4791,,138.7566,133.2095,1.2987
1767902550044,137.4733,5050560137.3428,2026-01-08 20:02:30.044,solana,55.7534,134.55,,138.8905,133.1963,1.3321
1767906129478,137.5541,5054379059.7743,2026-01-08 21:02:09.478,solana,56.1257,134.6234,,138.9949,133.1759,1.3635
1767909775528,139.3704,5296782137.1623,2026-01-08 22:02:55.528,solana,63.5472,134.7073,,139.4529,132.9815,1.5154
1767913287972,138.7706,5331509836.6652,2026-01-08 23:01:27.972,solana,59.9415,134.7839,,139.6683,132.8989,1.5995
1767916882170,138.251,5337744294.1069,2026-01-09 00:01:22.170,solana,56.9275,134.8525,,139.8529,132.8738,1.6447
1767920506747,139.0896,5379645822.8052,2026-01-09 01:01:46.747,solana,60.3889,134.9267,,140.0871,132.7863,1.7305
1767924107504,138.0188,5662801560.6455,2026-01-09 02:01:47.504,solana,54.3798,134.998,,140.2301,132.8,1.7561
1767927617917,138.8853,5398095220.1849,2026-01-09 03:00:17.917,solana,58.0202,135.0725,,140.4888,132.9394,1.81
1767931371167,140.6454,5488186986.9713,2026-01-09 04:02:51.167,solana,64.2591,135.1505,,141.0706,132.8549,1.9841
1767934848660,139.6193,5500073381.675,2026-01-09 05:00:48.660,solana,58.7751,135.2263,,141.3562,133.0258,2.0592
1767938480620,139.4989,5482696191.9224,2026-01-09 06:01:20.620,solana,58.1481,135.2999,,141.5292,133.3532,2.1226
1767942097576,140.4773,5394056359.9279,2026-01-09 07:01:37.576,solana,61.7221,135.3786,,141.8481,133.5792,2.1828
1767945655174,139.5249,5315013561.7978,2026-01-09 08:00:55.174,solana,56.6505,135.4533,,141.9058,134.0138,2.2016
1767949235224,137.4115,5473251310.368,2026-01-09 09:00:35.224,solana,47.3527,135.5109,,141.6301,134.6404,2.1427
1767952890182,138.3493,5541151835.909,2026-01-09 10:01:30.182,solana,51.1816,135.5651,,141.3232,135.3675,2.0477
1767956476915,138.6446,5474434293.1835,2026-01-09 11:01:16.915,solana,52.3566,135.6239,,140.7398,136.4286,1.975
1767960078684,138.148,5465882312.0532,2026-01-09 12:01:18.684,solana,50.1698,135.6841,,140.5436,136.8248,1.8508
1767963833091,137.604,5404853866.2566,2026-01-09 13:03:53.091,solana,47.8136,135.7392,,140.5405,136.8324,1.6373
1767967265218,138.4643,5630892242.7842,2026-01-09 14:01:05.218,solana,51.6784,135.7991,,140.5401,136.8313,1.399
1767970972491,136.6561,5451967434.8504,2026-01-09 15:02:52.491,solana,44.2592,135.8457,,140.6545,136.5912,1.0958
1767974606756,138.7443,5867404524.6227,2026-01-09 16:03:26.756,solana,52.7037,135.9038,,140.6486,136.7242,0.9819
1767978022366,139.6524,5687062547.3505,2026-01-09 17:00:22.366,solana,55.8372,135.9581,,140.7243,136.8584,0.9832
1767981843104,138.2876,5554733184.0234,2026-01-09 18:04:03.104,solana,50.4298,136.0011,,140.6628,136.8115,0.9853
1767985250273,136.673,5888795521.0692,2026-01-09 19:00:50.273,solana,44.8912,136.0371,,140.7574,136.5071,1.0545
1767988896745,135.9369,5824287009.0242,2026-01-09 20:01:36.745,solana,42.5944,136.0632,,140.9428,136.0903,1.1651
1767992501803,135.4839,5874785994.7926,2026-01-09 21:01:41.803,solana,41.1976,136.0899,,141.0804,135.5922,1.3071
1767996122760,135.7965,5771236388.3465,2026-01-09 22:02:02.760,solana,42.5965,136.1135,,141.1834,135.267,1.3953
1767999693459,135.9413,5548122223.5192,2026-01-09 23:01:33.459,solana,43.2699,136.1323,,141.1796,134.9763,1.4693
1768003319552,135.8424,5480506163.9557,2026-01-10 00:01:59.552,solana,42.8999,136.1549,,140.8496,134.8261,1.5431
1768006927133,135.689,5406488879.326,2026-01-10 01:02:07.133,solana,42.2954,136.1732,,140.6753,134.6073,1.5994
1768010553062,136.2363,5280570292.8172,2026-01-10 02:02:33.062,solana,45.2585,136.1952,,140.4452,134.5112,1.6354
1768014097019,136.1183,5180776170.8126,2026-01-10 03:01:37.019,solana,44.725,136.2143,,139.9405,134.5799,1.6561
1768017746219,136.0021,4942659863.4542,2026-01-10 04:02:26.219,solana,44.1731,136.2331,,139.6042,134.564,1.5693
1768021262713,135.7125,4820626882.3255,2026-01-10 05:01:02.713,solana,42.7571,136.2535,,139.5831,134.4152,1.5459
1768024934760,135.8504,4771261321.712,2026-01-10 06:02:14.760,solana,43.6832,136.2777,,139.4264,134.322,1.5064
1768028563086,135.9532,4697987887.0368,2026-01-10 07:02:43.086,solana,44.405,136.3062,,139.1858,134.2934,1.3565
1768032130634,135.9035,4601526940.9757,2026-01-10 08:02:10.634,solana,44.1107,136.341,,139.01,134.2448,1.2653
1768035699541,136.0032,4296696382.1062,2026-01-10 09:01:39.541,solana,44.8998,136.3727,,138.9007,134.194,1.2722
1768039397682,136.3443,4187898217.5361,2026-01-10 10:03:17.682,solana,47.6239,136.4032,,138.6246,134.2581,1.2326
1768042879897,136.775,4092269530.9314,2026-01-10 11:01:19.897,solana,50.924,136.4378,,138.6335,134.2611,1.164
1768046513036,136.3482,4094360896.1149,2026-01-10 12:01:53.036,solana,47.7159,136.4719,,138.2429,134.4121,1.1211
1768050064957,136.4588,4053343837.0948,2026-01-10 13:01:04.957,solana,48.6197,136.5055,,137.3337,135.0019,1.1
1768053692947,136.1931,3829188840.2879,2026-01-10 14:01:32.947,solana,46.5386,136.5352,,136.7088,135.4174,1.0218
1768057312658,135.9134,3603846609.5194,2026-01-10 15:01:52.658,solana,44.3859,136.5604,,136.6093,135.441,1.0263
1768060801556,136.2415,3052427278.207,2026-01-10 16:00:01.556,solana,47.4571,136.5881,,136.6304,135.4504,0.898
1768064516334,136.2677,2817940310.2773,2026-01-10 17:01:56.334,solana,47.7047,136.6145,,136.6184,135.5407,0.5468
1768068042564,136.0461,2559919103.2854,2026-01-10 18:00:42.564,solana,45.7359,136.6397,,136.6154,135.5686,0.3078
1768071614211,136.0061,2230829083.3932,2026-01-10 19:00:14.211,solana,45.3723,136.6639,,136.6157,135.5748,0.28
1768075363988,135.9917,2093236182.3043,2026-01-10 20:02:43.988,solana,45.2324,136.6894,,136.6126,135.5928,0.2793
1768078865129,135.8868,1886874284.0456,2026-01-10 21:01:05.129,solana,44.1664,136.7131,,136.597,135.6282,0.2551
1768082472375,135.6432,1772603248.9685,2026-01-10 22:01:12.375,solana,41.7091,136.7303,,136.6046,135.5613,0.2639
1768086097072,135.448,1799686653.4136,2026-01-10 23:01:37.072,solana,39.7975,136.7444,,136.6394,135.4595,0.2911
1768089617651,135.8017,1741084690.0365,2026-01-11 00:00:17.651,solana,44.739,136.7594,,136.639,135.4399,0.2924
1768093346324,136.1643,1743973647.2455,2026-01-11 01:02:26.324,solana,49.3299,136.77,,136.6444,135.4796,0.2839
1768096872430,136.111,1699634847.2777,2026-01-11 02:01:12.430,solana,48.6906,136.785,,136.6495,135.5006,0.2816
1768100426363,135.9495,1664041006.0307,2026-01-11 03:00:26.363,solana,46.7112,136.7989,,136.6495,135.5002,0.2819
1768104167558,136.074,1657926125.3665,2026-01-11 04:02:47.558,solana,48.451,136.8082,,136.6526,135.5141,0.2818
1768107698589,136.015,1653624645.2571,2026-01-11 05:01:38.589,solana,47.657,136.8186,,136.6529,135.515,0.2729
1768111296988,136.0992,1668919791.1756,2026-01-11 06:01:36.988,solana,48.9418,136.8288,,136.6281,135.5153,0.2694
1768114939264,135.9826,1639967021.0125,2026-01-11 07:02:19.264,solana,47.2135,136.8415,,136.486,135.5782,0.2689
1768118500992,135.9485,1642129617.3486,2026-01-11 08:01:40.992,solana,46.6938,136.8533,,136.4432,135.5811,0.2678
1768122158396,136.5795,1682544916.2958,2026-01-11 09:02:38.396,solana,56.2823,136.8689,,136.4766,135.5597,0.2866
1768125776092,136.3144,1695386164.0353,2026-01-11 10:02:56.092,solana,52.0463,136.8811,,136.4948,135.5537,0.2856
1768129306938,136.4246,1645535597.2868,2026-01-11 11:01:46.938,solana,53.6091,136.8915,,136.5482,135.5514,0.2568
1768132883449,136.4069,1638130229.1506,2026-01-11 12:01:23.449,solana,53.309,136.904,,136.5741,135.542,0.2597
1768136520516,136.8568,1654911895.8853,2026-01-11 13:02:00.516,solana,59.5209,136.9196,,136.7053,135.4697,0.2951
1768140080405,137.0264,1694831678.8207,2026-01-11 14:01:20.405,solana,61.596,136.9353,,136.8768,135.3962,0.3505
1768143654072,138.6893,1897910835.7083,2026-01-11 15:00:54.072,solana,75.0801,136.9585,,137.6033,134.938,0.6252
1768147291038,138.1259,2119788643.5979,2026-01-11 16:01:31.038,solana,66.554,136.9796,,137.9276,134.8272,0.7332
1768150874896,139.7688,2591791805.6497,2026-01-11 17:01:14.896,solana,75.346,137.0077,,138.6939,134.4491,1.015
1768154502936,139.4301,2761858028.77,2026-01-11 18:01:42.936,solana,71.1918,137.0346,,139.174,134.3477,1.1754
1768158133698,139.6812,2771878321.8329,2026-01-11 19:02:13.698,solana,72.4063,137.0677,,139.6192,134.3258,1.3228
1768161692412,139.2074,2917767752.5183,2026-01-11 20:01:32.412,solana,66.6918,137.1023,,139.9021,134.3834,1.4014
1768165377918,138.2359,3099387014.5004,2026-01-11 21:02:57.918,solana,56.793,137.1268,,140.0065,134.4862,1.4094
1768168962114,138.4029,3166173251.0297,2026-01-11 22:02:42.114,solana,57.9485,137.1542,,140.1133,134.6086,1.4066
1768172447389,138.1213,3207933954.9076,2026-01-11 23:00:47.389,solana,55.2644,137.179,,140.1613,134.7778,1.3743
1768176183979,139.4276,3419018211.666,2026-01-12 00:03:03.979,solana,63.6701,137.2122,,140.3778,134.8967,1.4098
1768179697536,140.7096,4014424634.9383,2026-01-12 01:01:37.536,solana,69.689,137.2441,,140.8133,134.9306,1.5392
1768183228783,140.999,4289649002.1637,2026-01-12 02:00:28.783,solana,70.8627,137.2687,,141.2376,134.9962,1.6572
1768186864450,142.2939,4568558841.451,2026-01-12 03:01:04.450,solana,75.4442,137.3015,,141.8849,134.9801,1.8491
1768190497051,142.6506,4894006161.3279,2026-01-12 04:01:37.051,solana,76.5383,137.3371,,142.4816,135.0536,2.0249
1768194087887,142.6771,5007987833.9303,2026-01-12 05:01:27.887,solana,76.6219,137.3794,,143.0122,135.1327,2.1497
1768197705706,142.5593,5434522091.1058,2026-01-12 06:01:45.706,solana,75.3403,137.4223,,143.39,135.3795,2.2278
1768201304861,141.8289,5569417504.4909,2026-01-12 07:01:44.861,solana,67.7721,137.4599,,143.5526,135.7573,2.2197
1768204899006,141.368,5529090029.645,2026-01-12 08:01:39.006,solana,63.441,137.4957,,143.5667,136.2393,2.1602
1768208493444,139.4587,5802343121.8661,2026-01-12 09:01:33.444,solana,49.3676,137.5209,,143.43,136.6362,2.0795
1768212094932,139.6622,6005992954.9068,2026-01-12 10:01:34.932,solana,50.6248,137.5464,,143.2776,137.0522,1.9698
1768215719983,139.0477,5954297076.6385,2026-01-12 11:01:59.983,solana,46.8423,137.5661,,143.2653,137.1003,1.8564
1768219288775,139.8509,6044654484.135,2026-01-12 12:01:28.775,solana,51.9013,137.5911,,143.2098,137.3283,1.7194
1768222969228,139.6359,6076407079.5697,2026-01-12 13:02:49.228,solana,50.5154,137.6184,,143.2082,137.3166,1.5994
1768226498614,139.5842,6103368020.6403,2026-01-12 14:01:38.614,solana,50.1686,137.6533,,143.208,137.3323,1.4765
1768230011900,140.0808,6381228271.1236,2026-01-12 15:00:11.900,solana,53.4735,137.6833,,143.2171,137.3631,1.4474
1768233731432,142.4056,6372661582.8704,2026-01-12 16:02:11.432,solana,65.1318,137.7206,,143.4708,137.4292,1.455
1768237346894,143.0401,6460554690.1484,2026-01-12 17:02:26.894,solana,67.5238,137.7663,,143.7326,137.6479,1.5534
1768240876360,141.7197,6486282242.4149,2026-01-12 18:01:16.360,solana,58.5264,137.7979,,143.739,137.9731,1.5596
1768244505678,141.062,6634913806.0723,2026-01-12 19:01:45.678,solana,54.622,137.8202,,143.5988,138.4074,1.5524
1768248120483,140.9905,6755883416.5369,2026-01-12 20:02:00.483,solana,54.1983,137.837,,143.5746,138.5879,1.5261
1768251693325,140.068,6620663332.2236,2026-01-12 21:01:33.325,solana,48.93,137.8489,,143.5771,138.5212,1.4432
1768255303530,138.6884,6784336462.6763,2026-01-12 22:01:43.530,solana,42.3066,137.8503,,143.6633,138.2039,1.4242
1768258878992,139.0762,6697244800.376,2026-01-12 23:01:18.992,solana,44.5776,137.8522,,143.5418,138.0037,1.3595
1768262520402,139.0778,6615484849.5236,2026-01-13 00:02:00.402,solana,44.5877,137.8589,,143.3161,137.8721,1.3765
1768266125799,138.9619,6365676395.2204,2026-01-13 01:02:05.799,solana,43.9877,137.867,,143.042,137.7746,1.4253
1768269699612,138.699,6132501260.973,2026-01-13 02:01:39.612,solana,42.5875,137.874,,142.7543,137.6764,1.4806
1768273217228,138.3129,6033561942.8002,2026-01-13 03:00:17.228,solana,40.5465,137.878,,142.5941,137.485,1.5058
1768276903215,138.4857,5725294636.3009,2026-01-13 04:01:43.215,solana,41.8888,137.8789,,142.4591,137.3317,1.4794
1768280472460,138.8214,5936918634.91,2026-01-13 05:01:12.460,solana,44.5096,137.8809,,142.4638,137.2633,1.4139
1768284228184,139.8244,6102707753.9139,2026-01-13 06:03:48.184,solana,51.543,137.8824,,142.4703,137.273,1.3141
1768287688642,140.3806,6111837831.8603,2026-01-13 07:01:28.642,solana,54.9524,137.8899,,142.5173,137.3593,1.258
1768291295267,139.9648,6545972105.2059,2026-01-13 08:01:35.267,solana,52.0064,137.9038,,142.5227,137.3653,1.2203
1768294944590,141.4428,6350068936.882,2026-01-13 09:02:24.590,solana,60.1789,137.9267,,142.6891,137.3796,1.2578
1768298543648,141.8038,6396365368.0696,2026-01-13 10:02:23.648,solana,61.8862,137.9481,,142.8992,137.3914,1.311
1768302100193,141.8332,6624341268.3222,2026-01-13 11:01:40.193,solana,62.0286,137.9724,,143.0829,137.383,1.342
1768305694435,141.8043,6641972012.1362,2026-01-13 12:01:34.435,solana,61.7838,137.9869,,142.972,137.4337,1.3812
1768309371158,141.9995,6660056296.7069,2026-01-13 13:02:51.158,solana,62.8511,138.0051,,142.7379,137.5638,1.42
1768312914188,142.6349,7055384359.7148,2026-01-13 14:01:54.188,solana,66.1641,138.026,,142.9218,137.4715,1.4846
1768316521276,142.4849,7199131392.8123,2026-01-13 15:02:01.276,solana,64.6974,138.0302,,143.1494,137.3861,1.5376
1768320102750,142.8809,7230670879.4199,2026-01-13 16:01:42.750,solana,66.79,138.038,,143.4492,137.2753,1.5652
1768323725422,143.6801,7058434801.2744,2026-01-13 17:02:05.422,solana,70.5811,138.067,,143.9463,137.1395,1.6135
1768327263493,142.8077,6855653052.731,2026-01-13 18:01:03.493,solana,62.2302,138.1032,,144.1769,137.3208,1.6606
1768330995831,143.2914,6799614863.0427,2026-01-13 19:03:15.831,solana,64.7223,138.1372,,144.4677,137.4515,1.7444
1768334463896,143.9932,6917138521.911,2026-01-13 20:01:03.896,solana,68.0194,138.1764,,144.8382,137.5725,1.8658
1768338176938,143.5001,7004548259.1559,2026-01-13 21:02:56.938,solana,63.5274,138.2037,,145.0431,137.8214,1.9316
1768341701166,143.4717,6808120313.2216,2026-01-13 22:01:41.166,solana,63.268,138.2218,,145.1564,138.1855,1.9275
1768345246355,147.0323,7793218791.4435,2026-01-13 23:00:46.355,solana,76.3152,138.2639,,145.9646,138.2492,2.207
1768348946810,145.0972,8047083050.0449,2026-01-14 00:02:26.810,solana,63.1803,138.2883,,146.1267,138.7482,2.2554
1768352467465,144.9976,8045801703.1335,2026-01-14 01:01:07.465,solana,62.5835,138.3172,,146.1995,139.2931,2.2616
1768356112881,145.4598,8321260874.1768,2026-01-14 02:01:52.881,solana,64.2709,138.3563,,146.4003,139.6558,2.2468
1768359701674,145.4648,8113156532.9837,2026-01-14 03:01:41.674,solana,64.2897,138.3918,,146.5837,139.9808,2.1631
1768363288600,146.0793,7661033821.2121,2026-01-14 04:01:28.600,solana,66.6103,138.4313,,146.7327,140.4433,2.0843
1768366887370,144.8302,7634581389.2502,2026-01-14 05:01:27.370,solana,58.3148,138.4677,,146.7844,140.7303,1.9216
1768370591421,144.4018,7530808269.0751,2026-01-14 06:03:11.421,solana,55.7503,138.5033,,146.7881,140.9864,1.7951
1768374110442,144.53,7582418741.3624,2026-01-14 07:01:50.442,solana,56.3687,138.5371,,146.7755,141.2687,1.6895
1768377667324,144.7392,7655854094.5429,2026-01-14 08:01:07.324,solana,57.4144,138.5696,,146.7406,141.597,1.5201
1768381306164,144.8473,7730463728.5199,2026-01-14 09:01:46.164,solana,57.9748,138.6023,,146.6953,141.9272,1.4517
1768384898204,145.3747,7506016872.2063,2026-01-14 10:01:38.204,solana,60.6933,138.6531,,146.7445,142.1519,1.4096
1768388443714,144.8141,7351144971.1594,2026-01-14 11:00:43.714,solana,56.5089,138.6966,,146.68,142.4493,1.335
1768392083930,143.6064,7440209409.9949,2026-01-14 12:01:23.930,solana,48.7173,138.7309,,146.6223,142.5796,1.2434
1768395770549,144.4987,7372973239.555,2026-01-14 13:02:50.549,solana,53.7875,138.7718,,146.6197,142.6641,1.1476
1768399227496,144.1463,7097881970.4798,2026-01-14 14:00:27.496,solana,51.6169,138.8081,,146.5172,142.9005,1.0891
1768402928758,146.6632,7450656786.6035,2026-01-14 15:02:08.758,solana,63.0765,138.8609,,146.7532,143.0016,1.1005
1768406463243,146.8229,7626408177.4406,2026-01-14 16:01:03.243,solana,63.6647,138.926,,147.0286,143.0092,1.1279
1768410070858,147.1705,7661688248.142,2026-01-14 17:01:10.858,solana,64.9723,138.9942,,147.2926,143.1122,1.2054
1768413812915,146.1116,7728749157.2548,2026-01-14 18:03:32.915,solana,58.1117,139.0569,,147.3005,143.3683,1.1429
1768417312609,146.3906,7920650596.3667,2026-01-14 19:01:52.609,solana,59.3303,139.1229,,147.1753,143.4294,1.1115
1768420974033,146.7464,7925422003.4397,2026-01-14 20:02:54.033,solana,60.8928,139.1889,,147.3569,143.4126,1.1269
1768424529381,147.389,7965432232.9402,2026-01-14 21:02:09.381,solana,63.6119,139.2589,,147.6504,143.3583,1.1389
1768428041326,146.7283,8020512655.8162,2026-01-14 22:00:41.326,solana,59.0644,139.3226,,147.7788,143.3567,1.0863
1768431714718,146.1564,7182466518.9656,2026-01-14 23:01:54.718,solana,55.3746,139.3814,,147.8275,143.3772,1.0495
1768435305465,146.6896,6880818459.9341,2026-01-15 00:01:45.465,solana,58.0086,139.4434,,147.8997,143.3661,1.0702
1768438973491,145.9039,6716474166.1758,2026-01-15 01:02:53.491,solana,53.0403,139.4981,,147.9254,143.4477,1.0636
1768442546271,145.1144,6554222805.2042,2026-01-15 02:02:26.271,solana,48.5417,139.548,,147.9,143.5444,1.0686
1768446186038,144.4443,6519372816.5657,2026-01-15 03:03:06.038,solana,45.0492,139.5897,,147.9054,143.5304,1.0955
1768449682587,143.3564,6549202844.0341,2026-01-15 04:01:22.587,solana,40.0151,139.6295,,148.0341,143.2634,1.1805
1768453422092,144.3553,6487113511.3331,2026-01-15 05:03:42.092,solana,45.9836,139.6696,,148.0518,143.1965,1.1958
1768456955035,144.5627,6362072497.415,2026-01-15 06:02:35.035,solana,47.1593,139.7179,,148.0533,143.1138,1.19
1768460488413,144.1589,6320270836.2016,2026-01-15 07:01:28.413,solana,45.1011,139.773,,148.0773,143.0243,1.205
1768464142642,144.9097,6241407072.9779,2026-01-15 08:02:22.642,solana,49.5127,139.828,,148.0018,143.2301,1.2011
1768467817470,144.7387,6286729069.6178,2026-01-15 09:03:37.470,solana,48.5561,139.8856,,147.9935,143.2624,1.2037
1768471433679,145.633,6371483636.7323,2026-01-15 10:03:53.679,solana,53.6068,139.9519,,147.9683,143.4363,1.2042
1768474923636,145.4141,6223344382.9411,2026-01-15 11:02:03.636,solana,52.254,140.0137,,147.8649,143.4147,1.1963
1768478538772,144.8075,6168554524.2484,2026-01-15 12:02:18.772,solana,48.5957,140.0745,,147.7229,143.3552,1.1379
1768482200375,144.8738,6150397135.761,2026-01-15 13:03:20.375,solana,49.0159,140.1398,,147.4913,143.3572,1.1255
1768485719685,145.1077,6147583077.4096,2026-01-15 14:01:59.685,solana,50.5512,140.205,,147.4205,143.3276,1.0898
1768489291887,143.9518,5960119903.7182,2026-01-15 15:01:31.887,solana,43.5681,140.265,,147.3321,143.1721,1.1143
1768492909278,142.6704,5927908943.319,2026-01-15 16:01:49.278,solana,37.3995,140.3039,,147.2948,142.8018,1.2147
1768496473345,143.6765,5593695229.3728,2026-01-15 17:01:13.345,solana,44.0926,140.3403,,146.9095,142.8159,1.1909
1768500154117,142.9764,5483119527.4183,2026-01-15 18:02:34.117,solana,40.8218,140.367,,146.6911,142.6591,1.2526
1768503720774,141.6526,5445708448.1195,2026-01-15 19:02:00.774,solana,35.4651,140.3893,,146.7411,142.1587,1.3944
1768507364137,141.4976,5328905837.9417,2026-01-15 20:02:44.137,solana,34.8878,140.4133,,146.5819,141.7987,1.4898
1768510915633,141.3264,5174122942.0117,2026-01-15 21:01:55.633,solana,34.2252,140.4357,,146.5233,141.3995,1.5129
1768514533040,142.0791,5150129063.1886,2026-01-15 22:02:13.040,solana,39.6523,140.4518,,146.4391,141.1802,1.4943
1768518098930,142.3151,5072476666.3276,2026-01-15 23:01:38.930,solana,41.2879,140.4729,,146.393,141.0134,1.4778
1768521704721,142.273,4997355899.4431,2026-01-16 00:01:44.721,solana,41.0739,140.4969,,146.4073,140.8907,1.4026
1768525201895,142.6166,4887437355.8078,2026-01-16 01:00:01.895,solana,43.64,140.5179,,146.3354,140.7887,1.3503
1768528903496,142.3484,4797859587.292,2026-01-16 02:01:43.496,solana,42.0993,140.5436,,146.2329,140.6699,1.3413
1768532489323,142.0894,4709134470.8854,2026-01-16 03:01:29.323,solana,40.6079,140.5627,,146.1701,140.5257,1.3607
1768536137568,141.9448,4520270033.417,2026-01-16 04:02:17.568,solana,39.7609,140.5704,,145.9894,140.4099,1.3961
1768539741595,141.5918,4547424533.3076,2026-01-16 05:02:21.595,solana,37.6943,140.5822,,145.822,140.2626,1.4288
1768543223750,143.0898,4610613423.9888,2026-01-16 06:00:23.750,solana,49.6535,140.6036,,145.4292,140.4011,1.4037
1768546881405,143.2452,4598044247.7335,2026-01-16 07:01:21.405,solana,50.7105,140.62,,145.0531,140.5603,1.39
1768550602126,142.8374,4552054303.189,2026-01-16 08:03:22.126,solana,47.8701,140.6398,,144.7593,140.6571,1.3428
1768554220667,143.1187,4494130168.3165,2026-01-16 09:03:40.667,solana,49.9529,140.6737,,144.4292,140.8116,1.2976
1768557786740,143.0677,4413301178.5755,2026-01-16 10:03:06.740,solana,49.5664,140.7018,,143.9442,141.0926,1.1752
1768561356437,143.0103,4356718708.6041,2026-01-16 11:02:36.437,solana,49.1052,140.7278,,143.7604,141.1824,1.0511
1768565042053,143.0902,4337876378.5331,2026-01-16 12:04:02.053,solana,49.8045,140.7572,,143.807,141.1776,0.9664
1768568537059,143.5124,4373046272.9915,2026-01-16 13:02:17.059,solana,53.4443,140.7924,,143.7709,141.1974,0.8729
1768572140185,143.0038,4268129295.5106,2026-01-16 14:02:20.185,solana,48.849,140.8194,,143.7744,141.1966,0.7129
1768575665942,143.0888,4092954223.1693,2026-01-16 15:01:05.942,solana,49.6288,140.8577,,143.8122,141.3024,0.663
1768579388489,140.764,3931902564.5702,2026-01-16 16:03:08.489,solana,34.2539,140.8697,,143.9306,141.1107,0.7599
1768582853778,141.8047,3943754722.5958,2026-01-16 17:00:53.778,solana,42.7974,140.8825,,143.8873,141.2018,0.7303
1768586483167,143.0345,3943946883.0583,2026-01-16 18:01:23.167,solana,50.9141,140.9108,,143.9334,141.2512,0.7323
1768590162705,143.5047,3869450786.7184,2026-01-16 19:02:42.705,solana,53.6237,140.9514,,144.043,141.2606,0.7439
1768593740723,144.0859,3802266120.4181,2026-01-16 20:02:20.723,solana,56.7985,141.0,,144.2541,141.2307,0.7775
1768597399641,144.7633,3811695508.5487,2026-01-16 21:03:19.641,solana,60.2163,141.0552,,144.597,141.1026,0.843
1768600970132,145.1477,3901313169.3926,2026-01-16 22:02:50.132,solana,62.0514,141.1109,,144.9848,140.9947,0.9596
1768604507992,144.805,3961983956.9453,2026-01-16 23:01:47.992,solana,59.4205,141.1636,,145.224,141.0271,1.027
1768608137653,144.8429,3929159831.7506,2026-01-17 00:02:17.653,solana,59.6241,141.2172,,145.4223,141.1186,1.0812
1768611706664,144.2619,3951570996.6267,2026-01-17 01:01:46.664,solana,55.0571,141.2682,,145.4514,141.3565,1.1012
1768615314419,144.6188,3960428335.7839,2026-01-17 02:01:54.419,solana,57.2242,141.3181,,145.5885,141.3723,1.1249
1768618879287,144.4888,3939231672.5957,2026-01-17 03:01:19.287,solana,56.1617,141.3679,,145.6922,141.3929,1.1226
1768622580026,144.3267,3892765062.3659,2026-01-17 04:03:00.026,solana,54.7958,141.4175,,145.767,141.4671,1.0968
1768626044630,144.3039,3779662349.5104,2026-01-17 05:00:44.630,solana,54.5949,141.4686,,145.8334,141.5192,1.0335
1768629768378,143.9462,3615152784.5173,2026-01-17 06:02:48.378,solana,51.4054,141.5168,,145.8617,141.5788,1.0308
1768633305060,143.8017,3558921754.8629,2026-01-17 07:01:45.060,solana,50.1324,141.5635,,145.8764,141.6432,1.0284
1768636913565,143.6615,3508345378.3841,2026-01-17 08:01:53.565,solana,48.8662,141.6097,,145.8834,141.6933,1.0143
1768640511895,144.1585,3462012622.9636,2026-01-17 09:01:51.895,solana,53.3603,141.6583,,145.9176,141.7237,1.012
1768644138275,144.4261,3431911539.0596,2026-01-17 10:02:18.275,solana,55.6221,141.7064,,145.9694,141.8141,1.0124
1768647814534,143.8862,3436894355.6307,2026-01-17 11:03:34.534,solana,50.3207,141.7487,,145.9765,141.8868,0.9995
1768651268998,143.8791,3418520863.175,2026-01-17 12:01:08.998,solana,50.2531,141.7935,,145.529,142.6459,0.9879
1768654884713,143.7081,3312672261.605,2026-01-17 13:01:24.713,solana,48.555,141.8367,,145.1967,143.1684,0.9859
1768658442981,143.9,3294363721.0431,2026-01-17 14:00:42.981,solana,50.5728,141.8825,,145.1052,143.3465,0.9694
1768662211310,143.862,3211824707.7557,2026-01-17 15:03:31.310,solana,50.1531,141.9299,,145.0771,143.4103,0.9546
1768665779870,144.0606,2905675644.4912,2026-01-17 16:02:59.870,solana,52.377,141.9764,,145.0769,143.408,0.6786
1768669376768,143.8008,2784222485.8701,2026-01-17 17:02:56.768,solana,49.2796,142.0212,,145.0139,143.3747,0.4861
1768673054761,143.9798,2639081879.0869,2026-01-17 18:04:14.761,solana,51.4115,142.0685,,144.8327,143.4391,0.4277
1768676491251,144.1826,2496781820.299,2026-01-17 19:01:31.251,solana,53.7812,142.1171,,144.7313,143.4783,0.4031
1768680095051,144.2351,2397334440.1998,2026-01-17 20:01:35.051,solana,54.4021,142.1662,,144.6067,143.5422,0.4024
1768683729552,144.4441,2274436726.8875,2026-01-17 21:02:09.552,solana,56.8815,142.2171,,144.6342,143.5328,0.3884
1768687292695,144.2187,2129020881.2042,2026-01-17 22:01:32.695,solana,53.5016,142.2682,,144.5615,143.5655,0.3316
1768690929281,143.7252,2053227586.134,2026-01-17 23:02:09.281,solana,46.9275,142.3174,,144.5038,143.5469,0.3128
1768694586727,143.7025,2021491917.2254,2026-01-18 00:03:06.727,solana,46.6443,142.3645,,144.4713,143.517,0.2823
1768698119524,143.2366,2036771927.9152,2026-01-18 01:01:59.524,solana,41.1421,142.4066,,144.4992,143.3823,0.3256
1768701638736,142.6705,2136453230.0471,2026-01-18 02:00:38.736,solana,35.6415,142.4456,,144.6633,143.0907,0.404
1768705325201,142.412,2267310750.6159,2026-01-18 03:02:05.201,solana,33.4421,142.4841,,144.8209,142.794,0.4941
1768708829090,142.7477,2236503333.1223,2026-01-18 04:00:29.090,solana,38.7298,142.5238,,144.8749,142.6487,0.5323
1768712510297,142.8086,2238939322.886,2026-01-18 05:01:50.297,solana,39.6651,142.5642,,144.8653,142.5234,0.5564
1768716071311,142.7815,2267034558.9653,2026-01-18 06:01:11.311,solana,39.3768,142.604,,144.7968,142.4273,0.5865
1768719670557,142.6057,2324409167.4797,2026-01-18 07:01:10.557,solana,37.4742,142.6434,,144.8029,142.2932,0.6251
1768723272265,142.1532,2387047804.4223,2026-01-18 08:01:12.265,solana,33.0461,142.6804,,144.8446,142.0789,0.6937
1768726869294,142.3541,2389955405.9777,2026-01-18 09:01:09.294,solana,36.6269,142.7147,,144.8525,141.9356,0.7239
1768730526332,142.4482,2388837223.4286,2026-01-18 10:02:06.332,solana,38.2901,142.7513,,144.816,141.8269,0.7254
1768734020987,142.4079,2382755351.1119,2026-01-18 11:00:20.987,solana,37.8325,142.7869,,144.7723,141.7252,0.7455
1768737712630,142.3324,2322059054.7416,2026-01-18 12:01:52.630,solana,36.9401,142.8221,,144.6879,141.6368,0.7641
1768741273978,142.2515,2328834079.3342,2026-01-18 13:01:13.978,solana,35.9622,142.8543,,144.6301,141.5396,0.7864
1768744997403,142.277,2335619349.0791,2026-01-18 14:03:17.403,solana,36.5331,142.8855,,144.5259,141.4736,0.7952
1768748613191,141.8653,2449618451.1679,2026-01-18 15:03:33.191,solana,31.632,142.9044,,144.3849,141.3829,0.8219
1768752104791,141.8908,2387973978.472,2026-01-18 16:01:44.791,solana,32.2398,142.9268,,144.1915,141.3418,0.8277
1768755769335,142.0126,2295652629.1127,2026-01-18 17:02:49.335,solana,35.1939,142.9402,,143.8788,141.4114,0.8311
1768759338232,142.1958,2392375532.2484,2026-01-18 18:02:18.232,solana,39.4727,142.9566,,143.557,141.5309,0.8104
1768762873439,142.7305,2492423557.5814,2026-01-18 19:01:13.439,solana,49.8711,142.9748,,143.3569,141.6315,0.7576
1768766410946,142.3226,2615494694.6708,2026-01-18 20:00:10.946,solana,43.7022,142.9933,,143.0879,141.7626,0.6949
1768770146443,142.3502,2577793947.6122,2026-01-18 21:02:26.443,solana,44.2061,143.0178,,142.9293,141.8325,0.5887
1768773682345,142.6228,2579579325.1701,2026-01-18 22:01:22.345,solana,49.0478,143.0429,,142.9222,141.8348,0.4781
1768777365838,142.6969,2659564611.5006,2026-01-18 23:02:45.838,solana,50.3089,143.0702,,142.9539,141.8316,0.408
1768780915374,138.0492,3170637515.4633,2026-01-19 00:01:55.374,solana,18.8195,143.062,,144.118,140.1977,0.951
1768784516124,133.7216,4782907634.114,2026-01-19 01:01:56.124,solana,11.5625,143.0204,,145.8466,137.5603,1.9668
1768788072203,133.6253,4894022261.6363,2026-01-19 02:01:12.203,solana,11.4566,142.9765,,146.6444,135.8469,2.5772
1768791838123,133.7466,4932027915.4722,2026-01-19 03:03:58.123,solana,12.5433,142.9256,,147.0668,134.5386,3.0121
1768795264945,133.8354,5001710607.3582,2026-01-19 04:01:04.945,solana,13.3804,142.8731,,147.3072,133.4665,3.3354
1768798952337,133.6958,5100160057.2847,2026-01-19 05:02:32.337,solana,13.1669,142.8197,,147.3917,132.5161,3.5995
1768802524862,133.321,5230585073.9408,2026-01-19 06:02:04.862,solana,12.5861,142.7647,,147.3743,131.6208,3.8347
1768806089026,133.0647,5307504291.2374,2026-01-19 07:01:29.026,solana,12.1902,142.7125,,147.2616,130.7992,4.0397
1768809674597,133.4059,5330570113.2081,2026-01-19 08:01:14.597,solana,15.9801,142.6651,,147.0163,130.1519,4.1895
1768813224348,133.8175,4758690281.5897,2026-01-19 09:00:24.348,solana,20.4402,142.6316,,146.6621,129.6627,4.2732
1768816976571,133.5762,5474323182.4881,2026-01-19 10:02:56.571,solana,19.7773,142.5953,,146.2307,129.2239,4.3328
1768820450558,133.6477,5535632912.2485,2026-01-19 11:00:50.558,solana,20.599,142.5632,,145.7744,128.8585,4.3575
1768824172568,134.0226,5639684769.3396,2026-01-19 12:02:52.568,solana,24.9405,142.5285,,145.2238,128.6223,4.3389
1768827617308,133.9305,5690599652.7223,2026-01-19 13:00:17.308,solana,24.5849,142.4945,,144.5725,128.4654,4.2985
1768831421591,133.6344,5688260398.5195,2026-01-19 14:03:41.591,solana,23.4282,142.4591,,143.7945,128.3872,4.2367
1768834997393,133.5101,5722425300.9416,2026-01-19 15:03:17.393,solana,22.9405,142.42,,142.772,128.4877,4.1686
1768838481696,133.4497,5722191040.7081,2026-01-19 16:01:21.696,solana,22.6929,142.3667,,141.6836,128.6888,4.0688
1768842177468,134.2187,5928408121.6008,2026-01-19 17:02:57.468,solana,32.6487,142.3142,,140.3901,129.1692,3.9071
1768845788522,134.1904,5700857375.7959,2026-01-19 18:03:08.522,solana,32.4831,142.2694,,138.6629,130.0531,3.6955
1768849286046,134.2002,5755008163.1665,2026-01-19 19:01:26.046,solana,32.6098,142.2285,,135.91,131.9563,3.3891
1768852946751,134.4041,5668748861.8663,2026-01-19 20:02:26.751,solana,35.3483,142.1893,,134.4076,133.0943,3.0504
1768856532314,134.5716,5683835100.7001,2026-01-19 21:02:12.314,solana,37.5923,142.1566,,134.5408,133.0461,2.622
1768860088731,134.0484,5712190411.0219,2026-01-19 22:01:28.731,solana,33.6632,142.129,,134.5656,133.0635,2.009
1768863646724,133.2746,5838964186.1337,2026-01-19 23:00:46.724,solana,28.8592,142.0945,,134.5779,133.0041,0.9465
1768867341997,133.3518,5275366225.5389,2026-01-20 00:02:21.997,solana,29.933,142.0604,,134.5762,132.9574,0.3789
1768870871815,133.6352,3729793696.8189,2026-01-20 01:01:11.815,solana,33.8808,142.0287,,134.5746,132.9529,0.3797
1768874518833,133.8826,3463594081.6482,2026-01-20 02:01:58.833,solana,37.2062,142.0,,134.578,133.0058,0.3794
1768878023087,133.8501,3370812418.3719,2026-01-20 03:00:23.087,solana,36.9435,141.9734,,134.543,133.1193,0.3798
1768881702107,134.3231,3411791526.4816,2026-01-20 04:01:42.107,solana,43.2304,141.9487,,134.5915,133.1625,0.396
1768885305818,133.3407,3378789344.2006,2026-01-20 05:01:45.818,solana,35.3474,141.916,,134.6049,133.1014,0.4063
1768888831648,133.0384,3402579019.1453,2026-01-20 06:00:31.648,solana,33.3332,141.8756,,134.6506,133.0019,0.4238
1768892556622,131.4848,3614283032.4602,2026-01-20 07:02:36.622,solana,25.3409,141.8227,,135.0307,132.4055,0.6164
1768896089428,131.127,3624400770.7169,2026-01-20 08:01:29.428,solana,23.9185,141.7701,,135.2948,131.8519,0.8092
1768899740686,128.7894,4145100414.2485,2026-01-20 09:02:20.686,solana,17.1469,141.6948,,136.009,130.6235,1.271
1768903334809,128.6958,4256942599.9198,2026-01-20 10:02:14.809,solana,16.9402,141.6167,,136.4244,129.7143,1.591
1768906898200,128.9525,4310176754.8622,2026-01-20 11:01:38.200,solana,19.7974,141.5401,,136.6361,129.0468,1.8067
1768910463610,128.7114,4281414170.367,2026-01-20 12:01:03.610,solana,19.1318,141.4621,,136.7893,128.4197,1.9914
1768914159155,129.2049,4312374721.7371,2026-01-20 13:02:39.155,solana,24.7113,141.386,,136.7187,127.989,2.1028
1768917646343,128.4684,4492516265.8583,2026-01-20 14:00:46.343,solana,22.2445,141.3016,,136.6578,127.4777,2.2493
1768921303083,128.7351,4711585960.5446,2026-01-20 15:01:43.083,solana,25.1588,141.2198,,136.4937,127.0953,2.3523
1768924900165,127.4924,5094550194.2731,2026-01-20 16:01:40.165,solana,21.1769,141.1282,,136.3422,126.5556,2.5192
1768928499196,126.6987,5363051747.9417,2026-01-20 17:01:39.196,solana,19.098,141.0271,,136.1432,125.9673,2.6827
1768932107038,126.7283,5466815074.206,2026-01-20 18:01:47.038,solana,19.4159,140.9314,,135.9146,125.464,2.7997
1768935689875,127.0063,5581568222.8875,2026-01-20 19:01:29.875,solana,22.4946,140.8345,,135.6944,125.0573,2.8593
1768939279285,126.9954,5668105008.9626,2026-01-20 20:01:19.285,solana,22.4583,140.7333,,135.3869,124.7291,2.8748
1768942903884,127.7718,5776634280.1513,2026-01-20 21:01:43.884,solana,30.9846,140.6397,,134.9165,124.6132,2.8093
1768946500587,126.9645,5837055919.0369,2026-01-20 22:01:40.587,solana,27.5878,140.5414,,134.3421,124.4957,2.7813
1768950089473,125.9898,5951545772.9929,2026-01-20 23:01:29.473,solana,24.146,140.4162,,133.7211,124.3308,2.8177
1768953709834,125.8106,6120599149.8277,2026-01-21 00:01:49.834,solana,23.5639,140.3014,,132.8164,124.3842,2.825
1768957384084,127.2086,6098072185.5143,2026-01-21 01:03:04.084,solana,36.4374,140.1955,,131.9396,124.6478,2.7173
1768960934872,127.2996,6167392761.4509,2026-01-21 02:02:14.872,solana,37.1786,140.0874,,130.9493,125.0642,2.5534
1768964447107,126.8654,6203839831.0266,2026-01-21 03:00:47.107,solana,35.0754,139.9767,,130.2831,125.2685,2.3609
1768968174109,127.4551,6144773146.2746,2026-01-21 04:02:54.109,solana,40.0366,139.8658,,129.5736,125.6108,2.0381
1768971793959,127.6522,6099499975.1352,2026-01-21 05:03:13.959,solana,41.6417,139.7636,,129.4399,125.6308,1.7442
1768975314456,128.4742,6028292407.9414,2026-01-21 06:01:54.456,solana,47.9049,139.6688,,129.4041,125.6444,1.4009
1768978843095,128.0782,5794579537.4357,2026-01-21 07:00:43.095,solana,45.3786,139.5708,,129.2637,125.6974,1.1817
1768982476572,127.4904,5584797073.9815,2026-01-21 08:01:16.572,solana,41.8498,139.4682,,129.1111,125.7279,0.9461
1768986121677,127.0511,5104228882.4893,2026-01-21 09:02:01.677,solana,39.3854,139.3622,,128.7967,125.8269,0.921
1768989703763,127.3999,4976573839.2669,2026-01-21 10:01:43.763,solana,42.2915,139.2552,,128.6467,125.8701,0.8899
1768993362252,127.7598,5017799493.9102,2026-01-21 11:02:42.252,solana,45.2103,139.1537,,128.4474,125.9719,0.8383
1768996924208,127.2984,5022934324.1368,2026-01-21 12:02:04.208,solana,42.2592,139.0567,,128.4317,125.9681,0.796
1769000444139,127.2038,5089478061.9462,2026-01-21 13:00:44.139,solana,41.6587,138.9537,,128.4353,126.015,0.699
1769004202250,127.0095,5031917463.6806,2026-01-21 14:03:22.250,solana,40.3893,138.8517,,128.4324,126.0461,0.6578
1769007692047,129.3606,5286741865.7292,2026-01-21 15:01:32.047,solana,57.3312,138.7487,,128.8594,125.8545,0.7272
1769011358679,130.2373,5238531237.6264,2026-01-21 16:02:38.679,solana,61.7023,138.65,,129.4647,125.5734,0.9434
1769015024162,126.0874,5360964312.9532,2026-01-21 17:03:44.162,solana,40.535,138.5245,,129.473,125.3966,0.9713
1769018501039,126.7662,5064275332.0762,2026-01-21 18:01:41.039,solana,43.9235,138.4093,,129.4741,125.3758,0.9702
1769022074687,127.4921,5027428019.1982,2026-01-21 19:01:14.687,solana,47.3771,138.2969,,129.4405,125.5596,0.967
1769025816623,131.2928,5954949573.4369,2026-01-21 20:03:36.623,solana,60.9409,138.2049,,130.1765,125.3718,1.2456
1769029338390,130.8477,6053792348.7761,2026-01-21 21:02:18.390,solana,59.0223,138.1064,,130.6881,125.224,1.4128
1769032863163,130.991,6148371348.159,2026-01-21 22:01:03.163,solana,59.4646,138.0127,,131.1546,125.1267,1.5523
1769036481283,130.5983,5977577983.7084,2026-01-21 23:01:21.283,solana,57.6284,137.9201,,131.4621,125.1925,1.5928
1769040194819,129.4531,5928280947.6619,2026-01-22 00:03:14.819,solana,52.533,137.8175,,131.5718,125.2826,1.5406
1769043664217,130.0305,5825945220.4907,2026-01-22 01:01:04.217,solana,54.7073,137.723,,131.7439,125.3483,1.5672
1769047303636,129.9716,5775848015.7335,2026-01-22 02:01:43.636,solana,54.4336,137.6329,,131.8781,125.3639,1.5848
1769050865294,129.6881,5723899274.0326,2026-01-22 03:01:05.294,solana,53.0562,137.5451,,131.9805,125.4225,1.5665
1769054494834,129.7423,5547298434.5866,2026-01-22 04:01:34.834,solana,53.2996,137.464,,132.0736,125.5546,1.5653
1769058061092,130.2668,5687778663.6384,2026-01-22 05:01:01.092,solana,55.6923,137.3802,,132.1876,125.7622,1.5826
1769061694777,130.0001,5614429846.1765,2026-01-22 06:01:34.777,solana,54.1723,137.2935,,132.2621,125.9477,1.6005
1769065292742,130.1909,5570551677.1429,2026-01-22 07:01:32.742,solana,55.1159,137.2103,,132.3542,126.0987,1.6149
1769068941974,129.75,5500297443.8238,2026-01-22 08:02:21.974,solana,52.4293,137.1201,,132.3547,126.3433,1.5933
1769072593588,129.8057,5464629772.9992,2026-01-22 09:03:13.588,solana,52.7429,137.0312,,132.323,126.6352,1.5437
1769076125620,130.0321,5416652474.9755,2026-01-22 10:02:05.620,solana,54.0674,136.9384,,132.2452,127.0153,1.5082
1769079705622,130.0435,5374211132.2129,2026-01-22 11:01:45.622,solana,54.1374,136.8469,,132.2822,127.0466,1.4822
1769083300793,129.9618,5409209032.2128,2026-01-22 12:01:40.793,solana,53.5101,136.7585,,132.2591,127.0421,1.4212
1769086890188,129.9833,5183893419.1833,2026-01-22 13:01:30.188,solana,53.6625,136.6699,,131.8789,127.8119,1.3411
1769090515530,129.3479,5247990685.8986,2026-01-22 14:01:55.530,solana,48.6033,136.5761,,131.465,128.4839,1.2273
1769094101227,128.1374,5007830831.7891,2026-01-22 15:01:41.227,solana,40.7263,136.4819,,131.2952,128.7183,1.2653
1769097609127,127.7305,4939318088.1346,2026-01-22 16:00:09.127,solana,38.4697,136.393,,131.3249,128.3324,1.3141
1769101315190,127.7182,4756357022.3658,2026-01-22 17:01:55.190,solana,38.4004,136.298,,131.3526,127.9917,1.163
1769104932728,128.3849,4367820807.7984,2026-01-22 18:02:12.728,solana,44.2597,136.2112,,131.197,127.8867,1.0325
1769108523877,128.0236,4357559910.8919,2026-01-22 19:02:03.877,solana,41.932,136.13,,131.1193,127.707,0.9891
1769112041790,129.0977,3918724737.3517,2026-01-22 20:00:41.790,solana,50.3003,136.0562,,131.1069,127.6838,0.932
1769115734944,128.4314,3697193591.9575,2026-01-22 21:02:14.944,solana,45.8826,135.9795,,131.05,127.5808,0.919
1769119288380,128.3587,3593574282.6546,2026-01-22 22:01:28.380,solana,45.4142,135.8978,,130.9897,127.4798,0.8866
1769122886465,128.431,3560894970.5367,2026-01-22 23:01:26.465,solana,46.0048,135.8152,,130.9473,127.3965,0.8656
1769126514856,128.2718,3470146878.4259,2026-01-23 00:01:54.856,solana,44.8543,135.7318,,130.8949,127.3019,0.8882
1769130146434,128.2788,3426112736.7378,2026-01-23 01:02:26.434,solana,44.9191,135.6465,,130.7451,127.2528,0.8911
1769133636476,128.6354,3420526753.36,2026-01-23 02:00:36.476,solana,48.2769,135.5648,,130.6209,127.2406,0.8794
1769137278606,128.1368,3439895122.6708,2026-01-23 03:01:18.606,solana,44.2184,135.4818,,130.4475,127.2085,0.8909
1769140939277,128.5793,3416517908.27,2026-01-23 04:02:19.277,solana,48.3668,135.4022,,130.3352,127.2038,0.8822
1769144432879,129.0521,3464821114.886,2026-01-23 05:00:32.879,solana,52.4368,135.3276,,130.2308,127.2328,0.8391
1769148159933,128.4229,3499721762.3642,2026-01-23 06:02:39.933,solana,47.114,135.2403,,130.0305,127.2722,0.8132
1769151811526,127.7164,3650250083.6571,2026-01-23 07:03:31.526,solana,41.9629,135.1479,,129.8137,127.2563,0.7947
1769155234107,127.7449,3624078368.2568,2026-01-23 08:00:34.107,solana,42.2378,135.058,,129.5659,127.2824,0.7919
1769158981288,127.0266,3633504521.3818,2026-01-23 09:03:01.288,solana,37.4344,134.9622,,129.3349,127.2177,0.8228
1769162532053,126.9154,3666310964.503,2026-01-23 10:02:12.053,solana,36.7381,134.8661,,129.2512,127.0582,0.827
1769166112505,127.139,3692227828.5772,2026-01-23 11:01:52.505,solana,39.188,134.7716,,129.2874,126.9222,0.7932
1769169770278,127.3906,3678436595.5839,2026-01-23 12:02:50.278,solana,41.9141,134.6782,,129.3008,126.8748,0.7322
1769173223909,127.1648,3672396206.1359,2026-01-23 13:00:23.909,solana,40.174,134.5809,,129.3295,126.7907,0.657
1769176924390,126.7848,3636821643.4306,2026-01-23 14:02:04.390,solana,37.3616,134.4843,,129.3549,126.6053,0.6517
1769180622489,125.8565,3629214824.8782,2026-01-23 15:03:42.489,solana,31.5517,134.3817,,129.5284,126.2151,0.7815
1769184090575,127.5226,2954143155.8516,2026-01-23 16:01:30.575,solana,47.3702,134.3029,,129.3562,126.2298,0.7845
1769187647755,128.432,3094172837.8247,2026-01-23 17:00:47.755,solana,53.6651,134.2233,,129.3563,126.2298,0.7916
1769191328204,128.6217,3899771781.2377,2026-01-23 18:02:08.204,solana,54.8774,134.1375,,129.3925,126.2199,0.7993
1769194882071,128.9484,3900320356.5631,2026-01-23 19:01:22.071,solana,56.9652,134.0509,,129.4742,126.1899,0.8264
1769198516263,127.8906,3988123794.9776,2026-01-23 20:01:56.263,solana,49.0503,133.9545,,129.443,126.1829,0.7899
1769202097540,126.7497,3953539968.7749,2026-01-23 21:01:37.540,solana,42.2337,133.8473,,129.4148,126.0583,0.8154
1769205685968,127.0536,3976113741.3664,2026-01-23 22:01:25.968,solana,44.4484,133.7396,,129.3076,126.0073,0.8226
1769209255889,127.4664,4023282789.6064,2026-01-23 23:00:55.889,solana,47.3978,133.6364,,129.261,125.9869,0.813
1769212842476,127.283,4051150737.5833,2026-01-24 00:00:42.476,solana,46.2238,133.5318,,129.1414,125.9768,0.81
1769216503613,127.2706,4075469365.6802,2026-01-24 01:01:43.613,solana,46.1403,133.4307,,128.8993,126.0407,0.8048
1769220094822,127.3538,4021513094.7355,2026-01-24 02:01:34.822,solana,46.8319,133.3279,,128.7777,126.0555,0.7793
1769223694727,127.5132,3962032084.9841,2026-01-24 03:01:34.727,solana,48.2051,133.2269,,128.7614,126.0514,0.7712
1769227287743,127.7035,3954247535.6524,2026-01-24 04:01:27.743,solana,49.8689,133.1279,,128.7574,126.0513,0.7419
1769230886319,127.6326,3901493625.5226,2026-01-24 05:01:26.319,solana,49.2342,133.0287,,128.7796,126.0896,0.6694
1769234526751,127.5895,3860039822.0411,2026-01-24 06:02:06.751,solana,48.8273,132.9313,,128.7932,126.1434,0.6395
1769238104681,127.4619,3710522685.9277,2026-01-24 07:01:44.681,solana,47.5743,132.8341,,128.8008,126.1682,0.637
1769241673189,127.0072,3746738929.1738,2026-01-24 08:01:13.189,solana,43.3083,132.735,,128.7976,126.133,0.6393
1769245294855,127.1339,3691961480.2146,2026-01-24 09:01:34.855,solana,44.7936,132.6336,,128.7975,126.13,0.6369
1769248924917,126.8901,3610449616.318,2026-01-24 10:02:04.917,solana,42.487,132.5292,,128.7928,126.1453,0.6378
1769252547144,126.9919,3559143226.5976,2026-01-24 11:02:27.144,solana,43.7881,132.4287,,128.6505,126.4011,0.6412
1769256156655,126.9683,3521592590.3407,2026-01-24 12:02:36.655,solana,43.5423,132.328,,128.6487,126.3474,0.6474
1769259776613,127.1159,3490998884.1509,2026-01-24 13:02:56.613,solana,45.6019,132.2292,,128.51,126.3546,0.6482
1769263371452,126.9373,3428821705.4018,2026-01-24 14:02:51.452,solana,43.5325,132.1283,,128.2963,126.3998,0.6428
1769266819255,126.9923,3189873570.5676,2026-01-24 15:00:19.255,solana,44.37,132.0279,,127.8618,126.6387,0.5615
1769270493294,126.6977,2934542854.1943,2026-01-24 16:01:33.294,solana,40.8752,131.9245,,127.7727,126.6086,0.5811
1769274148980,126.8352,2619749329.9279,2026-01-24 17:02:28.980,solana,43.1268,131.8235,,127.7651,126.6247,0.5488
1769277704426,126.9953,2368853056.7408,2026-01-24 18:01:44.426,solana,45.7178,131.7224,,127.7656,126.6184,0.4794
1769281395711,127.1984,2217608850.621,2026-01-24 19:03:15.711,solana,48.9005,131.6213,,127.7383,126.6189,0.3195
1769284936132,127.151,2030564023.7412,2026-01-24 20:02:16.132,solana,48.1901,131.5196,,127.7297,126.6142,0.2833
1769288484932,127.1143,1867608363.584,2026-01-24 21:01:24.932,solana,47.6141,131.4165,,127.7205,126.6078,0.2694
1769292101076,126.9262,1783908296.7408,2026-01-24 22:01:41.076,solana,44.6658,131.3136,,127.7012,126.5844,0.2733
1769295704707,127.4091,1752026358.4102,2026-01-24 23:01:44.707,solana,52.7542,131.2164,,127.6839,126.5913,0.2709
1769299307651,127.0396,1703169568.8204,2026-01-25 00:01:47.651,solana,47.0824,131.1173,,127.586,126.6228,0.2712
1769302890763,127.0511,1701722784.3389,2026-01-25 01:01:30.763,solana,47.2733,131.0209,,127.4916,126.659,0.2711
1769306542289,126.9193,1712514252.7578,2026-01-25 02:02:22.289,solana,45.266,130.9272,,127.3894,126.6942,0.2717
1769310195717,126.8665,1703640663.3554,2026-01-25 03:03:15.717,solana,44.4523,130.8346,,127.3089,126.7151,0.2647
1769313718660,126.408,1721619519.1343,2026-01-25 04:01:58.660,solana,38.0548,130.7374,,127.3789,126.5852,0.2703
1769317346915,126.6335,1724727839.8414,2026-01-25 05:02:26.915,solana,42.4417,130.6411,,127.375,126.5391,0.2541
1769320938665,126.7017,1715030964.0393,2026-01-25 06:02:18.665,solana,43.7404,130.5454,,127.3795,126.5158,0.2301
1769324628736,126.5096,1729761727.9417,2026-01-25 07:03:48.736,solana,40.9391,130.4496,,127.3949,126.4522,0.2249
1769328175720,126.2752,1630230539.3332,2026-01-25 08:02:55.720,solana,37.7627,130.355,,127.4375,126.3402,0.2616
1769331797404,126.0603,1673636009.9553,2026-01-25 09:03:17.404,solana,35.0754,130.2581,,127.4817,126.1904,0.3087
1769335251299,126.5125,1598208044.1883,2026-01-25 10:00:51.299,solana,44.0919,130.1632,,127.4736,126.1561,0.3167
1769338950162,126.7813,1763224533.8291,2026-01-25 11:02:30.162,solana,48.657,130.0702,,127.4581,126.1505,0.3154
1769342586073,126.5211,1764258048.2136,2026-01-25 12:03:06.073,solana,44.8401,129.9761,,127.4594,126.1315,0.3205
1769346096573,126.7732,1788607396.3413,2026-01-25 13:01:36.573,solana,49.0128,129.8839,,127.4561,126.1286,0.3142
1769349739722,126.7541,1807064149.7802,2026-01-25 14:02:19.722,solana,48.7126,129.7915,,127.4376,126.123,0.3131
1769353382125,125.8244,1854735838.4557,2026-01-25 15:03:02.125,solana,36.8588,129.6961,,127.4606,125.9626,0.3675
1769356942930,125.4936,1939141428.4983,2026-01-25 16:02:22.930,solana,33.7153,129.5985,,127.5185,125.739,0.448
1769360564898,122.4835,2606211633.2345,2026-01-25 17:02:44.898,solana,18.3661,129.4822,,128.3888,124.4055,0.9685
1769364058915,122.1118,2893473704.0831,2026-01-25 18:00:58.915,solana,17.3178,129.3627,,128.8679,123.4451,1.3147
1769367710099,121.4128,3280977387.534,2026-01-25 19:01:50.099,solana,15.5229,129.2358,,129.2001,122.5132,1.6364
1769371346099,118.4975,3977818135.86,2026-01-25 20:02:26.099,solana,10.5926,129.094,,130.0122,120.8469,2.233
1769375004869,118.1643,4843762930.2268,2026-01-25 21:03:24.869,solana,10.1941,128.95,,130.4845,119.4859,2.6893
1769378516954,118.3344,5228976797.7321,2026-01-25 22:01:56.954,solana,12.014,128.8054,,130.6881,118.4238,3.0203
1769382089046,118.1215,5400018043.4189,2026-01-25 23:01:29.046,solana,11.6947,128.6591,,130.7558,117.4816,3.2795
1769385731835,118.7906,5639242146.282,2026-01-26 00:02:11.835,solana,18.9852,128.5445,,130.6733,116.8024,3.4403
1769389272524,119.3903,5537507510.1679,2026-01-26 01:01:12.524,solana,24.965,128.4592,,130.424,116.3273,3.5235
1769392954641,122.06,6167512014.5875,2026-01-26 02:02:34.641,solana,44.5763,128.3904,,130.0427,116.2445,3.4837
1769396529028,121.9527,6224219319.8771,2026-01-26 03:02:09.028,solana,44.0778,128.3202,,129.6543,116.1772,3.4353
1769400098776,121.215,6329342128.6155,2026-01-26 04:01:38.776,solana,40.7065,128.245,,129.2562,116.0693,3.4092
1769403726706,122.4781,6425097508.4927,2026-01-26 05:02:06.706,solana,48.0354,128.1783,,128.8901,116.0772,3.3377
1769407234772,122.3746,6477386052.3836,2026-01-26 06:00:34.772,solana,47.5172,128.1131,,128.4109,116.1426,3.2524
1769410937805,122.3607,6531689245.298,2026-01-26 07:02:17.805,solana,47.4431,128.0494,,127.8328,116.2786,3.1643
1769414504445,122.6437,6659819890.0246,2026-01-26 08:01:44.445,solana,49.1794,127.9853,,127.2754,116.4483,3.0755
1769418099042,122.5411,6675382932.99,2026-01-26 09:01:39.042,solana,48.553,127.9182,,126.5894,116.7111,2.9874
1769421706631,121.8217,6700320789.5423,2026-01-26 10:01:46.631,solana,44.2942,127.8482,,125.7565,117.0507,2.8632
1769425465045,122.3739,6765819078.3697,2026-01-26 11:04:25.045,solana,48.06,127.7811,,125.118,117.3442,2.6991
1769428845816,122.3669,6804803742.6544,2026-01-26 12:00:45.816,solana,48.0159,127.7118,,124.4857,117.6638,2.5315
1769432556572,122.5142,6862924092.6359,2026-01-26 13:02:36.572,solana,49.0799,127.6438,,124.4898,117.6627,2.3175
1769436147783,123.039,6940296643.7813,2026-01-26 14:02:27.783,solana,52.7879,127.5807,,124.6155,117.6298,2.081
1769439786592,123.3884,7220351781.8548,2026-01-26 15:03:06.592,solana,55.1306,127.5205,,124.8506,117.5923,1.919
1769443274775,123.4297,7418626829.4567,2026-01-26 16:01:14.775,solana,55.4121,127.4608,,124.9921,117.944,1.7728
1769446846045,124.3123,7015458398.8145,2026-01-26 17:00:46.045,solana,61.0399,127.4019,,125.163,118.3879,1.8582
1769450505175,124.091,6859420021.3393,2026-01-26 18:01:45.175,solana,59.0278,127.3418,,125.2015,118.9251,1.9297
1769454236387,124.7712,6712442067.365,2026-01-26 19:03:56.387,solana,63.0582,127.2856,,125.1824,119.6091,2.0366
1769457793821,124.2551,5982725066.5124,2026-01-26 20:03:13.821,solana,58.3668,127.2252,,125.0267,120.3113,1.9801
1769461318282,123.498,5217011068.1729,2026-01-26 21:01:58.282,solana,52.2282,127.1593,,124.7122,121.0366,1.8304
1769464855041,124.4392,4971833217.403,2026-01-26 22:00:55.041,solana,58.1243,127.1021,,124.9112,121.0755,1.693
1769468498072,124.5137,4861003677.9543,2026-01-26 23:01:38.072,solana,58.5606,127.05,,125.0856,121.1572,1.4751
1769472224223,124.0981,4614641514.2227,2026-01-27 00:03:44.223,solana,55.1135,126.9949,,125.0653,121.4658,1.2445
1769475709033,123.9223,4449915726.6534,2026-01-27 01:01:49.033,solana,53.6738,126.9371,,125.1211,121.5544,1.008
1769479356743,124.168,4256626842.7548,2026-01-27 02:02:36.743,solana,55.4256,126.8792,,125.1883,121.6666,1.0051
1769482835961,124.8292,4208160539.6583,2026-01-27 03:00:35.961,solana,59.829,126.8256,,125.3411,121.7606,1.0224
1769486554978,124.3351,4160646526.2871,2026-01-27 04:02:34.978,solana,55.4228,126.7661,,125.406,121.8648,0.9394
1769490029589,124.2841,4065920256.4212,2026-01-27 05:00:29.589,solana,54.9732,126.7122,,125.4399,122.0052,0.9313
1769493692296,124.2569,4071251159.9854,2026-01-27 06:01:32.296,solana,54.7182,126.6599,,125.3358,122.3529,0.9101
1769497239329,124.0848,4031718110.0078,2026-01-27 07:00:39.329,solana,53.0407,126.6159,,125.2619,122.5979,0.8759
1769500943095,124.3244,3993789073.5084,2026-01-27 08:02:23.095,solana,55.1039,126.5754,,125.1584,122.897,0.8576
1769504494578,123.9612,3920037714.5397,2026-01-27 09:01:34.578,solana,51.4155,126.5466,,124.9947,123.2055,0.8198
1769508067993,123.6912,3914956084.3798,2026-01-27 10:01:07.993,solana,48.8004,126.5169,,124.91,123.3554,0.7049
1769511670715,123.6032,3852201861.1116,2026-01-27 11:01:10.715,solana,47.9448,126.485,,124.8844,123.4024,0.6321
1769515296554,123.9551,3847038851.7691,2026-01-27 12:01:36.554,solana,51.5999,126.4567,,124.8417,123.4977,0.5382
1769518885683,123.7746,3805289844.394,2026-01-27 13:01:25.683,solana,49.6734,126.4244,,124.8326,123.453,0.4405
1769522449766,123.0526,3755770287.5018,2026-01-27 14:00:49.766,solana,42.7893,126.3921,,124.9289,123.2529,0.4392
1769526026743,123.4831,3662722391.7427,2026-01-27 15:00:26.743,solana,47.4646,126.3609,,124.8432,123.2098,0.4334
1769529690323,124.5728,3478282548.4607,2026-01-27 16:01:30.323,solana,57.0347,126.3435,,124.888,123.1967,0.4254
1769533316601,126.1105,3576651277.5235,2026-01-27 17:01:56.601,solana,66.3507,126.34,,125.3743,122.9717,0.5913
1769536912698,123.8183,3665958182.28,2026-01-27 18:01:52.698,solana,49.219,126.3227,,125.3462,122.9377,0.5955
1769540421020,125.4627,3707499297.7695,2026-01-27 19:00:21.020,solana,57.6642,126.3135,,125.517,122.8618,0.6414
1769544111793,125.633,3682280562.0211,2026-01-27 20:01:51.793,solana,58.4348,126.3054,,125.7338,122.7985,0.7061
1769547663453,127.063,3869539713.5293,2026-01-27 21:01:03.453,solana,64.3118,126.3012,,126.3196,122.5268,0.8926
1769551282588,126.9206,3931140598.2502,2026-01-27 22:01:22.588,solana,63.3509,126.3009,,126.7414,122.3803,1.0311
1769554896940,127.4368,3968662783.3831,2026-01-27 23:01:36.940,solana,65.3702,126.3095,,127.2065,122.1759,1.1931
1769558436916,127.0759,3974778639.1626,2026-01-28 00:00:36.916,solana,62.7663,126.317,,127.5418,122.1146,1.2878
1769562100610,126.9622,4015471596.2191,2026-01-28 01:01:40.610,solana,61.9294,126.3156,,127.8158,122.1085,1.3515
1769565668632,126.8339,4008409253.3811,2026-01-28 02:01:08.632,solana,60.9422,126.3128,,128.0369,122.1451,1.4001
1769569327555,126.8746,3960669600.4719,2026-01-28 03:02:07.555,solana,61.1535,126.3129,,128.2362,122.2248,1.4518
1769572944167,126.7719,3915100985.9782,2026-01-28 04:02:24.167,solana,60.2662,126.3088,,128.4,122.3057,1.4833
1769576507623,126.6269,3918404111.3221,2026-01-28 05:01:47.623,solana,58.9662,126.3027,,128.5113,122.461,1.4997
1769580100646,126.5634,3908447647.7569,2026-01-28 06:01:40.646,solana,58.3715,126.2913,,128.572,122.6875,1.5062
1769583709346,127.179,3928129527.0903,2026-01-28 07:01:49.346,solana,62.3343,126.286,,128.6699,122.9472,1.5246
1769587282323,126.9971,3941845743.9009,2026-01-28 08:01:22.323,solana,60.5012,126.283,,128.7338,123.1875,1.5333
1769590835362,126.7151,3935626637.5072,2026-01-28 09:00:35.362,solana,57.6709,126.281,,128.7081,123.5073,1.5081
1769594530559,127.1683,3968830321.4201,2026-01-28 10:02:10.559,solana,60.8416,126.2796,,128.5385,124.0884,1.4718
1769598136865,127.1572,4029564833.8248,2026-01-28 11:02:16.865,solana,60.7215,126.2761,,128.3291,124.6652,1.4123
1769601665068,127.8483,4162434366.3006,2026-01-28 12:01:05.068,solana,65.3084,126.2793,,128.356,124.9659,1.3896
1769605305146,127.053,4209481494.7412,2026-01-28 13:01:45.146,solana,57.0518,126.2784,,128.3917,125.0244,1.3022
1769608890733,127.2165,4343668247.1854,2026-01-28 14:01:30.733,solana,58.2215,126.2797,133.4714,127.9271,125.8289,1.1134
1769612491799,126.6544,4308559253.8975,2026-01-28 15:01:31.799,solana,52.8892,126.2636,133.4757,127.7717,126.1034,0.9121
1769616091587,125.934,4394537527.524,2026-01-28 16:01:31.587,solana,46.9546,126.2379,133.4792,127.6982,126.207,0.8171
1769619703862,125.8272,4135696081.671,2026-01-28 17:01:43.862,solana,46.128,126.2364,133.4826,127.7805,126.0011,0.8275
1769623307766,126.4454,4025562039.4095,2026-01-28 18:01:47.766,solana,51.4539,126.2345,133.4865,127.7774,125.9567,0.5689
1769626921895,125.7535,3958697801.0738,2026-01-28 19:02:01.895,solana,45.9752,126.2241,133.4904,127.7746,125.7911,0.5423
1769630476132,126.0231,4042198822.4476,2026-01-28 20:01:16.132,solana,48.2865,126.1928,133.4948,127.765,125.6955,0.5114
1769634100493,125.3939,3918366611.2687,2026-01-28 21:01:40.493,solana,43.5997,126.1603,133.4981,127.8319,125.4718,0.5821
1769637706977,125.492,3877229735.1794,2026-01-28 22:01:46.977,solana,44.5043,126.1276,133.5011,127.8642,125.3053,0.6323
1769641280297,125.5042,3831539211.095,2026-01-28 23:01:20.297,solana,44.623,126.0973,133.5041,127.8708,125.1617,0.6527
1769644877161,125.0926,3822257972.7011,2026-01-29 00:01:17.161,solana,41.3995,126.0713,133.5069,127.9151,124.9494,0.711
1769648485357,124.8056,3815265526.0574,2026-01-29 01:01:25.357,solana,39.2691,126.0402,133.5095,127.9805,124.7019,0.7831
1769652093048,124.1835,3847268545.6434,2026-01-29 02:01:33.048,solana,35.0581,126.0057,133.5111,128.1069,124.3375,0.8995
1769655792195,123.2228,3964548326.8557,2026-01-29 03:03:12.195,solana,29.7526,125.9673,133.5117,128.2631,123.7857,1.0878
1769659229064,122.8981,4118967515.2786,2026-01-29 04:00:29.064,solana,28.1993,125.9265,133.5107,128.3903,123.2486,1.2647
1769662891146,123.2444,4143766984.07,2026-01-29 05:01:31.146,solana,32.2611,125.8847,133.5099,128.4126,122.8792,1.3744
1769666473017,123.1214,4154210847.7524,2026-01-29 06:01:13.017,solana,31.5776,125.8438,133.5097,128.3248,122.5623,1.4726
1769670071865,123.3024,4145384863.0216,2026-01-29 07:01:11.865,solana,33.8005,125.8028,133.5091,128.1633,122.3383,1.516
1769673646322,123.6861,4146721054.0937,2026-01-29 08:00:46.322,solana,38.3691,125.7667,133.5088,127.7721,122.3133,1.5286
1769677335623,123.0975,4136820554.1729,2026-01-29 09:02:15.623,solana,34.4421,125.7268,133.5066,127.536,122.1539,1.5716
1769680870862,122.9182,4054449431.7164,2026-01-29 10:01:10.862,solana,33.3228,125.6844,133.5042,127.2136,122.0465,1.5861
1769684517148,123.0055,3998740536.7287,2026-01-29 11:01:57.148,solana,34.4395,125.6425,133.5022,126.9475,121.9476,1.5758
1769688137171,122.6201,3995092151.7592,2026-01-29 12:02:17.171,solana,31.8995,125.5988,133.5001,126.805,121.7588,1.5113
1769691704512,122.5687,3909194547.8684,2026-01-29 13:01:44.512,solana,31.5654,125.5547,133.4981,126.6427,121.5952,1.4831
1769695284069,122.6442,3810109943.4576,2026-01-29 14:01:24.069,solana,32.6816,125.5148,133.496,126.2905,121.5673,1.4109
1769698819265,120.7538,3926315863.8219,2026-01-29 15:00:19.265,solana,22.6978,125.4708,133.4903,126.263,121.0948,1.4962
1769702400397,116.8831,4625140311.0521,2026-01-29 16:00:00.397,solana,13.5622,125.4063,133.4791,126.9609,119.4829,2.0445
1769706022691,118.2814,5120310970.8017,2026-01-29 17:00:22.691,solana,25.2644,125.3501,133.4691,127.0391,118.6935,2.269
1769709766087,117.8158,5328083282.7504,2026-01-29 18:02:46.087,solana,24.0949,125.2872,133.4596,127.0152,117.9498,2.4383
1769713338559,116.0224,5735849021.859,2026-01-29 19:02:18.559,solana,20.2129,125.2157,133.448,127.1237,116.8931,2.7517
1769716892943,116.6458,5946881758.3902,2026-01-29 20:01:32.943,solana,24.7512,125.1416,133.4371,126.9992,116.1729,2.907
1769720500167,116.8126,6025389435.3628,2026-01-29 21:01:40.167,solana,25.9647,125.0725,133.4273,126.7673,115.6054,3.0246
1769724092029,117.2616,6107190138.1707,2026-01-29 22:01:32.029,solana,29.2706,125.0064,133.4183,126.4929,115.1877,3.0612
1769727700857,117.5203,6169317418.4581,2026-01-29 23:01:40.857,solana,31.1784,124.9415,133.409,126.2732,114.8371,3.0427
1769731300304,117.6175,6228789001.7746,2026-01-30 00:01:40.304,solana,31.9211,124.878,133.3989,126.0397,114.5426,3.0076
1769734925016,117.5383,6305211501.5907,2026-01-30 01:02:05.016,solana,31.6215,124.8141,133.3889,125.7059,114.3057,2.9598
1769738578252,114.8098,6983569914.6657,2026-01-30 02:02:58.252,solana,23.4571,124.7318,133.374,125.5282,113.6524,3.0782
1769742130355,113.7708,7259613389.1465,2026-01-30 03:02:10.355,solana,21.2111,124.6463,133.3575,125.3078,112.9195,3.2705
1769745679256,114.3157,7317931691.1766,2026-01-30 04:01:19.256,solana,25.2529,124.5614,133.342,124.8024,112.4879,3.3826
1769749279987,115.4179,7505992139.5727,2026-01-30 05:01:19.987,solana,32.7663,124.4802,133.3283,124.2144,112.308,3.3759
1769752895968,115.385,7567512782.2569,2026-01-30 06:01:35.968,solana,32.6607,124.4026,133.3142,123.5582,112.2109,3.3445
1769756505100,113.6891,7710525881.0153,2026-01-30 07:01:45.100,solana,27.707,124.3191,133.2975,122.8591,111.9783,3.3549
1769760053459,115.6447,7966233705.4073,2026-01-30 08:00:53.459,solana,39.1657,124.2471,133.2833,122.0025,112.1374,3.1997
1769763689399,115.2209,8012416313.1955,2026-01-30 09:01:29.399,solana,37.7687,124.1768,133.2692,120.9951,112.41,3.0596
1769767276649,115.2008,8179410176.8962,2026-01-30 10:01:16.649,solana,37.6997,124.1071,133.2543,119.6863,112.9744,2.8899
1769770827572,115.623,8300180060.2633,2026-01-30 11:00:27.572,solana,40.1619,124.0386,133.2397,118.7545,113.3931,2.6495
1769774510008,116.3753,8492050958.8914,2026-01-30 12:01:50.008,solana,44.3792,123.973,133.2256,118.7075,113.3894,2.3747
1769778079753,116.0231,8405406868.4173,2026-01-30 13:01:19.753,solana,42.8562,123.9067,133.2117,118.3896,113.4814,2.0386
1769781751725,115.5901,8509431429.9254,2026-01-30 14:02:31.725,solana,40.9939,123.84,133.197,118.1242,113.5243,1.5789
1769785348305,116.1621,8506183004.1103,2026-01-30 15:02:28.305,solana,44.4294,123.7823,133.1839,118.1344,113.528,1.2557
1769788882447,116.5185,7822641594.0505,2026-01-30 16:01:22.447,solana,46.519,123.7168,133.1714,118.1197,113.53,1.2476
1769792546947,116.8598,7573438116.2917,2026-01-30 17:02:26.947,solana,48.5154,123.648,133.1606,118.1262,113.5282,1.1684
1769796069875,116.5929,7378895880.4758,2026-01-30 18:01:09.875,solana,47.0367,123.5764,133.1492,118.0269,113.5607,1.1107
1769799710582,117.475,7315117163.4027,2026-01-30 19:01:50.582,solana,52.2201,123.5081,133.1393,118.0177,113.5654,1.154
1769803315793,118.3835,7263131507.4636,2026-01-30 20:01:55.793,solana,56.8986,123.4515,133.131,118.2019,113.4578,1.2468
1769806914150,116.8525,7372696234.5269,2026-01-30 21:01:54.150,solana,48.3128,123.3926,133.1212,118.0862,113.5048,1.2479
1769810514954,117.2692,7335861778.3638,2026-01-30 22:01:54.954,solana,50.5021,123.3343,133.1117,118.2481,113.5889,1.2482
1769814039973,117.0999,7294886009.6778,2026-01-30 23:00:39.973,solana,49.5835,123.2726,133.1013,118.2466,113.9233,1.2299
1769817643513,117.3531,7220513408.0978,2026-01-31 00:00:43.513,solana,51.0186,123.2135,133.0914,118.3047,114.169,1.2164
1769821314772,117.4384,7171109558.4539,2026-01-31 01:01:54.772,solana,51.5196,123.155,133.0809,118.433,114.2427,1.2113
1769824840334,117.9935,6501448738.2887,2026-01-31 02:00:40.334,solana,54.7607,123.0993,133.0713,118.6335,114.303,1.2441
1769828532280,118.2091,6096134078.8826,2026-01-31 03:02:12.280,solana,55.9917,123.0439,133.0619,118.5772,114.8113,1.1999
1769832092067,118.1356,5935020668.2362,2026-01-31 04:01:32.067,solana,55.4382,122.9869,133.0525,118.7368,114.9009,1.1696
1769835698755,118.2157,5751582388.7103,2026-01-31 05:01:38.755,solana,55.9493,122.9309,133.0434,118.831,115.1062,1.194
1769839377044,118.4187,5734787644.1352,2026-01-31 06:02:57.044,solana,57.2866,122.8763,133.0342,118.9072,115.3517,1.2159
1769842858556,118.2604,5654697070.4266,2026-01-31 07:00:58.556,solana,55.8627,122.8215,133.0252,118.9622,115.5605,1.0615
1769846583859,117.1868,5471626595.4368,2026-01-31 08:03:03.859,solana,47.2771,122.7631,133.0155,118.9543,115.6495,1.0248
1769850203732,115.0685,5923534958.4583,2026-01-31 09:03:23.732,solana,35.6384,122.6913,133.0025,119.0959,115.4125,1.0368
1769853761906,116.2121,5852787158.4675,2026-01-31 10:02:41.906,solana,43.6966,122.6277,132.9905,119.0321,115.5384,0.9789
1769857334259,116.573,5795359328.5621,2026-01-31 11:02:14.259,solana,45.9948,122.5657,132.979,119.0084,115.6032,0.9368
1769860934471,115.8948,5761919851.3339,2026-01-31 12:02:14.471,solana,42.4854,122.4998,132.9665,119.0549,115.4944,0.9578
1769864498818,115.033,5719266801.8745,2026-01-31 13:01:38.818,solana,38.4689,122.4278,132.9529,119.2097,115.1568,1.024
1769868122335,113.8392,5761040208.6227,2026-01-31 14:02:02.335,solana,33.7143,122.3499,132.938,119.5351,114.5561,1.1816
1769871806451,108.9578,6553736182.531,2026-01-31 15:03:26.451,solana,21.8317,122.2425,132.9163,120.923,112.3165,2.0146
1769875325169,108.7194,6641392761.937,2026-01-31 16:02:05.169,solana,21.4344,122.1355,132.894,121.5628,110.7102,2.5863
1769878915247,106.1867,7060865041.0762,2026-01-31 17:01:55.247,solana,17.7404,122.0126,132.8689,122.5318,108.6747,3.3089
1769882559977,103.1893,8306352871.2459,2026-01-31 18:02:39.977,solana,14.5455,121.8709,132.8385,123.6336,106.1649,4.1971
1769886149951,101.6808,9042772962.9439,2026-01-31 19:02:29.951,solana,13.2521,121.719,132.8059,124.5152,103.7414,5.0066
1769889745611,101.8666,9437453382.7046,2026-01-31 20:02:25.611,solana,14.2631,121.5685,132.7729,124.9073,101.8007,5.5772
1769893399568,101.7111,9481750466.1283,2026-01-31 21:03:19.568,solana,14.1148,121.4173,132.7403,125.0087,100.1265,6.0731
1769896928200,103.3858,9716453637.0485,2026-01-31 22:02:08.200,solana,23.358,121.2772,132.7099,124.6286,99.0458,6.3394
1769900490306,103.9036,9880133866.7866,2026-01-31 23:01:30.306,solana,26.0095,121.1373,132.6794,124.0077,98.2362,6.5179
1769904119442,105.4115,10187853783.3066,2026-02-01 00:01:59.442,solana,33.2514,121.0085,132.6497,123.1785,97.793,6.5651
1769907745658,105.5993,10167231018.8496,2026-02-01 01:02:25.658,solana,34.1163,120.8808,132.6205,122.1975,97.5124,6.5622
1769911296885,104.8426,10350087840.2216,2026-02-01 02:01:36.885,solana,32.3002,120.7494,132.5911,121.0443,97.308,6.5224
1769915036289,105.5306,10212651975.9803,2026-02-01 03:03:56.289,solana,35.6539,120.6224,132.5622,119.7372,97.3421,6.3989
1769918568042,104.8293,10205716263.3512,2026-02-01 04:02:48.042,solana,33.8149,120.494,132.5306,118.4885,97.355,6.2526
1769922115276,105.1998,10177856350.4593,2026-02-01 05:01:55.276,solana,35.702,120.3664,132.5005,117.5253,97.3313,6.0339
1769925769435,104.6137,10237037293.1929,2026-02-01 06:02:49.435,solana,34.0483,120.2349,132.4692,116.1628,97.534,5.7547
1769929282409,104.9977,10153965526.3934,2026-02-01 07:01:22.409,solana,36.1356,120.1069,132.4383,114.4665,98.0727,5.4014
1769932936940,105.3135,10427479530.2734,2026-02-01 08:02:16.940,solana,37.8765,119.9821,132.4082,112.6488,98.8323,5.0494
1769936540917,105.3883,9809916893.4292,2026-02-01 09:02:20.917,solana,38.3055,119.8591,132.3772,110.6942,99.8225,4.7937
1769940083902,105.5343,9916368617.9153,2026-02-01 10:01:23.902,solana,39.1881,119.7342,132.3442,108.6045,101.0817,4.383
1769943667187,104.0538,10104640523.5112,2026-02-01 11:01:07.187,solana,33.8921,119.5989,132.3099,107.8607,101.3351,3.8569
1769947263624,104.9543,9786274577.9281,2026-02-01 12:01:03.624,solana,39.2685,119.4705,132.2779,107.0803,101.739,3.2428
1769950884787,104.774,9990000999.566,2026-02-01 13:01:24.787,solana,38.5915,119.3396,132.2451,106.8899,101.7881,2.5493
1769954488968,104.4016,9993284267.7795,2026-02-01 14:01:28.968,solana,37.1669,119.2065,132.2118,106.8954,101.9038,1.7634
1769958138243,102.8841,9354493412.684,2026-02-01 15:02:18.243,solana,31.9852,119.07,132.1758,106.7391,102.1804,1.5643
1769961713221,101.5931,9268006495.0683,2026-02-01 16:01:53.221,solana,28.3622,118.9277,132.1377,106.7899,102.1023,1.4048
1769965329647,101.6283,8785316057.7543,2026-02-01 17:02:09.647,solana,28.5997,118.8036,132.0976,106.8053,102.0787,1.4385
1769968938272,102.135,7535701970.2847,2026-02-01 18:02:18.272,solana,32.0896,118.6847,132.0574,106.9114,101.8475,1.4815
1769972494498,103.1774,6578847071.1033,2026-02-01 19:01:34.498,solana,38.7248,118.5761,132.0193,106.9217,101.7645,1.4089
1769976066931,101.8513,5784960748.6699,2026-02-01 20:01:06.931,solana,34.1531,118.477,131.978,106.9103,101.4199,1.4099
1769979687373,101.5195,5692071734.1312,2026-02-01 21:01:27.373,solana,33.1001,118.378,131.9371,106.8522,101.0701,1.4243
1769983313772,100.9669,5649576511.0654,2026-02-01 22:01:53.772,solana,31.3657,118.2746,131.8942,106.9051,100.6296,1.5541
1769986967480,101.6757,5653778865.6624,2026-02-01 23:02:47.480,solana,35.9983,118.1767,131.851,106.729,100.4202,1.6228
1769990502007,100.8056,5944386424.9056,2026-02-02 00:01:42.007,solana,33.0494,118.0696,131.8076,106.6911,100.0557,1.7029
1769994151492,102.1747,6161348525.6065,2026-02-02 01:02:31.492,solana,41.2101,117.9672,131.7654,106.468,99.9763,1.6782
1769997652208,102.115,6320968686.9133,2026-02-02 02:00:52.208,solana,40.9756,117.8485,131.7231,106.3114,99.883,1.6781
1770001338663,100.7359,6409372384.4596,2026-02-02 03:02:18.663,solana,35.8937,117.7222,131.6784,106.131,99.6373,1.7014
1770004946823,99.766,6839130953.4715,2026-02-02 04:02:26.823,solana,32.8113,117.5945,131.6325,105.9231,99.2904,1.8042
1770008536561,100.3574,7446786833.9995,2026-02-02 05:02:16.561,solana,36.3976,117.4628,131.5881,105.5505,99.1599,1.8195
1770012202724,98.1841,7718408804.4288,2026-02-02 06:03:22.724,solana,30.0501,117.3188,131.5414,105.3235,98.6518,2.006
1770015757518,100.3511,8337239296.5361,2026-02-02 07:02:37.518,solana,41.0834,117.1878,131.4987,105.0695,98.5356,1.9827
1770019427581,101.4741,8605506731.0666,2026-02-02 08:03:47.581,solana,45.8502,117.0618,131.459,104.5588,98.6983,1.8855
1770022972786,101.7399,8777381770.1648,2026-02-02 09:02:52.786,solana,46.9443,116.938,131.4188,104.0299,98.9238,1.759
1770026573798,102.7338,9053010338.4729,2026-02-02 10:02:53.798,solana,50.9363,116.8244,131.3792,103.6508,99.1361,1.6028
1770030177569,102.7485,9014722204.6848,2026-02-02 11:02:57.569,solana,50.9952,116.7076,131.34,103.6268,99.1466,1.5484
1770033784024,102.853,9045610170.2547,2026-02-02 12:03:04.024,solana,51.4399,116.5914,131.3014,103.7786,99.1208,1.4202
1770037374598,103.1609,9083808537.5482,2026-02-02 13:02:54.598,solana,52.8003,116.4762,131.2631,103.9716,99.081,1.3058
1770041004802,103.1975,8999848798.0326,2026-02-02 14:03:24.802,solana,52.9688,116.3581,131.2242,104.1197,99.0392,1.218
1770044560165,103.9927,8950092655.5941,2026-02-02 15:02:40.165,solana,56.5969,116.2427,131.1857,104.2848,98.9556,1.2856
1770048165460,104.6173,9106682761.1203,2026-02-02 16:02:45.460,solana,59.2554,116.1307,131.1482,104.7266,98.7904,1.4157
1770051848959,104.9808,8982694299.7426,2026-02-02 17:04:08.959,solana,60.762,116.0156,131.1109,105.211,98.6521,1.5535
1770055377908,104.6956,8966365827.5233,2026-02-02 18:02:57.908,solana,58.921,115.9002,131.0733,105.576,98.66,1.6501
1770058810294,104.4774,8855788432.9021,2026-02-02 19:00:10.294,solana,57.4865,115.7794,131.0351,105.8572,98.659,1.7081
1770062563090,103.7755,8902382502.356,2026-02-02 20:02:43.090,solana,53.0139,115.6575,130.9963,105.9988,98.8144,1.7392
1770066157640,103.7288,8780113565.5639,2026-02-02 21:02:37.640,solana,52.72,115.5398,130.9572,106.12,98.8485,1.7593
1770069796448,104.7663,8594695273.4833,2026-02-02 22:03:16.448,solana,58.2565,115.4227,130.9183,106.3801,98.8535,1.8041
1770073240651,104.8625,8451194977.2895,2026-02-02 23:00:40.651,solana,58.7391,115.3057,130.8792,106.6038,99.0425,1.86
1770076947683,104.4223,7758675181.3257,2026-02-03 00:02:27.683,solana,55.5737,115.1886,130.8391,106.6223,99.4897,1.8552
1770080516152,103.9007,7520321901.8973,2026-02-03 01:01:56.152,solana,51.9987,115.0694,130.7967,106.5916,99.8747,1.8655
1770084152448,104.1352,7322048013.0638,2026-02-03 02:02:32.448,solana,53.4482,114.9502,130.7558,105.978,101.0834,1.8779
1770087752687,102.5303,7169715040.0258,2026-02-03 03:02:32.687,solana,43.7152,114.8174,130.7126,105.6695,101.6099,1.8228
1770091318750,103.9757,6537913071.007,2026-02-03 04:01:58.750,solana,52.1643,114.6963,130.6702,105.5374,101.9921,1.6987
1770094992375,104.6017,6190045340.6778,2026-02-03 05:03:12.375,solana,55.2941,114.5791,130.629,105.4507,102.365,1.6139
1770098665010,103.7714,5799344839.7139,2026-02-03 06:04:25.010,solana,50.5678,114.4572,130.5865,105.4081,102.5113,1.1855
1770102069485,103.8947,5199355866.6013,2026-02-03 07:01:09.485,solana,51.2345,114.337,130.5449,105.3557,102.6783,0.9692
1770105674014,104.5675,4858525986.9509,2026-02-03 08:01:14.014,solana,54.8151,114.2194,130.5041,105.3486,102.8568,0.8582
1770109423238,104.1204,4721539662.0211,2026-02-03 09:03:43.238,solana,52.0785,114.1013,130.4626,105.3194,102.9821,0.7337
1770112890688,103.0711,4304563343.9223,2026-02-03 10:01:30.688,solana,46.2436,113.9785,130.4193,105.3348,102.954,0.7125
1770116418871,102.6995,4204460625.1145,2026-02-03 11:00:18.871,solana,44.3486,113.8541,130.3749,105.4263,102.7332,0.7162
1770120051928,103.0683,4261319271.3977,2026-02-03 12:00:51.928,solana,46.6842,113.7298,130.3315,105.3937,102.6109,0.7031
1770123772514,103.0802,4212032506.2511,2026-02-03 13:02:52.514,solana,46.7612,113.6066,130.2882,105.2778,102.5367,0.7072
1770127349385,103.2735,4444657003.5941,2026-02-03 14:02:29.385,solana,48.0837,113.4889,130.245,105.1831,102.4892,0.7038
1770130930233,101.1729,4257873470.3482,2026-02-03 15:02:10.233,solana,37.255,113.3561,130.1983,105.4149,101.9269,0.9046
1770134509419,102.1998,4249469985.1642,2026-02-03 16:01:49.419,solana,43.9057,113.2229,130.1533,105.4488,101.7355,0.948
1770138042271,100.8099,4342954104.2617,2026-02-03 17:00:42.271,solana,38.0301,113.0723,130.1058,105.6612,101.2311,1.0834
1770141708625,99.1287,4464402646.1943,2026-02-03 18:01:48.625,solana,32.3848,112.9253,130.0561,105.9871,100.3415,1.3851
1770145353958,96.897,4879060319.2449,2026-02-03 19:02:33.958,solana,26.7154,112.7553,130.0044,106.5887,98.9434,1.8867
1770148938534,98.8336,5336291948.1904,2026-02-03 20:02:18.534,solana,37.0192,112.5958,129.9564,106.5908,98.3824,2.0621
1770152551107,100.7725,5713185156.4468,2026-02-03 21:02:31.107,solana,45.3098,112.4393,129.9101,106.4453,98.2151,2.093
1770156077544,100.1201,5785866600.0815,2026-02-03 22:01:17.544,solana,43.2467,112.2798,129.8633,106.2645,97.9944,2.1074
1770159704877,98.5254,5950039429.9666,2026-02-03 23:01:44.877,solana,38.6183,112.1077,129.8141,106.3455,97.5129,2.1933
1770163283516,97.6772,6145139761.0977,2026-02-04 00:01:23.516,solana,36.3877,111.9327,129.7639,106.2924,96.9361,2.3285
1770166970567,98.2306,6308503482.6,2026-02-04 01:02:50.567,solana,38.8686,111.7617,129.7123,105.9844,96.607,2.4083
1770170501276,98.977,6368235092.9144,2026-02-04 02:01:41.276,solana,42.1462,111.5959,129.6597,105.704,96.408,2.4131
1770174133956,97.6551,6433141989.3122,2026-02-04 03:02:13.956,solana,38.2363,111.4219,129.6053,105.4255,96.0625,2.5252
1770177673464,99.0008,6386753748.4454,2026-02-04 04:01:13.464,solana,43.9381,111.2566,129.553,104.8577,96.0736,2.4998
1770181268029,98.0842,6367747501.4108,2026-02-04 05:01:08.029,solana,41.1515,111.0867,129.5009,104.3339,95.9939,2.4553
1770184853464,97.1055,6514453539.6354,2026-02-04 06:00:53.464,solana,38.3544,110.9114,129.4478,104.0145,95.7167,2.4835
1770188487604,98.1826,6572702923.0833,2026-02-04 07:01:27.604,solana,42.9503,110.7388,129.396,103.6359,95.6435,2.421
1770192092513,97.8542,6622744027.7736,2026-02-04 08:01:32.513,solana,41.9242,110.5653,129.3439,103.1186,95.6395,2.2911
1770195688673,97.4833,6539474665.8871,2026-02-04 09:01:28.673,solana,40.7401,110.3913,129.2915,102.5124,95.686,2.1725
1770199271025,97.0363,6535765794.0041,2026-02-04 10:01:11.025,solana,39.2997,110.212,129.2382,101.7246,95.8501,2.1195
1770202879650,96.8728,6546992220.6567,2026-02-04 11:01:19.650,solana,38.7598,110.0317,129.1842,101.4073,95.7373,2.0695
1770206463511,96.0106,6905153453.4852,2026-02-04 12:01:03.511,solana,35.9549,109.8422,129.1292,100.7798,95.7459,2.004
1770210090035,96.2165,6945960233.5243,2026-02-04 13:01:30.035,solana,37.1249,109.6586,129.0753,100.4131,95.6533,1.8758
1770213677950,94.4699,7130656604.0727,2026-02-04 14:01:17.950,solana,31.815,109.4637,129.0208,100.5835,95.017,1.7958
1770217303841,93.5604,7425601717.0948,2026-02-04 15:01:43.841,solana,29.4524,109.2667,128.9631,100.9602,94.3067,1.9342
1770220905925,92.6185,7497526156.8445,2026-02-04 16:01:45.925,solana,27.1999,109.0684,128.9027,101.2499,93.3955,2.0141
1770224518255,91.5809,7706106121.3343,2026-02-04 17:01:58.255,solana,24.9374,108.8646,128.8419,101.198,92.5282,2.2406
1770228097534,91.0714,7807831550.2261,2026-02-04 18:01:37.534,solana,23.8867,108.654,128.7789,101.1603,91.661,2.5252
1770231695221,92.4059,7742707905.1966,2026-02-04 19:01:35.221,solana,31.9719,108.4555,128.7165,101.0542,91.1551,2.6844
1770235375136,94.0661,7651468182.2341,2026-02-04 20:02:55.136,solana,40.4471,108.2653,128.6553,100.8945,90.9538,2.6946
1770238899593,93.0097,7343974890.4517,2026-02-04 21:01:39.593,solana,37.2657,108.0725,128.5927,100.6697,90.6564,2.6221
1770242452663,90.841,7418913616.6694,2026-02-04 22:00:52.663,solana,31.7451,107.8663,128.5266,100.4388,90.0737,2.6957
1770246100928,90.9143,7735857422.1138,2026-02-04 23:01:40.928,solana,32.111,107.6604,128.4601,100.3067,89.5318,2.8033
1770249669916,92.0694,7816547675.384,2026-02-05 00:01:09.916,solana,37.7748,107.4638,128.3964,99.753,89.3923,2.8435
1770253302957,91.68,7652354080.5093,2026-02-05 01:01:42.957,solana,36.6644,107.2666,128.3326,99.3154,89.1895,2.8565
1770256904717,91.8437,7740727716.7964,2026-02-05 02:01:44.717,solana,37.4959,107.0741,128.2692,98.9783,89.0005,2.7894
1770260557460,91.0693,8008160399.8892,2026-02-05 03:02:37.460,solana,35.1446,106.8827,128.2045,98.3847,88.8827,2.805
1770264224703,90.9331,7932487966.9885,2026-02-05 04:03:44.703,solana,34.7318,106.6925,128.1387,97.7585,88.8168,2.7085
1770267814889,91.0904,8414315675.8465,2026-02-05 05:03:34.889,solana,35.6715,106.5011,128.0728,97.0942,88.8419,2.6296
1770271367546,91.0506,8623093892.565,2026-02-05 06:02:47.546,solana,35.5321,106.3102,128.0054,96.4226,88.9148,2.5837
1770274867812,89.94,8709004100.4236,2026-02-05 07:01:07.812,solana,31.7994,106.1116,127.9371,95.7229,88.9213,2.4795
1770278499472,90.6286,8844024788.123,2026-02-05 08:01:39.472,solana,36.27,105.9148,127.8719,95.0743,89.0317,2.3173
1770282142622,91.7114,8711516996.4598,2026-02-05 09:02:22.622,solana,42.6365,105.728,127.8081,94.1691,89.4864,2.1057
1770285722128,92.3423,8861762464.3472,2026-02-05 10:02:02.128,solana,46.0206,105.546,127.7444,93.7446,89.6982,1.8831
1770289312867,90.3508,9050095195.3759,2026-02-05 11:01:52.867,solana,38.3336,105.3516,127.6786,93.4817,89.64,1.6707
1770292817260,89.883,9011955886.6717,2026-02-05 12:00:17.260,solana,36.7794,105.1568,127.6099,93.4126,89.4356,1.5152
1770296584031,89.3001,9283147400.7944,2026-02-05 13:03:04.031,solana,34.8818,104.9587,127.5409,93.5008,89.1193,1.2988
1770300169235,88.3769,9275874418.6168,2026-02-05 14:02:49.235,solana,32.0605,104.7548,127.4704,93.7123,88.6384,1.3091
1770303771905,89.2585,9268317442.5904,2026-02-05 15:02:51.905,solana,37.2775,104.5673,127.3975,93.6197,88.4162,1.2873
1770307367633,84.5884,9680868369.1042,2026-02-05 16:02:47.633,solana,25.9215,104.3751,127.3183,94.0485,87.0397,1.8251
1770310887380,85.38,9912782104.0879,2026-02-05 17:01:27.380,solana,29.8239,104.1792,127.2441,94.1396,86.1856,2.1285
1770314588183,82.8512,9940217242.6143,2026-02-05 18:03:08.183,solana,25.2483,103.9711,127.1693,94.8402,84.686,2.6441
1770318156542,82.3174,9947817245.8529,2026-02-05 19:02:36.542,solana,24.3974,103.7705,127.0925,95.3216,83.3449,3.0537
1770321784313,81.5078,9833082346.6573,2026-02-05 20:03:04.313,solana,23.1243,103.5613,127.0149,95.5502,82.0602,3.3543
1770325432535,78.7384,10592161537.1612,2026-02-05 21:03:52.535,solana,19.3963,103.3347,126.9313,96.0597,80.2565,3.8885
1770328990909,78.9196,10950659525.1054,2026-02-05 22:03:10.909,solana,20.3019,103.1065,126.8459,96.179,78.8448,4.3378
1770332590769,79.8474,11267952120.9542,2026-02-05 23:03:10.769,solana,24.9501,102.8822,126.7624,96.0655,77.8361,4.6158
1770336186068,78.3188,11375810342.6674,2026-02-06 00:03:06.068,solana,22.6102,102.6483,126.6754,95.9749,76.6652,4.8993
1770339764210,75.7586,13266126686.9709,2026-02-06 01:02:44.210,solana,19.3391,102.3996,126.586,95.9757,75.1312,5.321
1770343352028,79.2889,13787715265.6606,2026-02-06 02:02:32.028,solana,33.6039,102.1882,126.5032,95.4079,74.5229,5.3895
1770346971241,76.9364,14222562018.7455,2026-02-06 03:02:51.241,solana,29.8194,101.9689,126.4163,95.0529,73.5775,5.5777
1770350594988,76.2974,14349546440.4656,2026-02-06 04:03:14.988,solana,28.8685,101.7426,126.3286,94.4674,72.7299,5.7428
1770354173614,77.6839,13933782440.7511,2026-02-06 05:02:53.614,solana,33.8017,101.518,126.2438,93.3852,72.4094,5.7541
1770357798555,80.792,14633484451.3046,2026-02-06 06:03:18.555,solana,43.2959,101.3121,126.1638,91.8961,72.7435,5.6037
1770361403242,79.482,14625805672.0196,2026-02-06 07:03:23.242,solana,40.6497,101.1085,126.0813,90.6778,72.8749,5.5107
1770365010261,79.5225,14457083894.1942,2026-02-06 08:03:30.261,solana,40.7702,100.8935,125.9983,89.3845,73.1321,5.3371
1770368560010,79.0066,14549633261.4806,2026-02-06 09:02:40.010,solana,39.665,100.6779,125.9145,88.0275,73.4597,5.0467
1770372074781,81.3279,14709568936.1337,2026-02-06 10:01:14.781,solana,46.6692,100.4763,125.8374,86.7922,73.9902,4.579
1770375794303,80.773,15018088975.4923,2026-02-06 11:03:14.303,solana,45.3149,100.2689,125.7586,84.9224,75.0115,4.2138
1770379411279,81.1146,14502147571.0575,2026-02-06 12:03:31.279,solana,46.3473,100.059,125.6798,84.3129,75.2735,3.8174
1770383014045,81.6255,14491299343.5774,2026-02-06 13:03:34.045,solana,47.9302,99.8542,125.602,83.4416,75.7694,3.4032
1770386484154,83.303,15250842261.1771,2026-02-06 14:01:24.154,solana,52.8492,99.662,125.526,83.5449,75.7113,3.0531
1770390188120,84.1614,15488992487.5405,2026-02-06 15:03:08.120,solana,55.1824,99.4716,125.4515,83.9595,75.4811,2.5633
1770393815701,84.4325,14531476874.3993,2026-02-06 16:03:35.701,solana,55.9241,99.2806,125.38,84.5235,75.2096,2.5524
1770397390241,86.7116,14976434430.3356,2026-02-06 17:03:10.241,solana,61.6682,99.1011,125.312,85.7577,74.7726,2.677
1770400952461,86.8342,14933148345.4646,2026-02-06 18:02:32.461,solana,61.9553,98.924,125.2443,86.8099,74.5119,2.9428
1770404533260,86.3139,14762633947.6556,2026-02-06 19:02:13.260,solana,59.9037,98.7385,125.1762,87.5911,74.3774,3.1493
1770408158784,87.0147,14376998872.3865,2026-02-06 20:02:38.784,solana,61.7413,98.5518,125.1087,88.4009,74.4371,3.3957
1770411794099,87.0258,13970028158.4493,2026-02-06 21:03:14.099,solana,61.7713,98.3742,125.0412,88.864,75.1008,3.5716
1770415413146,87.9842,13022562069.659,2026-02-06 22:03:33.146,solana,64.3599,98.1999,124.9745,89.6527,75.1816,3.7764
1770418954135,89.2774,12919357304.4231,2026-02-06 23:02:34.135,solana,67.5525,98.0343,124.9092,90.3987,75.6697,4.0523
1770422580455,87.4952,12642293149.0675,2026-02-07 00:03:00.455,solana,59.6255,97.8566,124.8414,90.514,76.6742,4.1102
1770426183710,86.6815,10882984400.4708,2026-02-07 01:03:03.710,solana,56.3728,97.6735,124.7719,90.5244,77.5636,3.9313
1770429751501,87.1796,10072444738.9945,2026-02-07 02:02:31.501,solana,57.8873,97.4901,124.7031,90.8007,77.926,3.9407
1770433390300,87.1414,9544051995.3801,2026-02-07 03:03:10.300,solana,57.7217,97.3052,124.6332,90.8807,78.612,3.7722
1770436849550,87.9925,9240039643.4345,2026-02-07 04:00:49.550,solana,60.4356,97.1258,124.5657,90.9632,79.3765,3.5191
1770440617516,87.5529,9139085234.5697,2026-02-07 05:03:37.516,solana,58.3522,96.9432,124.4961,90.7325,80.4618,3.2936
1770444245250,87.7381,8952687430.5113,2026-02-07 06:04:05.250,solana,58.9934,96.7606,124.4285,90.7376,81.0977,3.248
1770447792840,86.9411,8846148124.1412,2026-02-07 07:03:12.840,solana,55.0633,96.5742,124.3618,90.4412,82.0109,3.0579
1770451420456,85.3821,8936162960.2875,2026-02-07 08:03:40.456,solana,48.2871,96.3849,124.292,89.9753,82.9036,2.8074
1770454950458,85.4413,8617698493.5327,2026-02-07 09:02:30.458,solana,48.5458,96.2085,124.2231,89.4447,83.8158,2.4487
1770458604185,85.0576,8416821446.1353,2026-02-07 10:03:24.185,solana,46.9067,96.0231,124.1544,89.2021,84.2338,2.2692
1770462149588,84.9271,8105066309.8952,2026-02-07 11:02:29.588,solana,46.3332,95.8347,124.0848,89.1013,84.4112,2.0056
1770465790285,84.8554,8087174298.132,2026-02-07 12:03:10.285,solana,46.0008,95.65,124.0157,89.0446,84.5102,1.7316
1770469367775,86.1759,8180887133.0039,2026-02-07 13:02:47.775,solana,52.7302,95.4782,123.9495,89.0329,84.4683,1.4306
1770472955240,85.965,7709045756.9035,2026-02-07 14:02:35.240,solana,51.6237,95.3123,123.8825,89.0144,84.3999,1.2747
1770476601763,85.6707,7200873641.9837,2026-02-07 15:03:21.763,solana,50.0455,95.1737,123.8156,89.0208,84.3291,1.188
1770480230317,86.3893,6831358056.3427,2026-02-07 16:03:50.317,solana,53.7625,95.0407,123.7465,88.9873,84.3001,1.0983
1770483820943,86.9387,7342647871.5227,2026-02-07 17:03:40.943,solana,56.4312,94.9262,123.6762,88.9804,84.2983,1.0998
1770487434819,87.463,6893623267.3813,2026-02-07 18:03:54.819,solana,58.8715,94.8326,123.6053,88.905,84.3216,1.1114
1770491008386,88.7964,6795315411.2061,2026-02-07 19:03:28.386,solana,64.3411,94.7559,123.5371,88.7763,84.4022,1.1876
1770494597746,88.2808,6512263294.878,2026-02-07 20:03:17.746,solana,60.9649,94.675,123.4688,88.9056,84.3515,1.2253
1770498184191,88.8199,6216669877.4853,2026-02-07 21:03:04.191,solana,63.1426,94.5983,123.4011,89.2051,84.2658,1.2897
1770501766000,88.2025,6015804431.1256,2026-02-07 22:02:46.000,solana,59.0778,94.5079,123.33,89.3321,84.2411,1.2982
1770505399994,88.2865,5672413942.9355,2026-02-07 23:03:19.994,solana,59.4601,94.4149,123.2599,89.469,84.2187,1.2346
1770509037825,87.6324,5437049917.598,2026-02-08 00:03:57.825,solana,55.1393,94.3091,123.1896,89.424,84.2277,1.2378
1770512659945,87.2261,5301752006.2178,2026-02-08 01:04:19.945,solana,52.583,94.1997,123.1176,89.3933,84.2257,1.2387
1770516225836,87.848,5168272469.385,2026-02-08 02:03:45.836,solana,55.949,94.0986,123.0479,89.4071,84.2229,1.2522
1770519846667,87.1934,5102493827.6164,2026-02-08 03:04:06.667,solana,51.7826,93.9894,122.9761,89.4245,84.2307,1.2526
1770523411763,86.8321,4951365038.7925,2026-02-08 04:03:31.763,solana,49.587,93.8823,122.9014,89.4111,84.3892,1.2329
1770526988303,87.1786,4694132741.3886,2026-02-08 05:03:08.303,solana,51.7016,93.775,122.8285,89.4086,84.5653,1.2266
1770530669854,87.1455,4623203237.7209,2026-02-08 06:04:29.854,solana,51.4798,93.6711,122.7558,89.3456,84.8372,1.2146
1770534233035,87.1157,4497864917.8542,2026-02-08 07:03:53.035,solana,51.266,93.5646,122.6817,89.2249,85.1767,1.2156
1770537863922,87.215,4147547113.3244,2026-02-08 08:04:23.922,solana,51.9808,93.4569,122.6091,89.0337,85.6038,1.1751
1770541460199,88.4553,4126170273.3674,2026-02-08 09:04:20.199,solana,59.8946,93.3561,122.5411,89.1316,85.7339,1.1686
1770545013199,87.6556,4030010759.606,2026-02-08 10:03:33.199,solana,53.7443,93.2497,122.4706,89.0783,85.9563,1.0919
1770548629106,86.9062,4142452844.2052,2026-02-08 11:03:49.106,solana,48.6984,93.1476,122.3988,88.926,86.2321,0.9839
1770552265741,88.1154,4089830567.6401,2026-02-08 12:04:25.741,solana,55.8945,93.0474,122.3293,88.9139,86.4168,0.8539
1770555888965,88.0374,3904911751.0031,2026-02-08 13:04:48.965,solana,55.3548,92.9477,122.2605,88.9322,86.5083,0.8222
1770559447219,88.403,4062879831.9939,2026-02-08 14:04:07.219,solana,57.4283,92.8525,122.1909,89.0082,86.5263,0.7771
1770562996307,88.2855,3946884463.3642,2026-02-08 15:03:16.307,solana,56.5202,92.7656,122.1237,88.9162,86.5673,0.675
1770566652742,87.6235,4003301622.071,2026-02-08 16:04:12.742,solana,51.5694,92.6825,122.0527,88.8576,86.5601,0.6166
1770570235322,86.1952,3164872340.2251,2026-02-08 17:03:55.322,solana,42.849,92.5906,121.9785,88.7868,86.3685,0.6743
1770573799610,86.8748,3061388461.4722,2026-02-08 18:03:19.610,solana,47.4058,92.4998,121.9071,88.7217,86.3008,0.6939
1770577441766,87.928,3132758883.521,2026-02-08 19:04:01.766,solana,53.5833,92.409,121.8394,88.6674,86.3193,0.6547
1770581056999,88.3589,3019376431.8444,2026-02-08 20:04:16.999,solana,55.8674,92.3287,121.7733,88.7622,86.2971,0.6582
1770584631301,86.9322,3087415523.3698,2026-02-08 21:03:51.301,solana,47.5284,92.2419,121.7059,88.7684,86.2615,0.6239
1770588220998,86.4992,3072271254.1017,2026-02-08 22:03:40.998,solana,45.3179,92.1557,121.6374,88.7655,86.1295,0.6451
1770591789245,86.9914,3080893122.8971,2026-02-08 23:03:09.245,solana,48.264,92.0683,121.5694,88.7661,86.1087,0.6303
1770595439446,87.1139,3363491978.1896,2026-02-09 00:03:59.446,solana,49.0002,91.9868,121.5017,88.7601,86.143,0.6324
1770599044557,86.9241,3343040156.244,2026-02-09 01:04:04.557,solana,47.8632,91.8961,121.434,88.7626,86.115,0.6395
1770602538778,86.3427,3423436578.066,2026-02-09 02:02:18.778,solana,44.4607,91.8022,121.3647,88.8019,85.9954,0.6678
1770606272818,87.0994,3532710462.7472,2026-02-09 03:04:32.818,solana,49.4933,91.721,121.2966,88.8017,85.9939,0.669
1770609826581,87.5768,3539691652.5691,2026-02-09 04:03:46.581,solana,52.4225,91.6485,121.2294,88.8192,86.0126,0.6615
1770613457754,87.0257,3536328144.0686,2026-02-09 05:04:17.754,solana,48.897,91.5691,121.1618,88.6723,86.0166,0.6642
1770617071049,87.1322,3546600662.3387,2026-02-09 06:04:31.049,solana,49.6022,91.5033,121.0941,88.6412,85.9953,0.6644
1770620580799,86.3697,3661460357.8971,2026-02-09 07:03:00.799,solana,44.8315,91.4201,121.0252,88.6674,85.9155,0.6935
1770624284385,85.4493,3686276867.7241,2026-02-09 08:04:44.385,solana,39.8489,91.3247,120.9552,88.696,85.6203,0.7933
1770627888408,84.5001,3810892177.008,2026-02-09 09:04:48.408,solana,35.4705,91.2221,120.8836,88.8517,85.1109,0.9332
1770631445051,84.1472,3858292487.2672,2026-02-09 10:04:05.051,solana,33.9756,91.1114,120.8111,88.8944,84.6426,1.1016
1770635019885,83.1992,3839041363.0301,2026-02-09 11:03:39.885,solana,30.2839,90.9951,120.7367,89.0338,83.9946,1.3419
1770638632123,83.3403,3832635655.6137,2026-02-09 12:03:52.123,solana,31.4775,90.8789,120.6631,89.1167,83.4834,1.4843
1770642179652,83.9789,3827853952.4793,2026-02-09 13:02:59.652,solana,36.7547,90.7648,120.5902,89.1825,83.1959,1.5432
1770645630235,83.8362,3837196101.0287,2026-02-09 14:00:30.235,solana,36.086,90.6495,120.5175,89.1806,82.8939,1.5705
1770649484120,84.9159,3993180644.2503,2026-02-09 15:04:44.120,solana,44.3383,90.536,120.4467,88.9406,82.8327,1.5296
1770653061908,85.2402,4036190659.1449,2026-02-09 16:04:21.908,solana,46.5698,90.4206,120.3758,88.5751,82.8864,1.5034
1770656647373,86.1474,4096543089.2381,2026-02-09 17:04:07.373,solana,52.3271,90.3085,120.3062,88.4898,82.8932,1.5032
1770660033348,87.695,4324380869.5742,2026-02-09 18:00:33.348,solana,60.2051,90.2073,120.2391,88.6647,82.8378,1.533
1770663826330,87.4416,4506796311.2872,2026-02-09 19:03:46.330,solana,58.5008,90.1059,120.1716,88.7319,82.8157,1.5099
1770667416500,87.9215,4521389151.8544,2026-02-09 20:03:36.500,solana,60.7663,90.0116,120.1048,88.8649,82.7635,1.4827
1770671059215,87.7055,4599003896.7742,2026-02-09 21:04:19.215,solana,59.2,89.9162,120.0379,88.9789,82.7276,1.5122
1770674601026,87.1893,4746758392.3987,2026-02-09 22:03:21.026,solana,55.5164,89.8115,119.9706,89.0692,82.722,1.528
1770678205611,87.0581,4647352558.6455,2026-02-09 23:03:25.611,solana,54.5861,89.7056,119.9034,89.064,82.723,1.5299
1770681834023,86.7105,4385623090.582,2026-02-10 00:03:54.023,solana,52.0972,89.6001,119.8352,88.9504,82.7499,1.5199
1770685434229,86.3677,4352272770.4948,2026-02-10 01:03:54.229,solana,49.6904,89.4958,119.7661,88.8807,82.7539,1.5101
1770689051696,87.1918,4250458444.2962,2026-02-10 02:04:11.696,solana,55.0647,89.3949,119.6981,88.8889,82.7517,1.5279
1770692612891,86.5853,4177649168.3943,2026-02-10 03:03:32.891,solana,50.7664,89.3,119.6296,88.9088,82.7533,1.5161
1770696179802,85.7248,4215720228.6559,2026-02-10 04:02:59.802,solana,45.3572,89.1914,119.5596,88.9181,82.7716,1.4807
1770699779894,86.491,4233506506.7654,2026-02-10 05:02:59.894,solana,50.4226,89.0836,119.4909,88.9655,82.9232,1.4678
1770703378603,85.8042,4302258713.849,2026-02-10 06:02:58.603,solana,46.2812,88.9766,119.421,88.9354,83.119,1.4454
1770707001978,84.5332,4317900882.6136,2026-02-10 07:03:21.978,solana,39.7709,88.8614,119.3495,88.7933,83.3945,1.4666
1770710550739,84.529,4297764220.2615,2026-02-10 08:02:30.739,solana,39.7511,88.7421,119.2781,88.6526,83.6542,1.488
1770714182981,84.5724,4125047317.9712,2026-02-10 09:03:02.981,solana,40.0847,88.6257,119.2059,88.5907,83.7754,1.4854
1770717786268,84.4923,4107360370.5336,2026-02-10 10:03:06.268,solana,39.6481,88.5152,119.1339,88.5099,83.9218,1.4707
1770721346072,84.1801,3943549046.851,2026-02-10 11:02:26.072,solana,37.9158,88.4049,119.0614,88.5766,83.7815,1.4082
1770725024478,83.8342,3979376162.8574,2026-02-10 12:03:44.478,solana,36.0368,88.2904,118.9883,88.6878,83.5296,1.3736
1770728580172,83.9038,3937167418.5786,2026-02-10 13:03:00.172,solana,36.7169,88.1763,118.9148,88.7486,83.2446,1.3781
1770732179920,84.5666,3981121976.9926,2026-02-10 14:02:59.920,solana,42.9341,88.0649,118.8419,88.5434,83.1369,1.3395
1770735758853,83.7136,4055633041.202,2026-02-10 15:02:38.853,solana,37.7885,87.961,118.7656,88.4033,82.9042,1.3978
1770739383186,84.2242,4097883466.45,2026-02-10 16:03:03.186,solana,42.2505,87.854,118.6907,88.0772,82.8605,1.4311
1770743004437,84.4061,4080946621.5677,2026-02-10 17:03:24.437,solana,43.7967,87.7564,118.6138,87.737,82.8708,1.4553
1770746437877,84.8093,3879381043.5179,2026-02-10 18:00:37.877,solana,47.1732,87.6711,118.538,87.4656,82.9043,1.4016
1770750150883,82.9914,3752085251.188,2026-02-10 19:02:30.883,solana,36.5195,87.5884,118.4592,87.283,82.6801,1.4387
1770753793224,83.0959,3732101180.6259,2026-02-10 20:03:13.224,solana,37.3954,87.4947,118.3813,87.0985,82.5032,1.4073
1770757241996,82.5976,3632647500.9708,2026-02-10 21:00:41.996,solana,34.9227,87.3865,118.304,86.9824,82.2423,1.3973
1770761011377,82.3677,3588719766.3132,2026-02-10 22:03:31.377,solana,33.8115,87.2808,118.2262,86.6209,82.1214,1.4127
1770764565912,82.608,3577771498.8912,2026-02-10 23:02:45.912,solana,36.1,87.1861,118.1491,86.304,82.0405,1.3928
1770768232034,82.8685,3323049605.5309,2026-02-11 00:03:52.034,solana,38.5786,87.098,118.0705,86.1081,81.9509,1.3596
1770771778844,83.4393,3569436659.6858,2026-02-11 01:02:58.844,solana,43.7289,87.0099,117.991,85.6334,82.1204,1.3091
1770775394454,83.6335,3541833427.3629,2026-02-11 02:03:14.454,solana,45.4065,86.9186,117.9113,85.2873,82.2494,1.1623
1770778814518,83.6464,3568300164.1507,2026-02-11 03:00:14.518,solana,45.5225,86.8352,117.8299,85.2023,82.2457,1.0452
1770782528713,83.3672,3577315013.0902,2026-02-11 04:02:08.713,solana,43.3712,86.7421,117.7475,85.1038,82.228,0.9895
1770786239889,81.9459,3634813869.5926,2026-02-11 05:03:59.889,solana,34.4478,86.6461,117.6632,85.0921,81.977,0.913
1770789788410,81.8675,3590204153.546,2026-02-11 06:03:08.410,solana,34.0317,86.5554,117.5789,85.0555,81.7512,0.8821
1770793398603,80.8368,3617097950.0868,2026-02-11 07:03:18.603,solana,29.0631,86.4521,117.4942,85.1892,81.2831,1.0221
1770797012461,81.0976,3651719320.2655,2026-02-11 08:03:32.461,solana,31.777,86.3524,117.4105,85.2401,80.9586,1.0998
1770800640923,81.0427,3565141629.7648,2026-02-11 09:04:00.923,solana,31.5042,86.2545,117.3293,85.2405,80.6721,1.156
1770804222211,80.7352,3530965927.2467,2026-02-11 10:03:42.211,solana,29.9502,86.1575,117.2475,85.1182,80.4113,1.2187
1770807695992,80.5219,3609861705.7552,2026-02-11 11:01:35.992,solana,28.8863,86.0602,117.1662,85.1077,80.1026,1.2901
1770811465153,81.1968,3559145613.6784,2026-02-11 12:04:25.153,solana,36.5657,85.972,117.0847,84.9121,79.9954,1.3137
1770814923057,81.135,3578139172.3907,2026-02-11 13:02:03.057,solana,36.1807,85.8822,117.0035,84.6401,79.9403,1.3275
1770818439778,81.2999,3728204916.0163,2026-02-11 14:00:39.778,solana,38.0563,85.8038,116.9225,84.1946,80.0349,1.2853
1770822143722,80.3828,3975942986.4377,2026-02-11 15:02:23.722,solana,32.3603,85.7254,116.8396,84.1532,79.8155,1.3252
1770825816353,79.8417,4085103234.52,2026-02-11 16:03:36.353,solana,29.5498,85.6493,116.7527,84.1171,79.5262,1.3556
1770829376846,78.8226,3921967214.1259,2026-02-11 17:02:56.846,solana,25.1246,85.5734,116.6635,84.2415,79.0242,1.4297
1770833032720,79.2417,4332140732.3345,2026-02-11 18:03:52.720,solana,29.7815,85.503,116.5768,84.2591,78.694,1.3922
1770836470258,79.7706,4273079643.3553,2026-02-11 19:01:10.258,solana,35.2547,85.4278,116.4916,84.161,78.5083,1.4164
1770840149955,79.7237,4268255473.8746,2026-02-11 20:02:29.955,solana,34.9944,85.3424,116.4065,83.9949,78.36,1.4243
1770843639651,79.5932,4278032261.7097,2026-02-11 21:00:39.651,solana,34.2361,85.2625,116.3225,83.6812,78.2891,1.4478
1770847334493,80.2409,3835616664.2269,2026-02-11 22:02:14.493,solana,41.0602,85.1994,116.2414,83.2366,78.3944,1.4441
1770850976481,79.5587,4216933396.4392,2026-02-11 23:02:56.481,solana,36.7363,85.1318,116.1587,82.7106,78.5117,1.4492
1770854595544,79.2105,4238908097.7822,2026-02-12 00:03:15.544,solana,34.7264,85.0553,116.0756,82.1662,78.6403,1.4448
1770858216998,79.9787,3959667571.2264,2026-02-12 01:03:36.998,solana,42.2359,84.9857,115.9936,81.9265,78.6834,1.3525
1770861735193,80.359,4296880786.9521,2026-02-12 02:02:15.193,solana,45.5738,84.9173,115.9126,81.6852,78.7739,1.2096
1770865326963,80.2944,4269033367.0005,2026-02-12 03:02:06.963,solana,45.097,84.8532,115.832,81.6317,78.773,1.0275
1770868956413,80.4675,4530053275.2669,2026-02-12 04:02:36.413,solana,46.7058,84.7909,115.7514,81.5467,78.7951,0.8269
1770872542363,80.3871,4514029604.2156,2026-02-12 05:02:22.363,solana,46.031,84.7272,115.6703,81.4594,78.8168,0.757
1770876194894,80.4265,4468972803.46,2026-02-12 06:03:14.894,solana,46.4389,84.6639,115.5878,81.4228,78.8226,0.6821
1770879753758,80.4874,4316214912.4155,2026-02-12 07:02:33.758,solana,47.1059,84.6076,115.5046,81.419,78.8229,0.6729
1770883393925,80.6982,4250405792.5693,2026-02-12 08:03:13.925,solana,49.4495,84.5485,115.4223,81.328,78.8641,0.6555
1770886827864,80.5609,4216044078.6194,2026-02-12 09:00:27.864,solana,47.959,84.4822,115.3377,81.2256,78.909,0.6365
1770890569611,81.6644,4391356731.3375,2026-02-12 10:02:49.611,solana,58.7263,84.4186,115.2542,81.3292,78.8419,0.6956
1770894150909,82.0154,4397734713.4982,2026-02-12 11:02:30.909,solana,61.4583,84.369,115.1711,81.6662,78.6681,0.7829
1770897797652,81.8393,4311180381.1277,2026-02-12 12:03:17.652,solana,59.3358,84.3211,115.0878,81.924,78.6101,0.8245
1770901404457,81.064,4382873684.1969,2026-02-12 13:03:24.457,solana,50.9899,84.2721,115.0032,81.9299,78.8284,0.8216
1770904978811,81.781,4328751093.8614,2026-02-12 14:02:58.811,solana,57.0121,84.2328,114.9187,82.0792,78.933,0.8516
1770908561963,81.2921,4000676802.0553,2026-02-12 15:02:41.963,solana,52.2937,84.1854,114.8337,82.1528,79.0115,0.8731
1770912145199,80.3155,3793221631.2007,2026-02-12 16:02:25.199,solana,44.39,84.16,114.7468,82.1383,79.0852,0.8655
1770915793331,78.4535,3859017409.5938,2026-02-12 17:03:13.331,solana,33.877,84.1187,114.6562,82.2987,78.8108,0.8976
1770919339677,77.951,3873374999.4558,2026-02-12 18:02:19.677,solana,31.6954,84.0896,114.5661,82.52,78.3605,1.0021
1770923004485,77.6336,3803785520.2716,2026-02-12 19:03:24.485,solana,30.3655,84.0617,114.4749,82.7332,77.9548,1.1403
1770926479541,77.6081,3953323580.0643,2026-02-12 20:01:19.541,solana,30.2557,84.0385,114.3827,82.895,77.6328,1.2584
1770930096569,76.8107,3906083522.6521,2026-02-12 21:01:36.569,solana,26.9698,84.027,114.2901,83.1371,77.0739,1.4295
1770933775108,77.3178,3803629553.5413,2026-02-12 22:02:55.108,solana,32.0253,84.0175,114.1982,83.2153,76.6916,1.533
1770937301335,77.8344,3924238829.4703,2026-02-12 23:01:41.335,solana,36.8235,84.0055,114.1021,83.2148,76.4461,1.5902
1770940968660,78.2883,3834640225.2758,2026-02-13 00:02:48.660,solana,40.779,84.0053,114.0093,83.1567,76.2862,1.6173
1770944586073,77.8655,3940013930.7434,2026-02-13 01:03:06.073,solana,38.3691,84.0179,113.9161,83.1079,76.0829,1.6647
1770948183021,78.5245,3935974042.8179,2026-02-13 02:03:03.021,solana,43.9313,84.0133,113.8231,83.0206,75.98,1.6765
1770951628498,79.0686,3961534915.3061,2026-02-13 03:00:28.498,solana,48.0959,84.026,113.7309,82.9244,75.9344,1.6746
1770955461029,78.9224,3888555020.7796,2026-02-13 04:04:21.029,solana,47.0836,84.0416,113.6376,82.7921,75.8891,1.6694
1770959002204,78.5434,3983380233.6874,2026-02-13 05:03:22.204,solana,44.4716,84.0467,113.5456,82.6604,75.819,1.6709
1770962505371,78.4228,3932813115.0968,2026-02-13 06:01:45.371,solana,43.6417,84.0326,113.4539,82.3263,75.8289,1.6704
1770966049561,78.1514,3935508768.8371,2026-02-13 07:00:49.561,solana,41.7537,84.0247,113.3617,81.8593,75.9095,1.6707
1770969795185,78.8827,3983561883.1962,2026-02-13 08:03:15.185,solana,48.2503,84.0209,113.2703,81.3854,76.0878,1.6444
1770973443196,79.6225,3934195407.539,2026-02-13 09:04:03.196,solana,53.8576,84.0246,113.1797,81.1281,76.201,1.6217
1770976954240,79.7695,3893969419.4841,2026-02-13 10:02:34.240,solana,54.903,84.0153,113.0886,80.6449,76.483,1.5385
1770980555238,80.3646,3944118718.9974,2026-02-13 11:02:35.238,solana,58.9577,84.0129,112.9991,80.3834,76.6517,1.4351
1770984085417,80.1993,3922897790.9673,2026-02-13 12:01:25.417,solana,57.4141,84.0074,112.911,80.3558,76.6677,1.3299
1770987678209,80.0043,3870640249.9716,2026-02-13 13:01:18.209,solana,55.5651,83.9978,112.8214,80.5441,76.6345,1.2729
1770991331346,80.2979,3885384307.2856,2026-02-13 14:02:11.346,solana,57.7702,83.9799,112.7327,80.7727,76.6406,1.1578
1770994933514,81.3455,4106019591.7241,2026-02-13 15:02:13.514,solana,64.5329,83.9631,112.642,81.193,76.5915,1.1627
1770998525020,83.0658,4338250109.5389,2026-02-13 16:02:05.020,solana,72.3608,83.955,112.5535,82.0198,76.3104,1.4211
1771002001837,84.3817,4226926279.9192,2026-02-13 17:00:01.837,solana,76.6127,83.9411,112.4663,82.9948,76.0925,1.7958
1771005627470,84.353,4122653792.5394,2026-02-13 18:00:27.470,solana,76.3371,83.9263,112.3805,83.7749,76.0159,2.058
1771009310559,85.3781,4214110700.4243,2026-02-13 19:01:50.559,solana,79.2157,83.9208,112.2957,84.7047,75.8405,2.3447
1771012979742,84.7116,4087332222.7058,2026-02-13 20:02:59.742,solana,72.9975,83.9071,112.2096,85.325,75.8625,2.5002
1771016611633,84.7519,4035499091.1845,2026-02-13 21:03:31.633,solana,73.1348,83.8935,112.1226,85.8248,76.0514,2.572
1771020218043,84.6711,4090353410.3547,2026-02-13 22:03:38.043,solana,72.3408,83.8738,112.0364,86.2578,76.233,2.6239
1771023758081,84.5452,3963940196.4331,2026-02-13 23:02:38.081,solana,71.0456,83.8456,111.9508,86.6235,76.4149,2.6597
1771027335695,84.3037,3871002496.6708,2026-02-14 00:02:15.695,solana,68.513,83.8266,111.8642,86.884,76.6926,2.6759
1771030932223,84.9415,3867648546.48,2026-02-14 01:02:12.223,solana,71.4119,83.8163,111.7795,87.152,77.0644,2.6759
1771034493209,84.9557,3839917905.8996,2026-02-14 02:01:33.209,solana,71.475,83.803,111.696,87.3255,77.5442,2.6816
1771038038057,84.8183,3800925057.418,2026-02-14 03:00:38.057,solana,69.871,83.7892,111.6131,87.3442,78.1922,2.6821
1771041711197,85.0069,3749551846.6545,2026-02-14 04:01:51.197,solana,70.8383,83.7714,111.5321,87.3812,78.7677,2.6602
1771045366357,84.8157,3685980233.3042,2026-02-14 05:02:46.357,solana,68.44,83.7552,111.4494,87.3963,79.2718,2.5808
1771048975052,84.6729,3667873413.3919,2026-02-14 06:02:55.052,solana,66.6249,83.7369,111.3662,87.3314,79.8271,2.4561
1771052446842,84.8164,3605019099.1435,2026-02-14 07:00:46.842,solana,67.5558,83.7243,111.2838,87.2832,80.3205,2.2737
1771056222097,85.1412,3573559214.9853,2026-02-14 08:03:42.097,solana,69.621,83.7228,111.2008,87.1535,80.9443,2.1214
1771059781732,86.11,3722833353.6779,2026-02-14 09:03:01.732,solana,74.7787,83.7268,111.1194,86.9703,81.7382,2.0343
1771063345430,85.9981,3681142383.1841,2026-02-14 10:02:25.430,solana,73.2313,83.7324,111.0365,86.5805,82.6979,1.9124
1771066962199,85.7885,3598970608.9372,2026-02-14 11:02:42.199,solana,70.2996,83.7375,110.9537,86.152,83.5708,1.7929
1771070581628,87.119,3756785636.3356,2026-02-14 12:03:01.628,solana,76.6826,83.751,110.8736,86.4337,83.6944,1.6869
1771074227921,86.4121,3792021169.6359,2026-02-14 13:03:47.921,solana,68.2858,83.7524,110.7924,86.6164,83.7147,1.4485
1771077782134,86.3788,3843827446.5895,2026-02-14 14:03:02.134,solana,67.9086,83.7549,110.7108,86.7589,83.7747,1.1489
1771081348029,87.2523,3698687686.3012,2026-02-14 15:02:28.029,solana,72.2409,83.7643,110.6321,87.086,83.6351,0.9639
1771084821426,87.3654,3303422055.7787,2026-02-14 16:00:21.426,solana,72.7539,83.7701,110.5553,87.3976,83.5889,0.9528
1771088579081,88.1011,3335690683.874,2026-02-14 17:02:59.081,solana,75.8763,83.777,110.4781,87.8435,83.4779,1.0803
1771092210908,87.9927,3205557740.2572,2026-02-14 18:03:30.908,solana,74.5204,83.7802,110.4017,88.1818,83.4718,1.1622
1771095757666,88.0183,3069928320.3022,2026-02-14 19:02:37.666,solana,74.6358,83.7755,110.3272,88.4616,83.5392,1.2548
1771099371258,88.1551,2999216160.8651,2026-02-14 20:02:51.258,solana,75.2791,83.7748,110.2531,88.6954,83.6906,1.3225
1771102941670,88.0553,2958075110.847,2026-02-14 21:02:21.670,solana,73.8073,83.7702,110.1792,88.9071,83.7903,1.3666
1771106588607,87.8891,3056537730.693,2026-02-14 22:03:08.607,solana,71.3102,83.7684,110.1039,89.0538,83.9369,1.3822
1771110150184,88.5751,3109928810.0889,2026-02-14 23:02:30.184,solana,75.062,83.7701,110.0293,89.273,84.0934,1.4175
1771113795867,88.1166,3066567352.5518,2026-02-15 00:03:15.867,solana,68.6049,83.773,109.954,89.3802,84.2971,1.3902
1771117348891,88.0788,3120399083.0941,2026-02-15 01:02:28.891,solana,68.0848,83.7781,109.8783,89.4189,84.5848,1.3828
1771120979965,88.0858,3161411017.7545,2026-02-15 02:02:59.965,solana,68.1323,83.7795,109.8029,89.3806,84.9644,1.3633
1771124561511,88.0608,3166843723.7779,2026-02-15 03:02:41.511,solana,67.7391,83.7846,109.7279,89.2887,85.3807,1.3203
1771128012488,88.141,3318866704.0186,2026-02-15 04:00:12.488,solana,68.3702,83.7924,109.6532,89.1864,85.783,1.2775
1771131771921,88.748,3590002129.3018,2026-02-15 05:02:51.921,solana,72.7181,83.8018,109.5798,89.2801,85.953,1.2301
1771135363437,89.729,3719867415.927,2026-02-15 06:02:43.437,solana,77.9855,83.8171,109.5057,89.5343,86.072,1.2092
1771139021592,89.5454,3843433567.9118,2026-02-15 07:03:41.592,solana,75.0636,83.8316,109.4311,89.6192,86.3628,1.15
1771142422479,90.595,3938422556.359,2026-02-15 08:00:22.479,solana,79.7362,83.8517,109.3585,90.0972,86.2324,1.1776
1771146099508,89.5565,4131319491.8441,2026-02-15 09:01:39.508,solana,66.4658,83.8583,109.2841,90.1682,86.4758,1.1667
1771149755871,89.9401,4059738966.6102,2026-02-15 10:02:35.871,solana,68.5479,83.8719,109.2103,90.2465,86.7537,1.1515
1771153339731,89.533,4129642675.8387,2026-02-15 11:02:19.731,solana,64.0062,83.8875,109.1361,90.317,86.9112,1.0677
1771156945505,89.116,3997394452.4269,2026-02-15 12:02:25.505,solana,59.6461,83.8935,109.0611,90.3165,87.0868,1.0484
1771160514852,87.9907,4170223795.155,2026-02-15 13:01:54.852,solana,49.7899,83.8932,108.984,90.3199,87.0723,0.9649
1771164042291,87.0416,4197498272.0493,2026-02-15 14:00:42.291,solana,43.2918,83.8851,108.9063,90.4024,86.8947,0.9108
1771167821849,87.3012,4186165465.0399,2026-02-15 15:03:41.849,solana,45.3906,83.8792,108.8288,90.4443,86.7811,0.9079
1771171406532,87.2842,4217228971.8008,2026-02-15 16:03:26.532,solana,45.2729,83.8772,108.7545,90.4818,86.6565,0.9124
1771174973912,87.516,4000165196.3997,2026-02-15 17:02:53.912,solana,47.288,83.8851,108.6791,90.4978,86.5866,0.9308
1771178612087,86.3145,4145720862.0861,2026-02-15 18:03:32.087,solana,39.2245,83.8817,108.6003,90.6329,86.294,1.0257
1771182060487,86.1544,4179338292.4678,2026-02-15 19:01:00.487,solana,38.2877,83.8712,108.5207,90.7324,85.9525,1.1213
1771185782940,85.3824,4325591543.1475,2026-02-15 20:03:02.940,solana,34.0623,83.8535,108.4391,90.9222,85.4892,1.2711
1771189399231,85.7275,4365531153.2495,2026-02-15 21:03:19.231,solana,37.389,83.8463,108.3571,91.012,85.1643,1.3676
1771192960057,86.1337,4341839741.0599,2026-02-15 22:02:40.057,solana,41.1512,83.8441,108.2752,91.036,84.9451,1.4252
1771196623688,86.3385,4314270098.3711,2026-02-15 23:03:43.688,solana,43.0111,83.8402,108.194,91.0334,84.7755,1.4605
1771200106795,85.9942,4356591133.8251,2026-02-16 00:01:46.795,solana,40.6834,83.8336,108.1122,91.0317,84.5625,1.5124
1771203733431,86.1121,4388144298.7853,2026-02-16 01:02:13.431,solana,41.844,83.8287,108.0315,90.9486,84.382,1.552
1771207317918,85.6557,4398975850.5485,2026-02-16 02:01:57.918,solana,38.6886,83.8246,107.9496,90.7128,84.2105,1.6083
1771210942907,85.4399,4493671319.9847,2026-02-16 03:02:22.907,solana,37.2575,83.8148,107.8676,90.4736,84.0391,1.668
1771214490817,85.0572,4372293415.4254,2026-02-16 04:01:30.817,solana,34.7998,83.7998,107.7852,89.9429,84.016,1.7381
1771218174813,85.6876,4184199053.9414,2026-02-16 05:02:54.813,solana,41.6304,83.7918,107.7038,89.5497,84.0223,1.7491
1771221626041,84.631,4063523865.8326,2026-02-16 06:00:26.041,solana,35.01,83.7769,107.6215,89.0296,84.0115,1.7505
1771225385918,84.9945,4042627148.7189,2026-02-16 07:03:05.918,solana,38.6264,83.7687,107.5398,88.4708,84.1165,1.7187
1771228967794,85.0977,3983262137.1482,2026-02-16 08:02:47.794,solana,39.6522,83.7666,107.4584,87.9015,84.284,1.5635
1771232585882,85.3476,3704647882.4827,2026-02-16 09:03:05.882,solana,42.1752,83.7717,107.3768,87.5706,84.3505,1.4578
1771236183451,85.9255,3725547670.5806,2026-02-16 10:03:03.451,solana,47.6271,83.7823,107.2955,87.4366,84.373,1.262
1771239765328,85.7247,3641658629.393,2026-02-16 11:02:45.328,solana,46.0036,83.7973,107.2147,87.2181,84.4338,1.0651
1771243343469,85.5135,3769121563.5269,2026-02-16 12:02:23.469,solana,44.2944,83.8102,107.1337,86.9625,84.5123,0.8665
1771246949866,86.1242,3661605552.0209,2026-02-16 13:02:29.866,solana,50.0727,83.823,107.0537,86.6052,84.7304,0.7585
1771250563544,84.092,3808893150.8144,2026-02-16 14:02:43.544,solana,36.5033,83.8245,106.9706,86.6713,84.4421,0.8091
1771254213692,84.0941,3878374432.9589,2026-02-16 15:03:33.692,solana,36.5229,83.8196,106.8876,86.7012,84.2062,0.8177
1771257770935,83.1602,3956861009.6432,2026-02-16 16:02:50.935,solana,31.9151,83.8073,106.803,86.9419,83.7432,0.8957
1771261378783,83.9011,4083065472.6566,2026-02-16 17:02:58.783,solana,38.5398,83.7939,106.7198,86.9573,83.5453,0.8461
1771264954482,84.4362,4015963433.0091,2026-02-16 18:02:34.482,solana,42.8642,83.7745,106.6371,86.8572,83.4756,0.8407
1771268489329,84.5816,3923243648.2207,2026-02-16 19:01:29.329,solana,44.0164,83.7575,106.5543,86.6976,83.4594,0.8308
1771272186356,84.7023,3767590505.2072,2026-02-16 20:03:06.356,solana,45.0079,83.7383,106.4717,86.5841,83.4438,0.8365
1771275781940,85.3,3727352230.32,2026-02-16 21:03:01.940,solana,49.7545,83.724,106.3895,86.468,83.4787,0.8289
1771279468646,85.7219,3786631220.2265,2026-02-16 22:04:28.646,solana,52.8488,83.7152,106.3083,86.4776,83.4757,0.8122
1771282975768,85.7553,3697300052.212,2026-02-16 23:02:55.768,solana,53.0949,83.7075,106.2278,86.5189,83.4659,0.7833
1771286610103,86.4829,3667244481.3374,2026-02-17 00:03:30.103,solana,58.2144,83.7061,106.1483,86.723,83.4044,0.8127
1771290136531,86.7403,3743090461.5421,2026-02-17 01:02:16.531,solana,59.8824,83.7084,106.0698,86.9126,83.32,0.8541
1771293749338,86.3068,3677706534.0876,2026-02-17 02:02:29.338,solana,55.8389,83.7031,105.9915,87.0535,83.3468,0.8801
1771297416750,87.4119,3665243535.9687,2026-02-17 03:03:36.750,solana,62.7446,83.708,105.9151,87.4058,83.2362,0.9887
1771300806859,86.464,3529745286.1013,2026-02-17 04:00:06.859,solana,54.8253,83.7124,105.837,87.5292,83.2494,1.0161
1771304492881,86.3518,3553575550.2103,2026-02-17 05:01:32.881,solana,53.9575,83.7116,105.7586,87.6199,83.2592,1.0348
1771308189577,86.1607,3531746638.0309,2026-02-17 06:03:09.577,solana,52.4347,83.7137,105.6799,87.6445,83.2581,1.0344
1771311611567,86.5881,3529231431.6622,2026-02-17 07:00:11.567,solana,55.4619,83.7259,105.6021,87.7408,83.2481,1.056
1771315371824,86.4128,3501029447.7892,2026-02-17 08:02:51.824,solana,53.9459,83.7371,105.5247,87.8212,83.2576,1.0683
1771318908215,85.9672,3503425393.7586,2026-02-17 09:01:48.215,solana,50.1885,83.7454,105.4464,87.8064,83.2568,1.0706
1771322475655,85.9074,3439069691.985,2026-02-17 10:01:15.655,solana,49.6881,83.7539,105.3679,87.803,83.4416,1.0703
1771326138892,84.9929,3452481519.0512,2026-02-17 11:02:18.892,solana,42.6831,83.7587,105.2881,87.7552,83.5793,1.0764
1771329638563,85.0544,3420666939.9101,2026-02-17 12:00:38.563,solana,43.2622,83.766,105.2086,87.5345,83.9895,1.0811
1771333226763,84.7538,3429224744.3329,2026-02-17 13:00:26.763,solana,41.0769,83.771,105.1287,87.431,84.1782,1.0846
1771336884991,85.1615,3169584607.6459,2026-02-17 14:01:24.991,solana,45.126,83.7746,105.0494,87.3733,84.3085,1.0467
1771340537719,83.2171,3182218030.1542,2026-02-17 15:02:17.719,solana,33.3549,83.7716,104.9679,87.6137,83.9316,1.1118
1771344041995,83.5806,3273288935.1694,2026-02-17 16:00:41.995,solana,36.6802,83.7678,104.8869,87.7435,83.6896,1.0764
1771347811813,84.3535,3280402314.0394,2026-02-17 17:03:31.813,solana,43.1731,83.7675,104.8069,87.7755,83.5629,1.0509
1771351367044,83.5935,3299655618.3537,2026-02-17 18:02:47.044,solana,38.9442,83.7602,104.7255,87.8546,83.271,1.1014
1771354983562,85.1745,3297745459.1517,2026-02-17 19:03:03.562,solana,49.9306,83.7732,104.6455,87.8298,83.2377,1.0869
1771358479616,84.8455,3369446734.0053,2026-02-17 20:01:19.616,solana,47.9955,83.7836,104.5657,87.7234,83.1804,1.0827
1771362131664,84.9848,3390484525.3804,2026-02-17 21:02:11.664,solana,48.8989,83.7979,104.486,87.5642,83.164,1.0873
1771365795034,85.1082,3367614520.0905,2026-02-17 22:03:15.034,solana,49.7315,83.8142,104.4061,87.4632,83.1452,1.089
1771369267315,85.0099,3336083424.9648,2026-02-17 23:01:07.315,solana,49.0456,83.8285,104.326,87.1161,83.2521,1.0913
1771372947041,85.1212,3320358449.6442,2026-02-18 00:02:27.041,solana,49.888,83.8419,104.2525,86.9575,83.2764,1.07
1771376538133,84.8543,3133643424.9395,2026-02-18 01:02:18.133,solana,47.8454,83.8503,104.1846,86.7954,83.2888,1.0349
1771380105091,84.1403,3378095874.3167,2026-02-18 02:01:45.091,solana,42.7959,83.8533,104.1159,86.6574,83.2248,1.0384
1771383707055,84.6547,3325220139.3684,2026-02-18 03:01:47.055,solana,47.1249,83.8593,104.0477,86.3878,83.301,0.9321
1771387230567,85.317,3344100315.5512,2026-02-18 04:00:30.567,solana,52.1473,83.8709,103.9803,86.1763,83.403,0.8876
1771390906723,85.0672,3326427166.2157,2026-02-18 05:01:46.723,solana,50.2097,83.8895,103.9128,86.0302,83.459,0.8436
1771394405989,84.8621,3267887952.0793,2026-02-18 06:00:05.989,solana,48.6131,83.9073,103.8455,85.8646,83.5201,0.8068
1771398029549,84.9567,3319703223.485,2026-02-18 07:00:29.549,solana,49.4123,83.9318,103.7787,85.861,83.52,0.7274
1771401757251,85.279,3236526288.2792,2026-02-18 08:02:37.251,solana,52.1425,83.9567,103.7118,85.8902,83.5133,0.6568
1771405304694,85.4055,3260383581.8542,2026-02-18 09:01:44.694,solana,53.2104,83.9827,103.6446,85.9618,83.5069,0.6237
1771409013191,85.3231,3258816821.8874,2026-02-18 10:03:33.191,solana,52.391,84.01,103.5776,85.9831,83.5018,0.5894
1771412498520,84.2525,3284099573.2273,2026-02-18 11:01:38.520,solana,43.1003,84.0322,103.509,85.8483,83.7401,0.5973
1771416137387,83.1489,3503326302.4692,2026-02-18 12:02:17.387,solana,36.0111,84.0438,103.4383,85.9371,83.6081,0.6769
1771419714154,83.0164,3546989378.4548,2026-02-18 13:01:54.154,solana,35.2609,84.055,103.3676,86.0914,83.3201,0.7562
1771423334631,82.5707,3540590533.1406,2026-02-18 14:02:14.631,solana,32.788,84.0626,103.2967,86.2589,83.0503,0.8516
1771426932280,82.446,3557999770.8178,2026-02-18 15:02:12.280,solana,32.1093,84.0749,103.2258,86.3678,82.6686,0.9141
1771430539356,83.084,3500898649.311,2026-02-18 16:02:19.356,solana,39.0585,84.0942,103.1558,86.3743,82.486,0.9401
1771434035166,82.196,3404058840.5707,2026-02-18 17:00:35.166,solana,33.8625,84.1143,103.0836,86.4445,82.1369,1.046
1771437660886,82.1615,3342338546.4666,2026-02-18 18:01:00.886,solana,33.6752,84.1316,103.0113,86.4509,81.8358,1.1286
1771441224803,81.3449,3400180612.7252,2026-02-18 19:00:24.803,solana,29.5115,84.141,102.9379,86.5305,81.3897,1.2612
1771444919922,80.847,3419206306.23,2026-02-18 20:01:59.922,solana,27.2955,84.1477,102.8635,86.5912,80.9016,1.4172
1771448513447,81.3058,3433578626.2522,2026-02-18 21:01:53.447,solana,32.3371,84.1579,102.7895,86.5544,80.5836,1.4987
1771452114905,81.2425,3407953234.3113,2026-02-18 22:01:54.905,solana,32.0073,84.1639,102.7162,86.5619,80.2863,1.5597
1771455651868,81.4168,3423486142.3149,2026-02-18 23:00:51.868,solana,34.0034,84.1749,102.6441,86.4628,80.0616,1.5956
1771459280691,81.5416,3391855036.5768,2026-02-19 00:01:20.691,solana,35.464,84.1888,102.5722,86.2117,79.9351,1.6048
1771462885100,81.494,3321995238.2749,2026-02-19 01:01:25.100,solana,35.145,84.1978,102.4998,85.9648,79.8247,1.6145
1771466520990,81.8223,3334263808.4405,2026-02-19 02:02:00.990,solana,39.2122,84.2065,102.4275,85.7073,79.7782,1.6258
1771470273339,81.5702,3335369464.9736,2026-02-19 03:04:33.339,solana,37.2789,84.2141,102.3549,85.3963,79.7505,1.6207
1771473640133,81.7027,3279420144.4877,2026-02-19 04:00:40.133,solana,38.9823,84.2215,102.2818,84.9497,79.8395,1.5616
1771477388253,81.5559,3285422213.0666,2026-02-19 05:03:08.253,solana,37.7586,84.2284,102.2098,84.3719,80.0324,1.507
1771480873535,81.7781,3412533529.5975,2026-02-19 06:01:13.535,solana,40.7873,84.2365,102.1387,83.6589,80.3908,1.4438
1771484463607,82.3546,3385732012.0289,2026-02-19 07:01:03.607,solana,47.8756,84.2476,102.0704,83.2197,80.6403,1.3508
1771488108565,82.3072,3487226871.8724,2026-02-19 08:01:48.565,solana,47.373,84.2572,102.0026,83.0658,80.71,1.2092
1771491738430,81.6828,3372642504.1369,2026-02-19 09:02:18.430,solana,41.2384,84.2638,101.9372,82.8812,80.7613,1.0216
1771495362083,81.1846,3366779536.659,2026-02-19 10:02:42.083,solana,37.1082,84.261,101.8712,82.7878,80.7161,0.7898
1771498955792,81.4743,3352359640.2917,2026-02-19 11:02:35.792,solana,40.8195,84.2578,101.8053,82.6946,80.7121,0.6337
1771502563381,81.1894,3143274488.5489,2026-02-19 12:02:43.381,solana,38.4186,84.2539,101.7393,82.3949,80.8223,0.5884
1771506132159,80.7636,3133412482.2659,2026-02-19 13:02:12.159,solana,35.0957,84.2521,101.672,82.3565,80.7175,0.5658
1771509732194,79.883,3246895112.5687,2026-02-19 14:02:12.194,solana,29.4277,84.2408,101.6045,82.4665,80.3796,0.648
1771513306582,80.8851,3237729752.3858,2026-02-19 15:01:46.582,solana,41.0878,84.2384,101.538,82.4693,80.3308,0.6374
1771516865374,80.4627,3133856107.4546,2026-02-19 16:01:05.374,solana,38.221,84.2393,101.4727,82.5018,80.26,0.5823
1771520522596,80.6501,3124623989.0697,2026-02-19 17:02:02.596,solana,40.2141,84.2523,101.4088,82.5133,80.1828,0.5786
1771524101170,80.4026,3187699476.0888,2026-02-19 18:01:41.170,solana,38.4502,84.2669,101.3444,82.5419,80.0702,0.5839
1771527735680,81.8893,3125817026.8863,2026-02-19 19:02:15.680,solana,52.0564,84.2923,101.2818,82.5909,80.0685,0.5968
1771531388651,81.8164,3064351377.4087,2026-02-19 20:03:08.651,solana,51.4553,84.3173,101.219,82.6195,80.0674,0.597
1771534999408,82.0745,3077396868.1286,2026-02-19 21:03:19.408,solana,53.5014,84.3486,101.1555,82.6867,80.0582,0.6149
1771538530637,82.0271,3036326918.6461,2026-02-19 22:02:10.637,solana,53.0595,84.3767,101.0931,82.7139,80.0515,0.628
1771542129362,82.2266,3069446450.9851,2026-02-19 23:02:09.362,solana,54.7538,84.4028,101.0323,82.7951,80.036,0.6495
1771545757273,82.3799,3086818515.1659,2026-02-20 00:02:37.273,solana,56.0671,84.4272,100.972,82.8875,80.0113,0.6768
1771549356726,82.934,3172264925.429,2026-02-20 01:02:36.726,solana,60.5257,84.4573,100.9105,83.0955,79.9411,0.7388
1771552994990,82.9015,3218058720.7104,2026-02-20 02:03:14.990,solana,60.1398,84.4834,100.8489,83.2609,79.888,0.7878
1771556537376,82.9513,3238061818.3616,2026-02-20 03:02:17.376,solana,60.5544,84.5065,100.7879,83.3644,79.8442,0.8355
1771560153535,83.0027,3299202747.0983,2026-02-20 04:02:33.535,solana,61.0052,84.5308,100.7261,83.479,79.7991,0.8804
1771563813787,82.6943,3278331050.6864,2026-02-20 05:03:33.787,solana,56.8106,84.5555,100.6637,83.5864,79.7929,0.9027
1771567370275,83.3359,3236630571.5435,2026-02-20 06:02:50.275,solana,62.5764,84.5847,100.601,83.8077,79.7867,0.9593
1771570956806,83.597,3252686548.1494,2026-02-20 07:02:36.806,solana,64.645,84.6172,100.5392,84.0537,79.753,1.0214
1771574619960,83.4836,3240638158.3181,2026-02-20 08:03:39.960,solana,63.0165,84.6445,100.4781,84.2472,79.7889,1.0707
1771578171387,83.5898,3219048953.1468,2026-02-20 09:02:51.387,solana,63.9334,84.6682,100.4177,84.4107,79.908,1.1224
1771581664714,84.1833,3312190814.448,2026-02-20 10:01:04.714,solana,68.6151,84.6944,100.3577,84.5346,80.2142,1.1933
1771585375202,84.1282,3349748907.9575,2026-02-20 11:02:55.202,solana,67.7371,84.7168,100.2971,84.7121,80.361,1.2527
1771588890051,83.5608,3485289645.5739,2026-02-20 12:01:30.051,solana,59.3088,84.7368,100.2364,84.6881,80.6948,1.2608
1771592585546,83.6724,3520861545.6721,2026-02-20 13:03:05.546,solana,60.3533,84.7587,100.1759,84.6465,81.0386,1.2438
1771596142325,82.1007,3513826059.9161,2026-02-20 14:02:22.325,solana,43.437,84.7694,100.1135,84.392,81.4629,1.1214
1771599808385,82.942,3551993135.4688,2026-02-20 15:03:28.385,solana,51.305,84.7789,100.0491,84.3651,81.5951,1.0667
1771603419199,84.055,3816034509.3834,2026-02-20 16:03:39.199,solana,59.3593,84.7848,99.9849,84.4442,81.7398,1.0
1771606877575,84.3231,3894210868.6101,2026-02-20 17:01:17.575,solana,61.0313,84.7844,99.9269,84.5733,81.8356,0.9399
1771610503440,84.3796,3971028386.347,2026-02-20 18:01:43.440,solana,61.3918,84.7846,99.868,84.6702,81.9739,0.818
1771614117858,85.0896,4181192636.1995,2026-02-20 19:01:57.858,solana,65.6872,84.7829,99.8092,84.9214,82.0091,0.8722
1771617760966,84.7179,4176760967.7327,2026-02-20 20:02:40.966,solana,61.8106,84.7829,99.7445,85.0464,82.1179,0.8692
1771621378346,84.543,4125792908.0566,2026-02-20 21:02:58.346,solana,60.0145,84.7817,99.6802,85.1521,82.1731,0.858
1771624827116,84.4654,4149579161.583,2026-02-20 22:00:27.116,solana,59.1934,84.7805,99.6155,85.2265,82.2551,0.8258
1771628601238,84.5215,4139153988.1266,2026-02-20 23:03:21.238,solana,59.6238,84.7803,99.5515,85.2957,82.3428,0.798
1771632093794,84.5857,4149362636.3301,2026-02-21 00:01:33.794,solana,60.1415,84.782,99.4892,85.3609,82.4359,0.7722
1771635678766,84.3636,4063238042.1832,2026-02-21 01:01:18.766,solana,57.3983,84.7786,99.4258,85.3473,82.6165,0.7624
1771639360858,84.6954,4006536385.8643,2026-02-21 02:02:40.858,solana,60.3107,84.777,99.3629,85.4152,82.6845,0.7585
1771642822988,84.8439,3968954765.9612,2026-02-21 03:00:22.988,solana,61.5773,84.7772,99.3006,85.5028,82.7216,0.7567
1771646556409,84.2769,3949877442.3177,2026-02-21 04:02:36.409,solana,54.4371,84.7728,99.2375,85.5134,82.7903,0.7314
1771650016913,84.2916,3930223634.114,2026-02-21 05:00:16.913,solana,54.5837,84.7697,99.1736,85.5247,82.8492,0.6775
1771653725138,84.4449,3851815286.5537,2026-02-21 06:02:05.138,solana,56.1725,84.7683,99.1104,85.5425,82.8576,0.6628
1771657344269,84.0887,3790100480.4454,2026-02-21 07:02:24.269,solana,51.6519,84.764,99.0463,85.5411,82.8551,0.6535
1771660821665,84.1592,3777976434.0491,2026-02-21 08:00:21.665,solana,52.4669,84.7582,98.983,85.5392,82.9168,0.6384
1771664556742,84.5928,3768318135.9588,2026-02-21 09:02:36.742,solana,57.2431,84.7491,98.9202,85.5685,82.9796,0.6317
1771668119170,84.92,3679369530.5891,2026-02-21 10:01:59.170,solana,60.4708,84.7427,98.8576,85.2722,83.5577,0.6481
1771671745661,85.1009,3594995981.9634,2026-02-21 11:02:25.661,solana,62.1701,84.7386,98.7951,85.1132,83.9327,0.6708
1771675335285,85.339,3473664693.2528,2026-02-21 12:02:15.285,solana,64.3441,84.728,98.7332,85.2362,83.938,0.6858
1771678935128,85.2599,3403844058.6906,2026-02-21 13:02:15.128,solana,63.0477,84.7212,98.671,85.3333,83.9346,0.6937
1771682541046,85.5957,3178064453.2782,2026-02-21 14:02:21.046,solana,66.1642,84.7165,98.6103,85.4987,83.8908,0.5339
1771686125359,86.3473,3137051604.2515,2026-02-21 15:02:05.359,solana,71.8799,84.7111,98.5522,85.828,83.6874,0.5359
1771689629919,86.5899,2830377264.363,2026-02-21 16:00:29.919,solana,73.4393,84.7065,98.4951,86.186,83.5165,0.641
1771693375934,86.1762,2707957748.1364,2026-02-21 17:02:55.934,solana,66.6509,84.695,98.4374,86.3776,83.4883,0.6891
1771696959853,86.2046,2486261887.6229,2026-02-21 18:02:39.853,solana,66.8776,84.6844,98.3788,86.5484,83.4913,0.7297
1771700586637,86.5862,2265089886.6106,2026-02-21 19:03:06.637,solana,69.8396,84.6759,98.3213,86.7768,83.4694,0.8011
1771704219391,86.2195,2164656402.1115,2026-02-21 20:03:39.391,solana,63.9231,84.6644,98.2617,86.905,83.5046,0.8336
1771707792397,85.5346,2176867934.3557,2026-02-21 21:03:12.397,solana,54.6171,84.6493,98.2021,86.9239,83.6028,0.8298
1771711322382,85.741,2148905455.0201,2026-02-21 22:02:02.382,solana,56.6643,84.6366,98.1429,86.9671,83.6641,0.826
1771715007104,85.4483,2111354597.136,2026-02-21 23:03:27.104,solana,53.0118,84.6179,98.0832,86.9838,83.7079,0.8151
1771718530067,85.1973,2088504922.994,2026-02-22 00:02:10.067,solana,50.0337,84.6006,98.0234,86.9572,83.8266,0.8038
1771722004261,84.8007,2108835315.4218,2026-02-22 01:00:04.261,solana,45.6671,84.5811,97.963,86.9258,83.9089,0.7876
1771725734417,85.2398,2111496555.0381,2026-02-22 02:02:14.417,solana,50.7878,84.5641,97.9028,86.9015,84.0127,0.7781
1771729345131,84.9692,2157428201.368,2026-02-22 03:02:25.131,solana,47.7985,84.5457,97.8428,86.8246,84.1776,0.7754
1771732977375,85.0223,2161531997.2176,2026-02-22 04:02:57.375,solana,48.4395,84.5272,97.7823,86.74,84.3485,0.7472
1771736570660,85.1346,2152610502.6792,2026-02-22 05:02:50.660,solana,49.8426,84.5056,97.7213,86.7025,84.4402,0.7155
1771740175313,84.9349,2161522003.8124,2026-02-22 06:02:55.313,solana,47.3732,84.4771,97.6609,86.7015,84.4427,0.6949
1771743645667,85.2512,2155097459.4484,2026-02-22 07:00:45.667,solana,51.4746,84.4515,97.6019,86.6983,84.4609,0.6389
1771747398044,85.3022,2163402222.0039,2026-02-22 08:03:18.044,solana,52.1231,84.42,97.543,86.6982,84.4573,0.5798
1771750923662,84.9453,2153231972.4794,2026-02-22 09:02:03.662,solana,47.3577,84.3926,97.4845,86.7084,84.4157,0.5605
1771754494267,85.0182,2117716194.3972,2026-02-22 10:01:34.267,solana,48.3955,84.3633,97.4263,86.7035,84.3628,0.5565
1771758131915,85.1944,2109163428.8369,2026-02-22 11:02:11.915,solana,50.9134,84.3375,97.3681,86.5921,84.3589,0.5539
1771761667692,85.2329,2092404589.1186,2026-02-22 12:01:07.692,solana,51.4708,84.3144,97.3095,86.4036,84.4118,0.5557
1771765355435,84.4453,2089024826.588,2026-02-22 13:02:35.435,solana,41.1718,84.2933,97.2502,86.3355,84.3067,0.5944
1771768951218,83.8997,2181270654.0725,2026-02-22 14:02:31.218,solana,35.8238,84.2746,97.1906,86.3122,84.0996,0.6736
1771772439934,83.6169,2058123515.2128,2026-02-22 15:00:39.934,solana,33.4025,84.2526,97.132,86.1797,83.9351,0.7333
1771776169916,83.5225,2150963370.4197,2026-02-22 16:02:49.916,solana,32.6103,84.2302,97.0709,86.1007,83.7444,0.7618
1771779725070,83.5026,2059359267.035,2026-02-22 17:02:05.070,solana,32.4355,84.2063,97.0085,86.1152,83.5267,0.7999
1771783245207,82.9758,2085439115.559,2026-02-22 18:00:45.207,solana,28.1378,84.1865,96.9451,86.1354,83.2301,0.8645
1771786944011,83.195,2062407201.2031,2026-02-22 19:02:24.011,solana,32.1646,84.1689,96.8815,86.1143,83.0257,0.855
1771790578141,83.274,2043641890.6632,2026-02-22 20:02:58.141,solana,33.6099,84.1563,96.8196,86.0879,82.8598,0.8484
1771794185223,83.0484,2046717742.3918,2026-02-22 21:03:05.223,solana,31.5442,84.1404,96.7589,86.1066,82.666,0.8856
1771797772692,83.4745,1943195490.3538,2026-02-22 22:02:52.692,solana,39.1494,84.1245,96.6983,86.0152,82.5808,0.8725
1771801363705,83.5422,1993771130.1732,2026-02-22 23:02:43.705,solana,40.2855,84.1079,96.6373,85.945,82.5083,0.8637
1771805000540,82.7419,2132558842.0803,2026-02-23 00:03:20.540,solana,32.5538,84.0885,96.5755,85.9056,82.3196,0.9052
1771808568431,81.8037,2214390991.7522,2026-02-23 01:02:48.431,solana,26.2052,84.0629,96.5123,85.9364,81.9558,1.0262
1771812195226,77.9951,2852315488.5722,2026-02-23 02:03:15.226,solana,14.1451,84.0173,96.4438,86.8189,80.3793,1.5954
1771815786272,77.7346,3035601488.1146,2026-02-23 03:03:06.272,solana,13.6811,83.9714,96.3746,87.24,79.2065,2.0032
1771819335904,77.7508,3155425584.8308,2026-02-23 04:02:15.904,solana,13.8709,83.9279,96.3052,87.3943,78.2971,2.2966
1771822981971,77.3397,3260851484.7468,2026-02-23 05:03:01.971,solana,13.0873,83.8782,96.2354,87.4946,77.4363,2.5526
1771826556136,77.7542,3393330888.6869,2026-02-23 06:02:36.136,solana,18.1108,83.8373,96.1662,87.3843,76.8201,2.7198
1771830237793,79.058,3599412831.372,2026-02-23 07:03:57.793,solana,31.5179,83.802,96.0989,87.0361,76.5547,2.7516
1771833732905,79.3972,3711837238.9506,2026-02-23 08:02:12.905,solana,34.5218,83.768,96.0328,86.5939,76.4133,2.74
1771837383893,78.736,3810208904.3685,2026-02-23 09:03:03.893,solana,31.6112,83.7287,95.9656,86.2567,76.1796,2.753
1771840982243,80.3593,3999798828.1767,2026-02-23 10:03:02.243,solana,44.0778,83.6955,95.901,85.9371,76.1451,2.6828
1771844585491,80.2256,4071626895.1137,2026-02-23 11:03:05.491,solana,43.3762,83.6628,95.836,85.632,76.1111,2.5874
1771848084511,80.0089,4104225008.8228,2026-02-23 12:01:24.511,solana,42.2039,83.63,95.7708,85.3091,76.0827,2.4719
1771851627670,80.6525,4185950464.7007,2026-02-23 13:00:27.670,solana,46.8023,83.5975,95.7063,84.9834,76.1233,2.3764
1771855331250,80.6842,4272457884.765,2026-02-23 14:02:11.250,solana,47.0253,83.5772,95.642,84.7286,76.149,2.2992
1771858819096,80.1831,4375779329.3538,2026-02-23 15:00:19.096,solana,43.8861,83.5539,95.577,84.3877,76.1887,2.2307
1771862588240,79.4837,4418898865.6027,2026-02-23 16:03:08.240,solana,39.884,83.532,95.5114,83.9727,76.2246,2.1671
1771866219739,78.9896,4662242147.8719,2026-02-23 17:03:39.739,solana,37.2964,83.5028,95.445,83.5494,76.242,2.101
1771869743074,77.8158,4777384260.7854,2026-02-23 18:02:23.074,solana,31.9872,83.4634,95.3767,82.9793,76.2463,2.0936
1771873363622,78.7393,4975321237.6388,2026-02-23 19:02:43.622,solana,39.3075,83.4286,95.3094,82.2304,76.5149,2.0142
1771876964553,78.1991,5099239249.6598,2026-02-23 20:02:44.553,solana,36.8115,83.3899,95.2414,81.588,76.703,1.9235
1771880593129,78.3691,5185145200.7868,2026-02-23 21:03:13.129,solana,38.1427,83.3486,95.1737,81.108,76.8395,1.8164
1771884190404,78.3596,5264382137.5465,2026-02-23 22:03:10.404,solana,38.0947,83.3048,95.1062,81.0986,76.8854,1.6364
1771887731496,78.4827,5319902901.9408,2026-02-23 23:02:11.496,solana,39.1691,83.2615,95.0383,81.0709,76.9879,1.3885
1771891380491,77.7647,5287684848.7225,2026-02-24 00:03:00.491,solana,35.3173,83.2096,94.9698,81.0699,76.9903,1.1952
1771894807330,78.4248,5239758459.0587,2026-02-24 01:00:07.330,solana,41.0566,83.1601,94.9023,80.995,77.1737,1.0387
1771898519281,77.7017,4876904201.1259,2026-02-24 02:01:59.281,solana,37.1663,83.1089,94.834,80.9998,77.1636,1.0509
1771902177085,77.5747,4710703747.1821,2026-02-24 03:02:57.085,solana,36.5122,83.0504,94.7655,81.0352,76.9799,1.0587
1771905752817,76.7664,4654985902.0826,2026-02-24 04:02:32.817,solana,32.5806,82.9926,94.6965,81.1157,76.6363,1.1199
1771909324714,76.7448,4666116658.1091,2026-02-24 05:02:04.714,solana,32.4797,82.9355,94.6273,81.2016,76.3514,1.1594
1771912981458,76.596,4667977459.3871,2026-02-24 06:03:01.458,solana,31.7521,82.8785,94.5577,81.0761,76.1005,1.2257
1771916528989,76.6249,4529612448.9959,2026-02-24 07:02:08.989,solana,32.0708,82.8192,94.4884,80.9172,75.8994,1.2953
1771920151113,76.7514,4537898254.993,2026-02-24 08:02:31.113,solana,33.5319,82.7617,94.4196,80.7404,75.7504,1.3382
1771923797739,77.0565,4494891927.5234,2026-02-24 09:03:17.739,solana,37.0493,82.7087,94.3515,80.3502,75.7809,1.3694
1771927251318,76.5627,4390351914.7492,2026-02-24 10:00:51.318,solana,33.9206,82.6531,94.2822,79.8918,75.8272,1.3573
1771930972469,76.7243,4360659769.0859,2026-02-24 11:02:52.469,solana,35.8301,82.6038,94.2126,79.4722,75.9009,1.3271
1771934651675,76.6956,4342744722.6924,2026-02-24 12:04:11.675,solana,35.6334,82.5541,94.1434,79.1785,75.9158,1.2957
1771938154494,76.6222,4251336881.334,2026-02-24 13:02:34.494,solana,35.1018,82.5057,94.0738,78.9651,75.8925,1.1939
1771941772521,76.5945,4151536458.08,2026-02-24 14:02:52.521,solana,34.8907,82.4547,94.0041,78.9344,75.801,1.0522
1771945359271,76.9505,4223798296.4767,2026-02-24 15:02:39.271,solana,39.9021,82.4174,93.9362,78.7209,75.8357,0.9128
1771948944866,77.2106,4232926698.0065,2026-02-24 16:02:24.866,solana,43.3347,82.3795,93.8692,78.6083,75.8495,0.8132
1771952622135,77.8923,4209283222.5708,2026-02-24 17:03:42.135,solana,51.2008,82.341,93.8072,78.5198,75.8903,0.7501
1771956172227,77.9559,4085490662.7364,2026-02-24 18:02:52.227,solana,51.8719,82.3074,93.7459,78.439,75.9307,0.7541
1771959734135,78.2191,3979833562.8517,2026-02-24 19:02:14.135,solana,54.6519,82.266,93.6859,78.3756,75.9678,0.7204
1771963309763,78.3028,3927401936.0098,2026-02-24 20:01:49.763,solana,55.5316,82.2271,93.6301,78.4761,75.9211,0.7259
1771967011097,78.6621,3901921472.3175,2026-02-24 21:03:31.097,solana,59.1916,82.1895,93.5752,78.5368,75.8841,0.7456
1771970563436,78.4831,3891311610.8846,2026-02-24 22:02:43.436,solana,56.6877,82.15,93.5199,78.6738,75.8252,0.753
1771974179227,78.9772,3866683557.5158,2026-02-24 23:02:59.227,solana,61.5249,82.1141,93.4655,78.9274,75.7119,0.79
1771977804479,79.0836,3899279987.0761,2026-02-25 00:03:24.479,solana,62.4959,82.0782,93.4104,79.194,75.677,0.8586
1771981320854,79.2757,3908001060.5768,2026-02-25 01:02:00.854,solana,64.2503,82.045,93.3547,79.4621,75.662,0.9156
1771985026984,82.0217,4052422096.6089,2026-02-25 02:03:46.984,solana,79.2175,82.0324,93.299,80.4992,75.1675,1.3005
1771988537376,82.4814,4183233722.2088,2026-02-25 03:02:17.376,solana,80.6762,82.0194,93.2442,81.4114,74.841,1.6276
1771992170312,81.723,4154761813.5329,2026-02-25 04:02:50.312,solana,71.732,81.998,93.1894,81.9461,74.8033,1.7861
1771995709908,82.0427,4149110754.0564,2026-02-25 05:01:49.908,solana,73.0865,81.98,93.1332,82.4776,74.7705,1.9337
1771999353779,81.3387,4130851530.4924,2026-02-25 06:02:33.779,solana,65.6288,81.9591,93.0762,82.7674,74.9583,1.992
1772002935713,81.526,4126083260.4364,2026-02-25 07:02:15.713,solana,66.6048,81.9386,93.0195,83.0423,75.1636,2.0409
1772006429930,82.1008,4120941408.2593,2026-02-25 08:00:29.930,solana,69.4712,81.9197,92.9632,83.3563,75.3901,2.1082
1772010110690,82.3545,4133635086.3798,2026-02-25 09:01:50.690,solana,70.6676,81.9016,92.9074,83.6348,75.6849,2.1789
1772013753329,82.5298,4143064423.8165,2026-02-25 10:02:33.329,solana,71.4987,81.8849,92.8528,83.8574,76.0558,2.21
1772017359099,82.5882,4160891239.7626,2026-02-25 11:02:39.099,solana,71.786,81.875,92.7975,84.0432,76.4337,2.2246
1772020979811,83.1412,4233170779.1761,2026-02-25 12:02:59.811,solana,74.4121,81.875,92.7431,84.2735,76.7965,2.2413
1772024593068,83.7074,4350911676.7802,2026-02-25 13:03:13.068,solana,76.7939,81.8791,92.6892,84.6012,77.0503,2.2546
1772028148860,83.915,4425585153.8317,2026-02-25 14:02:28.860,solana,77.6164,81.8871,92.6348,84.8867,77.3607,2.2386
1772031778748,85.4894,4501647696.0309,2026-02-25 15:02:58.748,solana,82.6424,81.9052,92.5822,85.4566,77.5178,2.3236
1772035384924,86.0455,4702761881.7487,2026-02-25 16:03:04.924,solana,84.0082,81.9228,92.5303,86.0318,77.7169,2.4157
1772038970206,87.5159,4864235516.6138,2026-02-25 17:02:50.206,solana,86.9354,81.9545,92.4792,86.878,77.7561,2.6248
1772042451409,88.6105,5112568630.7599,2026-02-25 18:00:51.409,solana,88.6073,81.9929,92.4299,87.7992,77.8477,2.8638
1772046225527,88.9467,5267159038.7891,2026-02-25 19:03:45.527,solana,89.07,82.0381,92.3801,88.6421,78.0017,3.0638
1772049764378,89.4881,5405409033.5138,2026-02-25 20:02:44.378,solana,89.7891,82.0896,92.3318,89.4308,78.2534,3.2376
1772053369051,89.7525,5661183369.3057,2026-02-25 21:02:49.051,solana,90.1306,82.1399,92.285,90.1064,78.6256,3.3796
1772056827072,89.9758,5677563294.3383,2026-02-25 22:00:27.072,solana,90.422,82.1918,92.2371,90.8886,78.6388,3.4565
1772060574821,88.8931,6206849224.4009,2026-02-25 23:02:54.821,solana,78.345,82.2363,92.1876,91.3669,78.8016,3.4297
1772064197166,87.7855,5848679221.011,2026-02-26 00:03:17.166,solana,68.296,82.2735,92.1372,91.5764,79.1983,3.3058
1772067784418,88.5526,6440300490.4682,2026-02-26 01:03:04.418,solana,71.0642,82.3155,92.0881,91.8486,79.5772,3.1817
1772071380332,88.4853,6121215235.4908,2026-02-26 02:03:00.332,solana,70.4827,82.3552,92.0385,91.9733,80.1671,3.1829
1772074972427,88.2318,6025960508.9049,2026-02-26 03:02:52.427,solana,68.2183,82.3948,91.9877,91.9913,80.8196,3.172
1772078555716,87.9589,5965721845.018,2026-02-26 04:02:35.716,solana,65.7695,82.4321,91.9372,91.9553,81.4415,3.0939
1772082026957,88.7471,5938173298.3026,2026-02-26 05:00:26.957,solana,69.2084,82.4749,91.8878,91.9467,82.0893,3.035
1772085742282,87.7451,5938667923.5017,2026-02-26 06:02:22.282,solana,60.8406,82.5104,91.8371,91.7617,82.7958,2.8704
1772089390174,87.6411,6197977101.0521,2026-02-26 07:03:10.174,solana,60.0292,82.5419,91.7865,91.4643,83.5985,2.6823
1772092809899,87.3499,6168679975.2335,2026-02-26 08:00:09.899,solana,57.7083,82.5719,91.7351,91.1245,84.3592,2.501
1772096560903,87.393,6192172331.5159,2026-02-26 09:02:40.903,solana,57.9677,82.6059,91.6843,90.7679,85.0844,2.3074
1772100240540,88.3356,6248562154.3147,2026-02-26 10:04:00.540,solana,63.2656,82.6484,91.6352,90.3141,85.9802,2.1022
1772103616498,87.3805,6257537655.0962,2026-02-26 11:00:16.498,solana,55.6159,82.6836,91.5849,90.0761,86.4074,1.8422
1772107219131,86.7964,6239631394.5305,2026-02-26 12:00:19.131,solana,51.5141,82.717,91.5333,89.9562,86.6023,1.5971
1772110961054,87.6558,6088714263.2694,2026-02-26 13:02:41.054,solana,56.5877,82.758,91.4832,89.9516,86.621,1.3528
1772114517801,87.6142,5296008685.9875,2026-02-26 14:01:57.801,solana,56.2805,82.804,91.4339,89.9195,86.5534,1.0633
1772118164124,87.0046,5506354218.2058,2026-02-26 15:02:44.124,solana,51.8418,82.8404,91.3833,89.8707,86.408,0.9452
1772121766580,86.4215,5820904376.9209,2026-02-26 16:02:46.580,solana,47.947,82.8759,91.3303,89.7551,86.2169,0.9126
1772125340372,84.539,5035869495.8278,2026-02-26 17:02:20.372,solana,38.0164,82.8991,91.2725,89.8725,85.5782,1.1627
1772128975687,84.9502,5525596386.2201,2026-02-26 18:02:55.687,solana,40.8956,82.9261,91.2186,89.6843,85.2638,1.3064
1772132547828,85.3831,5458997044.6528,2026-02-26 19:02:27.828,solana,43.8532,82.9469,91.1629,89.5863,85.0109,1.3734
1772136191865,86.3923,5447331896.4313,2026-02-26 20:03:11.865,solana,50.1191,82.9742,91.1084,89.5378,84.92,1.3402
1772139776139,86.1209,5276354659.0818,2026-02-26 21:02:56.139,solana,48.5501,82.9982,91.0515,89.3804,84.8342,1.2835
1772143336788,85.9818,4883286343.5954,2026-02-26 22:02:16.788,solana,47.7252,83.0218,90.9947,89.2133,84.751,1.189
1772146978248,86.12,4640039454.7863,2026-02-26 23:02:58.248,solana,48.6586,83.045,90.9373,89.0605,84.6926,1.1539
1772150561634,85.8935,4397256665.1494,2026-02-27 00:02:41.634,solana,47.1726,83.0659,90.8801,88.938,84.6086,1.1701
1772154246778,85.7776,4155625735.4757,2026-02-27 01:04:06.778,solana,46.3916,83.0828,90.8229,88.629,84.6206,1.1499
1772157803700,86.0961,4115492482.8352,2026-02-27 02:03:23.700,solana,48.8949,83.1018,90.7663,88.4903,84.5944,1.1107
1772161403963,86.6154,4016957275.8472,2026-02-27 03:03:23.963,solana,52.7685,83.1236,90.7104,88.3735,84.6086,1.0692
1772164989746,87.6494,3483473145.3834,2026-02-27 04:03:09.746,solana,59.3711,83.1513,90.656,88.4201,84.592,1.0557
1772168442772,87.5693,4095304051.8255,2026-02-27 05:00:42.772,solana,58.6865,83.1803,90.6018,88.4467,84.583,0.9829
1772172219242,87.521,3999665659.6247,2026-02-27 06:03:39.242,solana,58.2509,83.2052,90.5476,88.281,84.6673,0.9734
1772175620318,87.3333,3958418835.8247,2026-02-27 07:00:20.318,solana,56.4936,83.2275,90.4922,88.274,84.6695,0.9621
1772179395656,87.2958,4015666575.5728,2026-02-27 08:03:15.656,solana,56.1298,83.2501,90.4371,88.3299,84.6636,0.9605
1772183011680,87.5765,3969108915.3326,2026-02-27 09:03:31.680,solana,58.2966,83.2739,90.3827,88.3162,84.6694,0.9673
1772186617329,86.4281,3921842386.8033,2026-02-27 10:03:37.329,solana,47.8762,83.2872,90.3262,88.1828,84.6842,0.9003
1772190067625,84.7623,3735208557.6078,2026-02-27 11:01:07.625,solana,37.4251,83.291,90.2673,88.193,84.4497,0.957
1772193682839,83.6279,4061303987.6551,2026-02-27 12:01:22.839,solana,32.2607,83.2914,90.2059,88.3894,83.974,1.1165
1772197308490,83.0009,4150191214.2973,2026-02-27 13:01:48.490,solana,29.8119,83.2874,90.1447,88.6215,83.588,1.2727
1772200973192,83.0455,4335331482.4362,2026-02-27 14:02:53.192,solana,30.2175,83.293,90.0833,88.8208,83.1983,1.3817
1772204652370,82.4114,4293929121.2386,2026-02-27 15:04:12.370,solana,27.7603,83.2899,90.0219,89.0743,82.6476,1.5401
1772208139289,82.7121,4166146563.1802,2026-02-27 16:02:19.289,solana,30.6408,83.2819,89.9618,89.1578,82.1961,1.6539
1772211875407,81.4265,4030911290.1472,2026-02-27 17:04:35.407,solana,25.888,83.2646,89.9002,89.3754,81.509,1.8523
1772215385183,81.7262,4043139502.7107,2026-02-27 18:03:05.183,solana,28.6661,83.2489,89.8381,89.4712,80.9877,2.0036
1772219010737,81.4864,4008746936.5787,2026-02-27 19:03:30.737,solana,27.7691,83.2274,89.7766,89.5168,80.4788,2.1534
1772222577337,81.5382,3910041464.0521,2026-02-27 20:02:57.337,solana,28.2912,83.2085,89.7148,89.5197,80.0403,2.2608
1772226207063,81.517,3886069321.2319,2026-02-27 21:03:27.063,solana,28.2013,83.1905,89.6539,89.4877,79.6462,2.354
1772229728182,81.1604,3912675336.9134,2026-02-27 22:02:08.182,solana,26.668,83.1708,89.5923,89.4019,79.2385,2.4521
1772233298082,81.3791,4014853514.3381,2026-02-27 23:01:38.082,solana,29.2099,83.1521,89.531,89.1795,78.9373,2.5141
1772236984512,81.8744,4079065323.0383,2026-02-28 00:03:04.512,solana,34.7295,83.136,89.471,88.6958,78.8435,2.5438
1772240596714,82.0896,4064002588.8085,2026-02-28 01:03:16.714,solana,37.0267,83.1224,89.4116,88.1479,78.8433,2.5577
1772244188688,81.8984,4011019104.2214,2026-02-28 02:03:08.688,solana,35.8206,83.1058,89.3529,87.5269,78.9021,2.5571
1772247741923,82.1358,3961416561.8814,2026-02-28 03:02:21.923,solana,38.4991,83.0896,89.2959,86.8491,79.0602,2.5135
1772251399900,81.7222,3914115241.5604,2026-02-28 04:03:19.900,solana,35.7026,83.0744,89.2387,86.051,79.3009,2.3987
1772254981091,81.6676,3799063655.7861,2026-02-28 05:03:01.091,solana,35.3379,83.0588,89.1809,84.9186,79.8424,2.2584
1772258504771,81.5045,3768118441.8151,2026-02-28 06:01:44.771,solana,34.213,83.0413,89.1231,83.8883,80.3804,2.088
1772262171198,77.4702,4188084920.6789,2026-02-28 07:02:51.198,solana,18.5139,83.0019,89.0595,84.1179,79.4215,2.1616
1772265729285,78.7446,4551352079.0895,2026-02-28 08:02:09.285,solana,29.5164,82.9697,88.997,84.0584,78.9927,2.049
1772269427507,78.0217,4591859094.3987,2026-02-28 09:03:47.507,solana,27.2674,82.9306,88.9344,84.138,78.4152,1.8812
1772272957329,78.4201,4691733608.4356,2026-02-28 10:02:37.329,solana,30.4141,82.8919,88.8726,84.0419,78.0487,1.7299
1772276602003,79.1175,4538753262.4681,2026-02-28 11:03:22.003,solana,35.6618,82.8563,88.8117,83.9206,77.8407,1.6448
1772280174945,78.7686,4727182194.5432,2026-02-28 12:02:54.945,solana,34.2696,82.8172,88.7508,83.7342,77.6327,1.6368
1772283611514,78.8532,4647805314.2317,2026-02-28 13:00:11.514,solana,34.9329,82.779,88.6901,83.6853,77.4242,1.6392
1772287394789,80.6067,4659814350.3684,2026-02-28 14:03:14.789,solana,46.8965,82.7493,88.6317,83.5833,77.4143,1.5722
1772290890786,80.2859,4559721601.1713,2026-02-28 15:01:30.786,solana,45.2573,82.7133,88.5755,83.4906,77.387,1.5345
1772294546308,80.8806,4523686993.4523,2026-02-28 16:02:26.308,solana,48.8284,82.6793,88.5255,83.4236,77.3882,1.473
1772298132427,81.0762,4424718975.7508,2026-02-28 17:02:12.427,solana,49.9841,82.6489,88.4738,83.3751,77.3926,1.4661
1772301612273,81.0567,4337351252.8267,2026-02-28 18:00:12.273,solana,49.8635,82.6183,88.4227,83.3649,77.3925,1.4496
1772305352127,82.3659,4399348634.6124,2026-02-28 19:02:32.127,solana,57.3271,82.5932,88.376,83.5098,77.3463,1.485
1772308945152,82.2692,4549919518.8538,2026-02-28 20:02:25.152,solana,56.6558,82.5696,88.3282,83.5711,77.3244,1.5125
1772312506767,84.8988,4799152598.0817,2026-02-28 21:01:46.767,solana,67.7192,82.5659,88.2839,84.2075,76.9689,1.7401
1772316106870,84.4229,4894235357.1427,2026-02-28 22:01:46.870,solana,64.5103,82.558,88.2383,84.6684,76.7605,1.8933
1772319735085,84.4099,4967545054.7783,2026-02-28 23:02:15.085,solana,64.4204,82.5518,88.1923,85.0601,76.5962,2.0235
1772323267744,84.4028,4903054580.647,2026-03-01 00:01:07.744,solana,64.3673,82.5471,88.1462,85.4603,76.4641,2.1326
1772326962776,84.9133,4960876087.9621,2026-03-01 01:02:42.776,solana,66.4903,82.5478,88.1009,85.936,76.313,2.2619
1772330448375,86.6088,5231646972.881,2026-03-01 02:00:48.375,solana,72.3765,82.5559,88.0617,86.7534,76.006,2.5115
1772334247917,87.9787,5747648195.09,2026-03-01 03:04:07.917,solana,76.0386,82.5738,88.0259,87.6865,76.1237,2.8429
1772337779576,88.0493,5991564147.9573,2026-03-01 04:02:59.576,solana,76.2136,82.5918,87.9894,88.5438,76.1969,3.1257
1772341394396,87.5581,6337980060.7754,2026-03-01 05:03:14.396,solana,72.2588,82.6063,87.9507,89.0763,76.618,3.3274
1772345013920,87.3018,6123900725.4841,2026-03-01 06:03:33.920,solana,70.2123,82.6204,87.9117,89.4607,77.1218,3.4819
1772348481770,86.7074,5729409277.5497,2026-03-01 07:01:21.770,solana,65.5718,82.629,87.8742,89.6987,77.6428,3.419
1772352160280,86.5962,5365866870.1934,2026-03-01 08:02:40.280,solana,64.7102,82.6367,87.8339,89.7743,78.35,3.3874
1772355780151,85.2521,5531944301.077,2026-03-01 09:03:00.151,solana,55.2592,82.6386,87.7923,89.5855,79.1786,3.2294
1772359434770,84.9709,5279888771.8827,2026-03-01 10:03:54.770,solana,53.499,82.6383,87.7503,89.5099,79.6907,3.0581
1772362963080,85.2442,5344391675.6521,2026-03-01 11:02:43.080,solana,54.9992,82.6386,87.7081,89.3447,80.3517,2.909
1772366545286,85.1932,5228760218.1971,2026-03-01 12:02:25.286,solana,54.6452,82.6383,87.6648,89.1758,80.9519,2.6966
1772370185825,84.8808,4984606052.3177,2026-03-01 13:03:05.825,solana,52.4173,82.6409,87.6215,88.9405,81.5676,2.4411
1772373825459,86.3053,4563059890.9174,2026-03-01 14:03:45.459,solana,60.3544,82.6553,87.5809,88.6807,82.3523,2.3204
1772377386432,85.792,5011761565.7302,2026-03-01 15:03:06.432,solana,56.6853,82.6682,87.5387,88.5028,82.8727,2.1255
1772380989958,86.0354,5037978396.7328,2026-03-01 16:03:09.958,solana,57.9893,82.6832,87.4963,88.2148,83.5374,1.9479
1772384400673,84.291,4843923442.8812,2026-03-01 17:00:00.673,solana,47.0536,82.6878,87.4511,88.2493,83.4421,1.7545
1772388143518,83.9804,5178917049.8806,2026-03-01 18:02:23.518,solana,45.4116,82.6938,87.4058,88.2866,83.3606,1.5338
1772391784088,84.0155,5162051463.4577,2026-03-01 19:03:04.088,solana,45.6423,82.6987,87.3593,88.3176,83.2901,1.4232
1772395349461,83.2685,5036885552.8425,2026-03-01 20:02:29.461,solana,41.6092,82.6987,87.3106,88.4303,83.064,1.3365
1772398966562,81.993,4928431295.6918,2026-03-01 21:02:46.562,solana,35.7933,82.6924,87.2621,88.7306,82.4717,1.517
1772402586675,82.9772,4834090370.1973,2026-03-01 22:03:06.675,solana,42.4746,82.6894,87.2145,88.7113,82.1278,1.5856
1772406189046,82.7673,4901541525.5084,2026-03-01 23:03:09.046,solana,41.4833,82.6848,87.1668,88.4241,81.8939,1.6622
1772409798629,83.5819,4983272906.5469,2026-03-02 00:03:18.629,solana,46.685,82.6898,87.1199,87.9832,81.888,1.6896
1772413340688,84.9626,5134929276.694,2026-03-02 01:02:20.688,solana,54.1277,82.7086,87.0748,87.6068,82.0049,1.6891
1772416935172,84.5925,4956339068.9344,2026-03-02 02:02:15.172,solana,52.0309,82.7479,87.0284,87.2267,82.114,1.6693
1772420533716,84.1443,4605703430.3709,2026-03-02 03:02:13.716,solana,49.5287,82.786,86.9811,86.9286,82.1558,1.5703
1772424018960,84.9481,4580803301.0449,2026-03-02 04:00:18.960,solana,53.8182,82.8289,86.935,86.6636,82.256,1.4316
1772427695432,84.1982,4415704989.1795,2026-03-02 05:01:35.432,solana,49.584,82.8697,86.8878,86.5829,82.2314,1.3192
1772431289055,84.3569,4423649860.9039,2026-03-02 06:01:29.055,solana,50.4721,82.909,86.8405,86.5367,82.2161,1.2034
1772434896497,83.2222,4323087581.3971,2026-03-02 07:01:36.497,solana,44.4445,82.9338,86.7918,86.4529,82.0977,1.1506
1772438495847,82.9439,4414436105.8604,2026-03-02 08:01:35.847,solana,43.0854,82.9549,86.7443,86.3713,81.9544,1.0992
1772442087329,83.408,4421003139.5196,2026-03-02 09:01:27.329,solana,46.048,82.9827,86.7003,86.2952,81.8832,1.0963
1772445767669,83.6924,4415948292.5553,2026-03-02 10:02:47.669,solana,47.8402,83.0026,86.6551,85.9201,81.997,1.091
1772449338031,83.783,4400622540.8254,2026-03-02 11:02:18.031,solana,48.4277,83.0237,86.6096,85.6304,82.0858,1.0708
1772452970761,83.9206,4477107885.5145,2026-03-02 12:02:50.761,solana,49.3608,83.047,86.5652,85.2183,82.2864,1.0475
1772456547282,83.7136,4454584292.6185,2026-03-02 13:02:27.282,solana,47.9555,83.0652,86.5217,85.1685,82.2785,1.0361
1772460215144,83.0272,4450358496.1172,2026-03-02 14:03:35.144,solana,43.5286,83.0792,86.4789,85.1464,82.2052,0.9352
1772463784695,85.4841,4651222716.3212,2026-03-02 15:03:04.695,solana,58.3495,83.1107,86.4463,85.4142,82.0843,0.9099
1772467394749,88.5193,5428428462.064,2026-03-02 16:03:14.749,solana,69.1287,83.1645,86.4182,86.6577,81.3659,1.2445
1772470941582,89.2471,5779662636.1964,2026-03-02 17:02:21.582,solana,71.0628,83.2256,86.3947,87.7123,81.0367,1.6436
1772474556834,87.5073,5228195159.7633,2026-03-02 18:02:36.834,solana,61.1938,83.2833,86.3729,88.1377,81.0643,1.7757
1772478235867,87.3416,5925478460.1622,2026-03-02 19:03:55.867,solana,60.3347,83.3345,86.353,88.4531,81.2064,1.8759
1772481786896,87.6309,6016292974.391,2026-03-02 20:03:06.896,solana,61.3551,83.3906,86.3332,88.8035,81.2609,1.9624
1772485236095,87.8425,6012647034.4418,2026-03-02 21:00:36.095,solana,62.1225,83.447,86.314,89.1408,81.2115,1.9793
1772488994003,87.5737,5979898881.8442,2026-03-02 22:03:14.003,solana,60.479,83.5019,86.292,89.4131,81.2373,2.0064
1772492576602,87.9853,5937529490.8051,2026-03-02 23:02:56.602,solana,62.1311,83.5584,86.2699,89.7244,81.3102,2.0252
1772496206856,86.6422,5865003420.5399,2026-03-03 00:03:26.856,solana,54.1737,83.6113,86.2438,89.828,81.376,2.0075
1772499725946,86.8055,6002100516.7582,2026-03-03 01:02:05.946,solana,54.9296,83.6611,86.2177,89.9379,81.5268,2.0234
1772503039001,86.5012,5891579409.6413,2026-03-03 01:57:19.001,solana,53.1696,83.7135,86.1922,90.0086,81.6706,2.0228
1772503402867,86.3254,5894661980.1925,2026-03-03 02:03:22.867,solana,52.1308,83.7656,86.1656,89.9899,81.9996,2.0033
1772506977130,86.1751,5928371080.3103,2026-03-03 03:02:57.130,solana,51.2092,83.8216,86.1397,89.8982,82.4144,1.9992
1772510562720,86.3182,5886220866.8005,2026-03-03 04:02:42.720,solana,52.0778,83.8786,86.1134,89.8249,82.7788,1.9746
1772514016031,85.7802,5823135726.6943,2026-03-03 05:00:16.031,solana,48.5771,83.9333,86.0873,89.732,83.0804,1.9496
1772517814586,85.6046,5867518099.214,2026-03-03 06:03:34.586,solana,47.4557,83.9867,86.0603,89.6246,83.37,1.8667
1772521448852,85.7881,5837079395.5084,2026-03-03 07:04:08.852,solana,48.7858,84.0405,86.0332,89.5092,83.6722,1.7516
1772524942041,85.5445,5773287247.7855,2026-03-03 08:02:22.041,solana,47.0816,84.091,86.0057,89.3369,84.0275,1.6602
1772528509396,84.1212,5753463647.6261,2026-03-03 09:01:49.396,solana,38.597,84.136,85.9759,89.1193,84.3546,1.6342
1772532020472,84.2696,5768081334.6037,2026-03-03 10:00:20.472,solana,39.8147,84.1809,85.9484,89.2383,84.1141,1.6055
1772535854421,83.9537,5908846770.5138,2026-03-03 11:04:14.421,solana,38.0837,84.2241,85.9193,89.1235,83.7723,1.6034
1772539381525,84.2305,5888456964.8339,2026-03-03 12:03:01.525,solana,40.5239,84.2694,85.8907,88.7117,83.6824,1.5712
1772542885795,84.3568,6131619888.1025,2026-03-03 13:01:25.795,solana,41.6545,84.3156,85.8629,88.6005,83.4786,1.4726
1772546541579,83.4712,6089402776.0697,2026-03-03 14:02:21.579,solana,36.427,84.3544,85.8359,88.5642,83.1278,1.5757
1772550033501,83.1465,6000189602.6117,2026-03-03 15:00:33.501,solana,34.7076,84.3898,85.8103,88.4516,82.792,1.6175
1772553746586,84.9202,5475439299.2495,2026-03-03 16:02:26.586,solana,48.8993,84.4316,85.7871,88.128,82.8234,1.4755
1772557393536,85.4784,5415339693.0844,2026-03-03 17:03:13.536,solana,52.4052,84.4764,85.764,87.8429,82.899,1.4325
1772561012833,85.2109,5257420945.8459,2026-03-03 18:03:32.833,solana,50.6134,84.518,85.739,87.3936,83.0708,1.3946
1772564419420,85.4314,5326870645.9717,2026-03-03 19:00:19.420,solana,52.068,84.5604,85.7162,87.2374,83.1059,1.3298
1772568014788,85.1468,5298801206.8612,2026-03-03 20:00:14.788,solana,50.0198,84.599,85.6935,87.0138,83.1636,1.2395
1772571762553,84.8692,5200713043.8901,2026-03-03 21:02:42.553,solana,48.0349,84.637,85.6711,86.821,83.1933,1.1582
1772575356400,85.0754,5154455800.9632,2026-03-03 22:02:36.400,solana,49.6335,84.6733,85.6481,86.6557,83.2336,1.012
1772578884588,86.293,5147318308.7135,2026-03-03 23:01:24.588,solana,57.8761,84.7163,85.6279,86.6792,83.2218,0.9929
1772582542643,87.0255,5218540398.9346,2026-03-04 00:02:22.643,solana,61.9143,84.7624,85.6069,86.8488,83.123,1.0092
1772586154711,86.6954,5185425647.3839,2026-03-04 01:02:34.711,solana,59.1623,84.7902,85.5855,87.0116,83.0517,1.0208
1772589710066,87.3192,5306556928.782,2026-03-04 02:01:50.066,solana,62.5502,84.819,85.5668,87.3246,82.9102,1.0857
1772593367295,87.0952,5267282751.6918,2026-03-04 03:02:47.295,solana,60.6059,84.851,85.5492,87.538,82.8275,1.1346
1772596993576,85.6397,5432552910.6104,2026-03-04 04:03:13.576,solana,49.7775,84.8724,85.5288,87.546,82.829,1.1164
1772600691703,85.3017,5424890759.4067,2026-03-04 05:04:51.703,solana,47.6483,84.896,85.5109,87.5539,82.9392,1.1111
1772604225591,85.6791,5463158046.7602,2026-03-04 06:03:45.591,solana,50.2092,84.9207,85.4905,87.5865,83.0475,1.1123
1772607696995,85.5038,5562960200.079,2026-03-04 07:01:36.995,solana,49.0102,84.941,85.4683,87.5766,83.2123,1.1078
1772611321670,87.2958,5681683942.7997,2026-03-04 08:02:01.670,solana,59.6257,84.9704,85.4483,87.8105,83.285,1.1838
1772614994205,89.3378,5921938331.823,2026-03-04 09:03:14.205,solana,67.8417,85.0109,85.4297,88.5283,83.0653,1.4122
1772618545319,90.6807,6381893021.0528,2026-03-04 10:02:25.319,solana,71.8926,85.0591,85.4129,89.4176,82.8969,1.7331
1772622186888,90.0986,6586238533.7326,2026-03-04 11:03:06.888,solana,67.8998,85.1005,85.3952,89.8873,83.1225,1.8951
1772625768601,89.7752,6566258600.2343,2026-03-04 12:02:48.601,solana,65.7162,85.1366,85.3766,90.3311,83.1641,1.9982
1772629409249,89.2986,6622759607.4701,2026-03-04 13:03:29.249,solana,62.525,85.1686,85.3573,90.6366,83.2407,2.0449
1772632993445,89.9185,6732899833.5059,2026-03-04 14:03:13.445,solana,64.9118,85.195,85.3377,90.9992,83.3488,2.0544
1772636578973,90.2676,6914973900.8863,2026-03-04 15:02:58.973,solana,66.2166,85.2201,85.3178,91.3788,83.4529,2.0239
1772640210001,92.7475,7362541105.5724,2026-03-04 16:03:30.001,solana,73.6992,85.2513,85.3008,92.2436,83.3481,2.2792
1772643775991,91.6932,7161655245.2108,2026-03-04 17:02:55.991,solana,66.9142,85.2696,85.2828,92.6804,83.5937,2.4031
1772647406576,91.6237,7202810242.4944,2026-03-04 18:03:26.576,solana,66.4795,85.2856,85.2649,93.0219,83.9071,2.4765
1772650975143,92.3058,7188137887.3209,2026-03-04 19:02:55.143,solana,68.6322,85.3023,85.249,93.4997,84.0306,2.5731
1772654629630,93.4131,7421714355.6329,2026-03-04 20:03:49.630,solana,71.7988,85.3241,85.2347,94.1563,84.0127,2.6976
1772658172670,93.1142,7507935925.3801,2026-03-04 21:02:52.670,solana,69.7523,85.3428,85.2185,94.6416,84.1693,2.7346
1772661703094,92.3783,7537064613.2123,2026-03-04 22:01:43.094,solana,64.8499,85.3635,85.2011,94.9555,84.3613,2.6985
1772665358185,91.36,7510592562.5438,2026-03-04 23:02:38.185,solana,58.7024,85.3848,85.183,95.0814,84.6618,2.6601
1772668967303,90.9629,7418196819.7759,2026-03-05 00:02:47.303,solana,56.4545,85.3992,85.165,94.987,85.2886,2.6286
1772672609407,90.9199,7458866982.6347,2026-03-05 01:03:29.407,solana,56.2038,85.4137,85.1467,94.7366,86.1008,2.569
1772676214865,89.9233,7446435475.2732,2026-03-05 02:03:34.865,solana,50.591,85.4237,85.1292,94.3753,86.8866,2.5169
1772679739252,90.1928,7336088455.0467,2026-03-05 03:02:19.252,solana,51.9875,85.437,85.11,93.7947,87.936,2.4481
1772683383872,90.0108,7234035762.123,2026-03-05 04:03:03.872,solana,50.9402,85.4445,85.0897,93.472,88.5303,2.2674
1772687002994,90.4277,7217789189.9594,2026-03-05 05:03:22.994,solana,53.2625,85.4605,85.0712,93.4233,88.688,2.0176
1772690569075,90.1756,7128888602.6793,2026-03-05 06:02:49.075,solana,51.6696,85.4756,85.0522,93.4241,88.6366,1.7545
1772694216273,90.8658,7069744271.5147,2026-03-05 07:03:36.273,solana,55.5849,85.4965,85.0331,93.4258,88.7116,1.3853
1772697786631,90.0718,7145540682.0129,2026-03-05 08:03:06.631,solana,50.5149,85.5125,85.0136,93.4114,88.7557,1.1826
1772701399118,90.6096,6841209563.1626,2026-03-05 09:03:19.118,solana,53.6022,85.526,84.9963,93.3422,88.956,1.1372
1772704861297,91.2067,6438751380.8252,2026-03-05 10:01:01.297,solana,56.8225,85.5488,84.9803,93.3327,89.0944,1.1368
1772708576278,92.6768,6338221441.0253,2026-03-05 11:02:56.278,solana,63.5342,85.5838,84.9659,93.4978,89.1702,1.1719
1772712177387,91.8382,6178422000.0677,2026-03-05 12:02:57.387,solana,57.9963,85.6087,84.9503,93.3682,89.2088,1.1473
1772715785446,92.0626,6146980906.906,2026-03-05 13:03:05.446,solana,59.0254,85.6352,84.9347,93.4072,89.2068,1.0889
1772719442274,90.9345,6132955044.1201,2026-03-05 14:04:02.274,solana,52.1123,85.6586,84.9205,93.3734,89.1716,1.0527
1772722860994,90.6968,5946182462.2335,2026-03-05 15:01:00.994,solana,50.7634,85.684,84.9045,93.2513,89.1328,1.0375
1772726527675,89.5366,5612329507.2946,2026-03-05 16:02:07.675,solana,44.6828,85.7138,84.8889,92.9092,89.0873,1.0553
1772730153061,88.9417,5494085689.6045,2026-03-05 17:02:33.061,solana,41.9105,85.7375,84.8747,92.6412,88.9381,1.1459
1772733837214,88.1705,5400399328.5588,2026-03-05 18:03:57.214,solana,38.5701,85.7541,84.8626,92.6086,88.5499,1.2849
1772737283012,88.7075,5396393327.9696,2026-03-05 19:01:23.012,solana,42.0348,85.7679,84.8485,92.5976,88.2956,1.3289
1772740966021,88.8363,5141285741.4213,2026-03-05 20:02:46.021,solana,42.8672,85.784,84.832,92.5868,88.0938,1.2645
1772744555532,89.2142,5070975301.3103,2026-03-05 21:02:35.532,solana,45.3464,85.8033,84.8168,92.5362,87.9737,1.176
1772748187908,89.1204,5009618421.2943,2026-03-05 22:03:07.908,solana,44.8265,85.8211,84.8038,92.5458,87.8839,1.1305
1772751765137,89.2221,4917899836.5899,2026-03-05 23:02:45.137,solana,45.5555,85.841,84.792,92.5371,87.7955,1.1285
1772755392254,88.7321,4774782086.6875,2026-03-06 00:03:12.254,solana,42.6329,85.8585,84.7788,92.5541,87.6507,1.1564
1772758826594,88.7848,4710562942.5634,2026-03-06 01:00:26.594,solana,43.0555,85.8745,84.7647,92.5322,87.5083,1.1748
1772762523356,89.1249,4606041958.0104,2026-03-06 02:02:03.356,solana,45.8326,85.8895,84.7528,92.5082,87.4271,1.1895
1772766139825,88.4143,4649085317.1728,2026-03-06 03:02:19.825,solana,41.3003,85.894,84.7381,92.4366,87.2537,1.232
1772769785184,88.3971,4615324212.9796,2026-03-06 04:03:05.184,solana,41.1942,85.899,84.7247,92.4253,87.0974,1.271
1772773254804,88.0865,4573881468.3841,2026-03-06 05:00:54.804,solana,39.233,85.9023,84.7121,92.3647,86.9057,1.315
1772776952305,87.8446,4622038699.0687,2026-03-06 06:02:32.305,solana,37.7262,85.9054,84.6978,92.2029,86.7313,1.3686
1772780540232,88.1192,4570258218.3563,2026-03-06 07:02:20.232,solana,40.519,85.9103,84.6843,91.6014,86.8771,1.3791
1772784214938,88.7145,4506087271.7337,2026-03-06 08:03:34.938,solana,46.1562,85.9171,84.6721,91.1291,87.037,1.3849
1772787814197,88.3373,4411909243.4171,2026-03-06 09:03:34.197,solana,43.3523,85.9284,84.66,90.4406,87.353,1.3834
1772791332891,87.4662,4350344853.8915,2026-03-06 10:02:12.891,solana,37.6628,85.9445,84.6469,90.0805,87.3663,1.3823
1772795016098,87.7211,4243081811.4849,2026-03-06 11:03:36.098,solana,40.1386,85.9689,84.6354,89.6587,87.4905,1.207
1772798584550,87.2249,4154350068.4249,2026-03-06 12:03:04.550,solana,37.0536,85.994,84.6229,89.5996,87.3184,1.1055
1772802184587,86.4593,4191077958.358,2026-03-06 13:03:04.587,solana,32.8574,86.0143,84.6118,89.7465,86.9233,0.9825
1772805798750,85.9964,4275542427.4189,2026-03-06 14:03:18.750,solana,30.601,86.0357,84.6013,89.9679,86.4845,0.9931
1772809393446,84.3142,4367365757.2112,2026-03-06 15:03:13.446,solana,24.1185,86.0452,84.5898,90.4262,85.5868,1.1896
1772812964662,84.5713,4284002841.8631,2026-03-06 16:02:44.662,solana,26.6755,86.0639,84.58,90.6032,84.9834,1.3571
1772816411105,84.6115,4103482186.8362,2026-03-06 17:00:11.105,solana,27.0888,86.0811,84.5711,90.6135,84.5128,1.4984
1772820191611,84.1912,4095705303.2276,2026-03-06 18:03:11.611,solana,25.4711,86.0972,84.5596,90.6107,84.0227,1.662
1772823784681,85.3847,4103981264.9965,2026-03-06 19:03:04.681,solana,36.9802,86.1201,84.5476,90.3995,83.8501,1.7029
1772827337615,85.2512,4074652338.4386,2026-03-06 20:02:17.615,solana,36.3051,86.1423,84.5368,90.2353,83.6663,1.7333
1772830938616,85.0431,4027135478.4428,2026-03-06 21:02:18.616,solana,35.2253,86.1654,84.5288,90.0352,83.4921,1.7426
1772834543306,84.7076,4038605628.0308,2026-03-06 22:02:23.306,solana,33.4949,86.1853,84.5201,89.7426,83.3431,1.7563
1772838169980,84.9761,4004985416.6651,2026-03-06 23:02:49.980,solana,36.1958,86.2037,84.5103,89.519,83.2228,1.7308
1772841792789,84.6823,3950903005.5174,2026-03-07 00:03:12.789,solana,34.543,86.2191,84.5006,89.2709,83.0994,1.7285
1772845324888,84.7605,3942007008.897,2026-03-07 01:02:04.888,solana,35.3891,86.2362,84.4907,89.0345,83.0032,1.7025
1772848992115,84.765,3893066112.6009,2026-03-07 02:03:12.115,solana,35.4403,86.2518,84.482,88.8055,82.9243,1.634
1772852592978,84.5557,3736159547.6856,2026-03-07 03:03:12.978,solana,34.0748,86.2687,84.4731,88.4879,82.8855,1.6015
1772856185144,84.4714,3708373009.5238,2026-03-07 04:03:05.144,solana,33.5144,86.2854,84.4639,87.9501,82.999,1.5555
1772859788791,84.345,3692643193.2072,2026-03-07 05:03:08.791,solana,32.6483,86.3023,84.4546,87.4162,83.1337,1.5167
1772863377931,84.3988,3632924397.2334,2026-03-07 06:02:57.931,solana,33.4371,86.3435,84.4469,87.041,83.2022,1.4745
1772866974986,84.058,3591294955.0006,2026-03-07 07:02:54.986,solana,30.963,86.3752,84.4378,86.4955,83.3813,1.4076
1772870620889,84.2922,3555507789.2587,2026-03-07 08:03:40.889,solana,34.5464,86.4125,84.4275,85.965,83.6185,1.2427
1772874058622,84.4032,3602195751.8069,2026-03-07 09:00:58.622,solana,36.2367,86.4481,84.4165,85.588,83.7899,1.0683
1772877676446,84.5899,3425921921.9491,2026-03-07 10:01:16.446,solana,39.0852,86.4807,84.4085,85.2884,83.9489,0.947
1772881261489,84.5104,3405868340.0005,2026-03-07 11:01:01.489,solana,38.3003,86.5149,84.401,85.2857,83.9712,0.751
1772884825352,84.7411,3366744413.6513,2026-03-07 12:00:25.352,solana,41.9424,86.5499,84.3947,85.2954,83.9784,0.5564
1772888550222,84.3226,3162195756.5592,2026-03-07 13:02:30.222,solana,37.6061,86.572,84.389,85.2951,83.9499,0.4276
1772892149641,84.2916,2935286424.321,2026-03-07 14:02:29.641,solana,37.2987,86.5959,84.3821,85.2886,83.9664,0.3263
1772895695175,84.2274,2568989094.3584,2026-03-07 15:01:35.175,solana,36.6295,86.6158,84.3816,85.1536,83.9857,0.33
1772899323944,83.7396,2370354191.5966,2026-03-07 16:02:03.944,solana,31.9459,86.6316,84.3794,85.0966,83.8915,0.3729
1772902972210,83.5918,2224071385.3271,2026-03-07 17:02:52.210,solana,30.6668,86.6467,84.3804,85.0882,83.7548,0.4211
1772906568329,83.7833,2088241714.5736,2026-03-07 18:02:48.329,solana,34.3353,86.6552,84.3824,85.0831,83.6674,0.4424
1772910221650,83.398,1986134875.3955,2026-03-07 19:03:41.650,solana,30.8031,86.6619,84.385,85.0677,83.5251,0.4545
1772913706846,82.509,1946444359.4709,2026-03-07 20:01:46.846,solana,24.5309,86.6477,84.3903,85.2633,83.1121,0.5656
1772917339368,83.0151,1984543192.6986,2026-03-07 21:02:19.368,solana,32.906,86.6393,84.396,85.2562,82.9447,0.6
1772920865761,83.1517,1948624046.5091,2026-03-07 22:01:05.761,solana,35.003,86.6318,84.4006,85.2036,82.8359,0.6277
1772924521036,83.0,1932983531.863,2026-03-07 23:02:01.036,solana,33.7421,86.6234,84.4071,85.1781,82.7059,0.6439
1772928106817,83.2022,1886745480.1729,2026-03-08 00:01:46.817,solana,36.9996,86.6133,84.4174,85.1296,82.6275,0.6532
1772931710069,83.0438,1884308985.2053,2026-03-08 01:01:50.069,solana,35.5263,86.592,84.4226,85.0957,82.5313,0.6609
1772935391277,83.0331,1882059150.4258,2026-03-08 02:03:11.277,solana,35.4237,86.5626,84.4311,85.0408,82.4496,0.6607
1772938870894,82.4517,1926083044.3295,2026-03-08 03:01:10.894,solana,30.3004,86.5293,84.4396,85.0677,82.262,0.7028
1772942585870,82.3912,1944591126.2299,2026-03-08 04:03:05.870,solana,29.8176,86.4985,84.4462,85.0455,82.0942,0.7403
1772946017348,82.017,1946789231.4817,2026-03-08 05:00:17.348,solana,26.9544,86.4671,84.4479,85.0202,81.8808,0.8004
1772949767547,82.5572,1979349421.9928,2026-03-08 06:02:47.547,solana,36.4427,86.4424,84.4521,84.8729,81.8249,0.8078
1772953330696,82.4003,1962248844.1266,2026-03-08 07:02:10.696,solana,35.0192,86.4174,84.4561,84.7227,81.7641,0.8298
1772956992199,82.9051,1955359130.7664,2026-03-08 08:03:12.199,solana,42.7628,86.4034,84.4615,84.4664,81.8367,0.8163
1772960580833,83.0436,1946702293.4571,2026-03-08 09:03:00.833,solana,44.7095,86.3919,84.4639,84.2879,81.8874,0.7895
1772964145575,83.2044,1997307910.2756,2026-03-08 10:02:25.575,solana,46.9646,86.3798,84.4673,84.1017,81.9649,0.7426
1772967782574,83.6906,2096973030.1307,2026-03-08 11:03:02.574,solana,53.1824,86.3709,84.4709,83.9759,82.037,0.7008
1772971339296,82.8295,2118427131.1576,2026-03-08 12:02:19.296,solana,43.4628,86.3586,84.4726,83.8722,82.0497,0.6273
1772974993267,82.3214,2207390158.6349,2026-03-08 13:03:13.267,solana,38.9412,86.3349,84.4712,83.801,81.9939,0.5982
1772978412810,82.0269,2349082399.3809,2026-03-08 14:00:12.810,solana,36.5661,86.3125,84.4682,83.6929,81.9263,0.5761
1772982195295,82.2205,2334727145.3196,2026-03-08 15:03:15.295,solana,39.1918,86.2898,84.4652,83.6262,81.8753,0.5312
1772985765049,81.9971,2303185761.8564,2026-03-08 16:02:45.049,solana,37.2743,86.2762,84.4586,83.6556,81.7947,0.5301
1772989409075,81.4776,2324272404.2909,2026-03-08 17:03:29.075,solana,33.2069,86.2613,84.4512,83.7143,81.5822,0.5711
1772993010630,81.6403,2350948954.6617,2026-03-08 18:03:30.630,solana,35.5781,86.2471,84.4447,83.6979,81.4474,0.5678
1772996564950,81.6049,2317202599.2651,2026-03-08 19:02:44.950,solana,35.2839,86.2372,84.4372,83.6851,81.3208,0.5824
1773000092448,82.404,2282504603.8495,2026-03-08 20:01:32.448,solana,46.0946,86.2397,84.4307,83.6011,81.3249,0.5833
1773003633207,82.4329,2282219437.78,2026-03-08 21:00:33.207,solana,46.4432,86.2364,84.423,83.5389,81.326,0.576
1773007369079,82.165,2314806881.3374,2026-03-08 22:02:49.079,solana,43.6282,86.2328,84.4132,83.4656,81.3125,0.5658
1773010887651,82.0577,2628163843.5406,2026-03-08 23:01:27.651,solana,42.5165,86.2238,84.4056,83.455,81.2838,0.5625
1773014592004,81.6217,2716088769.6715,2026-03-09 00:03:12.004,solana,38.2514,86.2039,84.3986,83.4642,81.1976,0.5647
1773018233854,82.4064,2799954859.6019,2026-03-09 01:03:53.854,solana,48.3035,86.1909,84.392,83.4747,81.226,0.5477
1773021794730,82.3359,2936461388.0337,2026-03-09 02:03:14.730,solana,47.5537,86.1801,84.3853,83.4597,81.2189,0.5293
1773025570168,82.7215,2956878539.1196,2026-03-09 03:06:10.168,solana,51.9435,86.1669,84.378,83.4879,81.2228,0.5345
1773028992017,83.108,3110719444.1294,2026-03-09 04:03:12.017,solana,55.9246,86.1604,84.3718,83.521,81.21,0.5563
1773032578260,83.4257,3185776833.5462,2026-03-09 05:02:58.260,solana,58.9364,86.1548,84.3658,83.5956,81.1736,0.5894
1773036084191,84.3015,3266774072.915,2026-03-09 06:01:24.191,solana,65.8618,86.1613,84.3621,83.873,81.0059,0.7012
1773039712863,83.2179,3335515066.6757,2026-03-09 07:01:52.863,solana,53.7777,86.1629,84.3591,83.78,81.0517,0.7152
1773043369688,83.1471,3384243317.6767,2026-03-09 08:02:49.688,solana,53.0916,86.1613,84.3559,83.8219,81.0415,0.7221
1773046910693,83.669,3452359920.3297,2026-03-09 09:01:50.693,solana,57.4022,86.1612,84.354,83.9884,81.0097,0.751
1773050599816,84.106,3593838569.6245,2026-03-09 10:03:19.816,solana,60.6611,86.1631,84.3529,84.2299,80.9761,0.8041
1773054090519,83.6795,3579031610.3187,2026-03-09 11:01:30.519,solana,56.1459,86.1617,84.3512,84.3576,80.9943,0.8034
1773057801893,83.6287,3561408820.0863,2026-03-09 12:03:21.893,solana,55.6151,86.1612,84.3477,84.4578,81.0574,0.8286
1773061274101,83.9855,3521645061.3073,2026-03-09 13:01:14.101,solana,58.5785,86.1669,84.3449,84.5568,81.2091,0.8682
1773065001226,85.194,3669666698.8023,2026-03-09 14:03:21.226,solana,66.69,86.1651,84.3443,84.914,81.2073,0.9898
1773068651530,85.3604,3890487208.7598,2026-03-09 15:04:11.530,solana,67.6297,86.1463,84.3429,85.2303,81.2666,1.1031
1773072221393,85.0867,4022056901.1597,2026-03-09 16:03:41.393,solana,64.4101,86.1216,84.3403,85.4775,81.2876,1.1613
1773075817625,85.1699,4070176047.3671,2026-03-09 17:03:37.625,solana,64.9564,86.1077,84.3371,85.704,81.3348,1.1793
1773079413700,84.9964,4171463885.0252,2026-03-09 18:03:33.700,solana,62.7923,86.0937,84.3318,85.8431,81.4788,1.1767
1773083028036,85.213,4263453781.3246,2026-03-09 19:03:48.036,solana,64.3872,86.0793,84.3276,85.9705,81.667,1.1665
1773086536385,86.0161,4268427933.9524,2026-03-09 20:02:16.385,solana,69.5924,86.0684,84.3237,86.1449,81.932,1.2415
1773090026248,85.4712,4586766444.9628,2026-03-09 21:00:26.248,solana,62.877,86.0559,84.3199,86.2462,82.1372,1.2604
1773093807786,86.0222,4631112507.6051,2026-03-09 22:03:27.786,solana,66.4072,86.0442,84.3167,86.3926,82.3595,1.2836
1773097400618,85.7201,4402988885.7012,2026-03-09 23:03:20.618,solana,62.8768,86.0388,84.3141,86.4728,82.579,1.2605
1773101001690,84.9284,4418865591.9595,2026-03-10 00:03:21.690,solana,54.6746,86.0276,84.3109,86.4575,82.7764,1.1478
1773104589069,85.6093,4411071520.3513,2026-03-10 01:03:09.069,solana,59.5607,86.0223,84.3078,86.5297,82.9225,1.1049
1773108180251,85.7161,4346833167.8944,2026-03-10 02:03:00.251,solana,60.2835,86.0186,84.3057,86.6388,82.9549,1.0411
1773111657278,86.6028,4365036851.6271,2026-03-10 03:00:57.278,solana,65.7589,86.0212,84.3054,86.8187,83.1136,1.0442
1773115373559,85.6241,4254652704.7829,2026-03-10 04:02:53.559,solana,56.5005,86.0171,84.3032,86.7619,83.418,1.0002
1773118944314,86.3934,4339541958.0997,2026-03-10 05:02:24.314,solana,61.1326,86.0207,84.3022,86.8563,83.5961,1.0027
1773122529246,86.3836,4209547192.5508,2026-03-10 06:02:09.246,solana,61.0433,86.0253,84.3012,86.9594,83.7207,1.0335
1773126068107,86.3297,4098985662.3718,2026-03-10 07:01:08.107,solana,60.5212,86.0286,84.2999,86.9546,83.9906,0.9893
1773129783648,86.631,4262920254.3306,2026-03-10 08:03:03.648,solana,62.4572,86.035,84.2974,86.9245,84.3209,0.9338
1773133362487,86.7225,4303881155.3761,2026-03-10 09:02:42.487,solana,63.0497,86.0505,84.2961,86.9109,84.6082,0.9076
1773136951317,87.2345,4294885242.3419,2026-03-10 10:02:31.317,solana,66.2593,86.0682,84.2966,87.1481,84.5751,0.9318
1773140478640,87.0961,4284902998.2997,2026-03-10 11:01:18.640,solana,64.6253,86.0869,84.2952,87.3193,84.5774,0.8902
1773144013651,86.8249,4334847276.5556,2026-03-10 12:00:13.651,solana,61.4285,86.1023,84.2935,87.3971,84.6735,0.7991
1773147792018,86.6738,4263011866.7617,2026-03-10 13:03:12.018,solana,59.6576,86.1161,84.2911,87.4385,84.7824,0.7103
1773151375842,86.2689,4206826804.8833,2026-03-10 14:02:55.842,solana,55.0754,86.1328,84.2883,87.4006,84.9476,0.6937
1773155000065,87.6775,4337264644.5148,2026-03-10 15:03:20.065,solana,65.1136,86.1597,84.2883,87.6053,84.9893,0.7584
1773158670526,88.0796,4572801488.0258,2026-03-10 16:04:30.526,solana,67.3556,86.1785,84.291,87.913,84.888,0.8274
1773162135915,88.4472,4625255686.8578,2026-03-10 17:02:15.915,solana,69.2983,86.1962,84.2931,88.2417,84.8569,0.9118
1773165842295,87.9893,4620828966.7014,2026-03-10 18:04:02.295,solana,64.1751,86.2127,84.2932,88.4322,84.8631,0.9215
1773169398895,86.285,4689563520.7414,2026-03-10 19:03:18.895,solana,49.5045,86.2178,84.2904,88.4182,84.9335,0.8823
1773172967278,86.0148,4533016718.0721,2026-03-10 20:02:47.278,solana,47.6448,86.223,84.2891,88.3115,85.1489,0.8823
1773176608460,86.1978,4511287068.1485,2026-03-10 21:03:28.460,solana,49.0414,86.2309,84.2887,88.277,85.2422,0.8564
1773180179670,85.6448,4571966966.0665,2026-03-10 22:02:59.670,solana,45.125,86.2343,84.2868,88.2836,85.2285,0.8701
1773183769247,85.5243,4527436063.4584,2026-03-10 23:02:49.247,solana,44.2948,86.2297,84.2846,88.3209,85.0834,0.8791
1773187362173,85.8021,4452962273.2951,2026-03-11 00:02:42.173,solana,46.728,86.2224,84.283,88.3078,85.1143,0.826
1773190990904,86.0538,4494988749.2714,2026-03-11 01:03:10.904,solana,48.9051,86.2186,84.2826,88.3111,85.077,0.8083
1773194609098,86.0936,4422780482.6475,2026-03-11 02:03:29.098,solana,49.2581,86.2113,84.2812,88.3126,85.0465,0.794
1773198257308,85.7959,4381747413.0073,2026-03-11 03:04:17.308,solana,46.6604,86.2036,84.2788,88.3249,84.9809,0.8112
1773201738656,85.621,4281172775.1511,2026-03-11 04:02:18.656,solana,45.1538,86.2035,84.2768,88.3339,84.8708,0.8113
1773205404160,86.6284,4316798941.0688,2026-03-11 05:03:24.160,solana,54.3067,86.2114,84.2761,88.3284,84.8669,0.8104
1773208992002,85.7628,4313690092.4227,2026-03-11 06:03:12.002,solana,47.0425,86.2119,84.2753,88.2653,84.7828,0.8269
1773212551905,86.004,4277171705.0757,2026-03-11 07:02:31.905,solana,49.0859,86.2148,84.276,88.204,84.7349,0.8334
1773216141233,85.4752,4147764932.8161,2026-03-11 08:02:21.233,solana,44.9872,86.204,84.2774,88.1805,84.6235,0.8612
1773219753380,85.3926,4125477963.7881,2026-03-11 09:02:33.380,solana,44.3635,86.1805,84.2791,88.1643,84.5116,0.8883
1773223213522,84.9685,4080021312.6152,2026-03-11 10:00:13.522,solana,41.2073,86.1465,84.2816,88.1946,84.3512,0.9202
1773226954228,85.3635,4020538567.6957,2026-03-11 11:02:34.228,solana,45.1234,86.1183,84.2844,88.0038,84.3106,0.9268
1773230622016,84.5222,4088909034.9787,2026-03-11 12:03:42.016,solana,39.1432,86.0871,84.2851,87.734,84.2246,0.9847
1773234129127,85.1542,4154909106.2574,2026-03-11 13:02:09.127,solana,45.0362,86.0624,84.287,87.189,84.4404,1.0002
1773237817646,85.8797,4355950801.6176,2026-03-11 14:03:37.646,solana,50.9125,86.0384,84.2883,86.6575,84.7609,1.0008
1773241419885,86.651,4230785532.3419,2026-03-11 15:03:39.885,solana,56.2661,86.0168,84.2903,86.732,84.723,0.9511
1773244877264,85.369,4130373033.1697,2026-03-11 16:01:17.264,solana,47.0764,85.9729,84.2892,86.7022,84.6882,0.8566
1773248543212,86.4281,4017862778.0447,2026-03-11 17:02:23.212,solana,53.791,85.9416,84.2874,86.7414,84.6721,0.6813
1773252253166,87.2653,4155794816.9249,2026-03-11 18:04:13.166,solana,58.2952,85.9156,84.2872,87.0244,84.5511,0.5932
1773255820409,87.8125,3904769078.1117,2026-03-11 19:03:40.409,solana,60.9732,85.8889,84.287,87.4131,84.3912,0.7139
1773259403063,87.1884,4052574593.6731,2026-03-11 20:03:23.063,solana,56.5158,85.8518,84.2863,87.5816,84.3613,0.7612
1773262945152,87.3291,4117903792.3677,2026-03-11 21:02:25.152,solana,57.2739,85.8174,84.2865,87.7509,84.3196,0.8112
1773266624547,87.5122,4065194162.8521,2026-03-11 22:03:44.547,solana,58.2931,85.7884,84.2871,87.9389,84.2734,0.8646
1773270204462,87.0488,4003326071.4969,2026-03-11 23:03:24.462,solana,54.7347,85.7628,84.2876,88.0401,84.2975,0.8789
1773273758526,86.5702,3989484510.5477,2026-03-12 00:02:38.526,solana,51.2543,85.7366,84.2879,88.0777,84.3548,0.8804
1773277356867,86.6913,3932245848.8509,2026-03-12 01:02:36.867,solana,52.0844,85.7115,84.2872,88.0839,84.355,0.8866
1773280979501,86.0199,3922323096.2415,2026-03-12 02:02:59.501,solana,47.2771,85.6882,84.2864,88.0875,84.3771,0.887
1773284414128,85.3681,4006530061.5111,2026-03-12 03:00:14.128,solana,43.1165,85.6595,84.2859,88.0917,84.3093,0.8994
1773288121154,84.9083,3986798620.1519,2026-03-12 04:02:01.154,solana,40.4145,85.6291,84.2837,88.122,84.2222,0.9295
1773291785616,85.0763,3994299867.3894,2026-03-12 05:03:05.616,solana,41.8484,85.5973,84.2827,88.1362,84.1765,0.9477
1773295394076,85.1185,3927761546.3236,2026-03-12 06:03:14.076,solana,42.2238,85.5672,84.2835,88.1267,84.201,0.9659
1773298988441,85.3327,3918699561.6589,2026-03-12 07:03:08.441,solana,44.1975,85.5342,84.2846,88.1277,84.1969,0.9768
1773302602131,85.803,3967784156.9722,2026-03-12 08:03:22.131,solana,48.3666,85.5088,84.2863,88.0523,84.4004,0.9712
1773306171101,85.9241,3945572684.2448,2026-03-12 09:02:51.101,solana,49.4139,85.4809,84.2883,88.0302,84.4994,0.962
1773309743529,86.1418,3965892047.8234,2026-03-12 10:02:23.529,solana,51.3272,85.4508,84.2911,88.0356,84.5203,0.9338
1773313398379,86.7328,4016598480.3523,2026-03-12 11:03:18.379,solana,56.1716,85.4154,84.2951,88.0435,84.5206,0.9284
1773316902152,86.8023,3986958951.7736,2026-03-12 12:01:42.152,solana,56.7176,85.3854,84.2991,88.0769,84.6304,0.8682
1773320510465,87.3166,4015399477.8355,2026-03-12 13:01:50.465,solana,60.6237,85.3572,84.3029,88.1718,84.6244,0.8612
1773324025031,86.7182,3927764711.2923,2026-03-12 14:00:25.031,solana,54.4642,85.3321,84.3071,88.1066,84.6349,0.8584
1773327786338,85.496,3948882825.0148,2026-03-12 15:03:06.338,solana,44.5162,85.3011,84.3089,87.8971,84.6127,0.8748
1773331209139,86.8,4003587555.0595,2026-03-12 16:00:09.139,solana,54.1407,85.2848,84.3122,87.8419,84.6291,0.8549
1773334955462,86.8756,4051639412.9841,2026-03-12 17:02:35.462,solana,54.6319,85.2725,84.3151,87.7688,84.6568,0.8605
1773338616928,86.7265,3865802266.6718,2026-03-12 18:03:36.928,solana,53.4165,85.264,84.3202,87.633,84.7141,0.8441
1773342146985,85.9524,3726253666.5021,2026-03-12 19:02:26.985,solana,47.5065,85.2476,84.3242,87.5239,84.7135,0.7914
1773345733126,86.8408,3698568521.0717,2026-03-12 20:02:13.126,solana,53.8212,85.2357,84.3301,87.5596,84.7049,0.7777
1773349407024,86.5003,3685523854.883,2026-03-12 21:03:27.024,solana,51.275,85.2195,84.3358,87.5375,84.7079,0.7477
1773352939238,86.4822,3666675823.7711,2026-03-12 22:02:19.238,solana,51.1366,85.2038,84.3412,87.5682,84.7234,0.7009
1773356597365,86.1171,3643432708.0812,2026-03-12 23:03:17.365,solana,48.303,85.1853,84.3457,87.5605,84.806,0.6783
1773360175639,86.8807,3697284686.4014,2026-03-13 00:02:55.639,solana,54.0397,85.1743,84.3505,87.5587,85.0051,0.689
1773363778157,89.8572,4355648570.7384,2026-03-13 01:02:58.157,solana,68.6451,85.1807,84.3592,88.436,84.6059,1.0147
1773367339458,90.4686,4544438329.5423,2026-03-13 02:02:19.458,solana,70.7044,85.1887,84.3686,89.2592,84.3177,1.3177
1773371020837,89.1282,4500395182.4736,2026-03-13 03:03:40.837,solana,61.2123,85.1929,84.3766,89.5534,84.403,1.3971
1773374600749,89.6976,4613929375.1165,2026-03-13 04:03:20.749,solana,63.4566,85.2007,84.3874,89.9447,84.4012,1.4749
1773378129798,89.2982,4502942707.2606,2026-03-13 05:02:09.798,solana,60.7993,85.2079,84.3977,90.1983,84.485,1.5037
1773381650102,89.077,4561367575.3202,2026-03-13 06:00:50.102,solana,59.3178,85.2152,84.4092,90.3847,84.5921,1.5006
1773385287479,88.5823,4617949965.5865,2026-03-13 07:01:27.479,solana,56.029,85.218,84.4196,90.4928,84.6689,1.4704
1773388977598,88.6312,4635921413.2674,2026-03-13 08:02:57.598,solana,56.2871,85.2175,84.4301,90.5956,84.7491,1.4549
1773392545662,89.164,4659136005.9777,2026-03-13 09:02:25.662,solana,59.1024,85.2224,84.4418,90.7532,84.7762,1.4565
1773396190003,89.546,4684808747.8105,2026-03-13 10:03:10.003,solana,61.0399,85.2348,84.4543,90.9502,84.862,1.4744
1773399776933,90.1829,4763558891.0285,2026-03-13 11:02:56.933,solana,64.0942,85.2494,84.4668,91.1274,85.1535,1.539
1773403417046,90.3476,4789479027.4303,2026-03-13 12:03:37.046,solana,64.8612,85.268,84.4796,91.3855,85.2501,1.5999
1773407008437,91.0233,4796732482.6226,2026-03-13 13:03:28.437,solana,67.8921,85.2952,84.4931,91.7325,85.3179,1.7038
1773410537805,91.9427,4883652929.5133,2026-03-13 14:02:17.805,solana,71.4949,85.3306,84.5092,92.207,85.365,1.837
1773414209184,90.8538,5171743740.2567,2026-03-13 15:03:29.184,solana,62.5439,85.3695,84.5245,92.3041,85.7581,1.7937
1773417643678,89.7012,5249845973.4794,2026-03-13 16:00:43.678,solana,54.7327,85.4001,84.5396,92.2984,86.0498,1.7629
1773421397230,89.7124,5273364978.8086,2026-03-13 17:03:17.230,solana,54.7915,85.4304,84.5541,92.2132,86.4561,1.7269
1773424972845,88.7919,5329957638.5985,2026-03-13 18:02:52.845,solana,49.1172,85.4578,84.5667,92.0317,86.8687,1.6662
1773428592350,88.8381,5389299579.1658,2026-03-13 19:03:12.350,solana,49.4002,85.4784,84.5793,91.6941,87.4783,1.5398
1773432201399,88.9223,5405261553.2946,2026-03-13 20:03:21.399,solana,49.9476,85.5002,84.5923,91.4278,87.9488,1.4657
1773435775746,88.8649,5446392891.5272,2026-03-13 21:02:55.746,solana,49.5539,85.523,84.6042,91.4123,87.8651,1.3547
1773439350679,88.6725,5394287637.1052,2026-03-13 22:02:30.679,solana,48.1848,85.5466,84.6169,91.3272,87.7705,1.2276
1773442979226,87.9836,5532993176.8109,2026-03-13 23:02:59.226,solana,43.5455,85.5645,84.6291,91.3901,87.5932,1.0621
1773446559214,88.145,5419832735.0941,2026-03-14 00:02:39.214,solana,44.8848,85.5851,84.6404,91.3975,87.4306,0.9566
1773450209061,87.9475,5049240644.7171,2026-03-14 01:03:29.061,solana,43.5244,85.604,84.651,91.4306,87.2624,1.0019
1773453752447,88.297,4833807893.7449,2026-03-14 02:02:32.447,solana,46.6077,85.6251,84.6621,91.4389,87.176,0.999
1773457374484,88.2556,4714917904.545,2026-03-14 03:02:54.484,solana,46.2857,85.6471,84.6729,91.4494,87.1329,1.0214
1773460980798,88.416,4626191775.3474,2026-03-14 04:03:00.798,solana,47.7928,85.6706,84.6841,91.4538,87.107,1.0315
1773464495445,88.3653,4672338982.1374,2026-03-14 05:01:35.445,solana,47.3405,85.6945,84.6951,91.45,87.0309,1.0457
1773468174883,88.0582,4574015409.0954,2026-03-14 06:02:54.883,solana,44.5889,85.7163,84.7056,91.429,86.9032,1.0704
1773471744218,87.2984,4525037296.9439,2026-03-14 07:02:24.218,solana,38.6104,85.7356,84.7148,91.3731,86.6706,1.1297
1773475398038,87.336,4424433044.0225,2026-03-14 08:03:18.038,solana,39.0463,85.7537,84.7242,91.2492,86.4933,1.1819
1773479008814,87.1512,4317911919.2498,2026-03-14 09:03:28.814,solana,37.6327,85.77,84.7318,90.9515,86.4038,1.2417
1773482586888,86.8453,4292119696.6208,2026-03-14 10:03:06.888,solana,35.3521,85.7835,84.7385,90.2802,86.5654,1.3055
1773486156814,86.6827,4123605512.7729,2026-03-14 11:02:36.814,solana,34.1668,85.7964,84.7452,89.8573,86.5712,1.3429
1773489749961,86.9664,4103992947.8218,2026-03-14 12:02:29.961,solana,38.0692,85.8096,84.7534,89.6568,86.4982,1.3383
1773493362858,87.0735,3962399622.175,2026-03-14 13:02:42.858,solana,39.5254,85.826,84.7608,89.3918,86.4994,1.2609
1773496975991,87.1309,3561603958.9813,2026-03-14 14:02:55.991,solana,40.3366,85.8429,84.7689,89.2955,86.4295,1.0314
1773500593469,86.7897,3096407203.6568,2026-03-14 15:03:13.469,solana,37.1502,85.8582,84.7779,89.1923,86.3279,0.8983
1773504146106,86.772,2823931812.9303,2026-03-14 16:02:26.106,solana,36.9867,85.8762,84.7894,89.0419,86.2633,0.8566
1773507780271,87.0889,2628894813.7313,2026-03-14 17:03:00.271,solana,41.9077,85.897,84.8021,88.8554,86.2722,0.7774
1773511328982,86.9059,2386643685.896,2026-03-14 18:02:08.982,solana,39.9672,85.9156,84.815,88.6911,86.2598,0.7658
1773514926176,87.0293,2239470000.1841,2026-03-14 19:02:06.176,solana,41.9208,85.9372,84.8281,88.6347,86.2208,0.7375
1773518521354,87.0016,2186041381.391,2026-03-14 20:02:01.354,solana,41.5932,85.964,84.8422,88.5441,86.197,0.6934
1773522163471,87.0938,2092577504.7411,2026-03-14 21:02:43.471,solana,43.1827,85.9883,84.8558,88.4762,86.1796,0.639
1773525753728,87.2749,2039073924.1822,2026-03-14 22:02:33.728,solana,46.2761,86.0128,84.8689,88.3355,86.2181,0.5862
1773529407463,87.3114,1935806286.9686,2026-03-14 23:03:27.463,solana,46.9036,86.0385,84.8815,88.1891,86.2701,0.5737
1773533250003,88.0212,1940171108.0368,2026-03-15 00:07:30.003,solana,57.3378,86.0672,84.8956,88.0833,86.3364,0.5671
1773536692171,87.769,1913830477.3103,2026-03-15 01:04:52.171,solana,53.3281,86.0953,84.9084,87.9249,86.4352,0.5604
1773540294665,87.7246,1855554964.5173,2026-03-15 02:04:54.665,solana,52.629,86.1232,84.9204,87.8407,86.486,0.5308
1773544156615,88.3298,1929630196.4303,2026-03-15 03:09:16.615,solana,60.2621,86.1582,84.9335,88.0614,86.3684,0.5365
1773547780034,87.9117,1955815236.3928,2026-03-15 04:09:40.034,solana,53.8118,86.1911,84.9465,88.1423,86.3451,0.5017
1773551325514,88.245,1910210565.9815,2026-03-15 05:08:45.514,solana,57.6992,86.2281,84.9601,88.2955,86.3012,0.4914
1773554990040,88.4228,1944830357.2523,2026-03-15 06:09:50.040,solana,59.65,86.263,84.9744,88.4641,86.2904,0.5199
1773558576732,88.3489,1882807497.281,2026-03-15 07:09:36.732,solana,58.4439,86.2984,84.9876,88.5767,86.3444,0.5589
1773561692332,88.1956,1876232510.0795,2026-03-15 08:01:32.332,solana,55.9163,86.3299,84.9995,88.6578,86.3863,0.5827
1773565339946,88.4395,1857671459.7874,2026-03-15 09:02:19.946,solana,58.9567,86.3621,85.0115,88.7733,86.4074,0.6153
1773568933181,88.5587,1865823375.0009,2026-03-15 10:02:13.181,solana,60.395,86.3939,85.0229,88.8964,86.4271,0.6381
1773572505217,88.4976,1834474021.7079,2026-03-15 11:01:45.217,solana,59.2479,86.4225,85.0344,88.9648,86.5294,0.639
1773576138027,88.5637,1806879000.2071,2026-03-15 12:02:18.027,solana,60.129,86.4567,85.0463,89.0173,86.6561,0.6509
1773579682352,88.2896,1779351040.3786,2026-03-15 13:01:22.352,solana,54.8351,86.4922,85.0574,89.0407,86.7528,0.6484
1773583366964,87.7154,1908294993.4801,2026-03-15 14:02:46.964,solana,45.7473,86.5261,85.0663,88.9919,86.8825,0.6354
1773586929384,87.9469,1866995368.1496,2026-03-15 15:02:09.384,solana,49.3893,86.5601,85.073,88.9521,87.014,0.6014
1773590593767,87.9639,1855312825.2754,2026-03-15 16:03:13.767,solana,49.6573,86.5957,85.078,88.8898,87.1726,0.5597
1773594125875,87.6109,1862244074.2736,2026-03-15 17:02:05.875,solana,44.4131,86.6322,85.0825,88.8279,87.2862,0.5381
1773597767993,88.4725,1919334019.1095,2026-03-15 18:02:47.993,solana,56.4908,86.6728,85.0868,88.8183,87.4155,0.5088
1773601409241,87.981,1995931075.1688,2026-03-15 19:03:29.241,solana,49.8383,86.7108,85.0914,88.7516,87.5492,0.4697
1773605027541,88.1693,2036807634.4968,2026-03-15 20:03:47.541,solana,52.1625,86.7451,85.0961,88.7561,87.5595,0.4211
1773608572725,88.7879,2094294638.691,2026-03-15 21:02:52.725,solana,58.8994,86.7829,85.1018,88.8386,87.5789,0.3977
1773612183120,89.9367,2241165079.8975,2026-03-15 22:03:03.120,solana,67.9321,86.8292,85.1093,89.267,87.3717,0.5108
1773615835660,92.5693,2794228003.1911,2026-03-15 23:03:55.660,solana,79.2089,86.8918,85.1208,90.6124,86.4503,0.9993
1773619441003,92.2532,3137726923.6218,2026-03-16 00:04:01.003,solana,75.7637,86.955,85.131,91.363,86.1339,1.2618
1773622994194,92.1052,3329483599.2093,2026-03-16 01:03:14.194,solana,74.1376,87.0128,85.1409,91.923,85.9598,1.4344
1773626604574,92.0589,3461218678.0036,2026-03-16 02:03:24.574,solana,73.606,87.0707,85.1509,92.3863,85.8602,1.5612
1773630203382,91.5501,3461556010.8847,2026-03-16 03:03:23.382,solana,67.8428,87.1232,85.16,92.6896,85.8769,1.6399
1773633817996,93.2588,3849786883.4035,2026-03-16 04:03:37.996,solana,74.939,87.1836,85.1718,93.3142,85.7587,1.8232
1773637397997,93.622,4046295854.4804,2026-03-16 05:03:17.997,solana,76.144,87.2443,85.1842,93.9308,85.6603,2.0053
1773641023604,94.0574,4349534585.0671,2026-03-16 06:03:43.604,solana,77.5386,87.3024,85.197,94.5565,85.5845,2.1885
1773644632945,93.5054,4494181727.0003,2026-03-16 07:03:52.945,solana,71.8081,87.3636,85.2086,94.9834,85.6584,2.2916
1773648199780,93.5743,4618918709.5554,2026-03-16 08:03:19.780,solana,72.0854,87.4257,85.219,95.3659,85.777,2.3687
1773651801055,92.8894,4754687033.4965,2026-03-16 09:03:21.055,solana,65.2179,87.4806,85.2286,95.5773,86.0256,2.3965
1773655327636,93.3745,4811010366.8318,2026-03-16 10:02:07.636,solana,67.5742,87.5357,85.2391,95.765,86.4038,2.4357
1773658941497,93.8303,4910699446.2231,2026-03-16 11:02:21.497,solana,69.6544,87.5962,85.2484,95.9721,86.785,2.4771
1773662560014,93.7778,4975856203.0586,2026-03-16 12:02:40.014,solana,69.1037,87.6566,85.2587,96.0944,87.2441,2.4976
1773666139690,93.7725,5172683632.3021,2026-03-16 13:02:19.690,solana,69.0447,87.7148,85.2689,96.0753,87.8794,2.4844
1773669735120,93.7394,5421985107.2215,2026-03-16 14:02:15.120,solana,68.6484,87.7657,85.2779,96.0721,88.4092,2.4116
1773673337677,93.2333,5964760565.2786,2026-03-16 15:02:17.677,solana,62.7263,87.8126,85.2861,95.8157,89.1909,2.309
1773676889785,93.3508,6176799721.3192,2026-03-16 16:01:29.785,solana,63.5134,87.8618,85.2934,95.4252,90.0995,2.1829
1773680534549,93.8431,6352323407.0131,2026-03-16 17:02:14.549,solana,66.6872,87.9134,85.3015,94.9924,91.0379,2.0042
1773684122372,94.0692,6483185332.0088,2026-03-16 18:02:02.372,solana,68.0614,87.9674,85.3099,94.6589,91.7846,1.868
1773687780232,94.4473,6642869490.8739,2026-03-16 19:03:00.232,solana,70.2703,88.0223,85.3187,94.8141,91.8172,1.6452
1773691377661,95.1878,6848852398.512,2026-03-16 20:02:57.661,solana,74.0546,88.0769,85.3286,95.0855,91.8392,1.4033
1773695015550,95.7924,6967259924.825,2026-03-16 21:03:35.550,solana,76.6661,88.1384,85.3395,95.4401,91.8534,1.1949
1773698620005,96.4316,7059692193.3603,2026-03-16 22:03:40.005,solana,79.0653,88.2003,85.3504,95.8832,91.8475,1.1278
1773702022007,96.444,6744563867.7953,2026-03-16 23:00:22.007,solana,79.1101,88.2642,85.362,96.1324,92.0877,1.2456
1773705650478,96.2077,6511534460.0036,2026-03-17 00:00:50.478,solana,75.7771,88.3313,85.3733,96.4342,92.0808,1.2985
1773709254254,95.335,6532642087.1733,2026-03-17 01:00:54.254,solana,64.9003,88.3892,85.3834,96.5478,92.1386,1.2691
1773712958184,95.6001,6764258004.8791,2026-03-17 02:02:38.184,solana,66.4747,88.448,85.3938,96.6866,92.154,1.232
1773716429106,95.2982,6640738778.4023,2026-03-17 03:00:29.106,solana,63.009,88.4998,85.4038,96.7662,92.2537,1.1128
1773720080192,93.9675,6401197149.7532,2026-03-17 04:01:20.192,solana,50.5095,88.5495,85.411,96.7596,92.2996,1.0915
1773723741320,93.7865,6254679261.7753,2026-03-17 05:02:21.320,solana,49.0831,88.5935,85.4167,96.7045,92.4444,1.087
1773727422765,93.8135,5707217048.4075,2026-03-17 06:03:42.765,solana,49.3129,88.6377,85.4226,96.6852,92.5076,1.0914
1773731010570,93.9041,5946534866.8764,2026-03-17 07:03:30.570,solana,50.1267,88.6828,85.4272,96.6837,92.5165,1.0804
1773734556326,94.4167,5886319101.3957,2026-03-17 08:02:36.326,solana,54.571,88.7291,85.4339,96.6836,92.5805,1.0659
1773738170209,94.5995,5917907098.9229,2026-03-17 09:02:50.209,solana,56.0744,88.776,85.4404,96.687,92.6598,1.0138
1773741758431,94.0854,5828018464.5849,2026-03-17 10:02:38.431,solana,50.966,88.8168,85.4467,96.6777,92.7037,0.9893
1773745350387,93.5013,5822832514.9118,2026-03-17 11:02:30.387,solana,45.8549,88.8549,85.4528,96.6549,92.7533,1.0017
1773749035158,93.7498,5819310981.6861,2026-03-17 12:03:55.158,solana,48.2336,88.8961,85.4608,96.6266,92.8215,1.0026
1773752578250,93.3732,5687621891.2062,2026-03-17 13:02:58.250,solana,45.0071,88.936,85.4696,96.6569,92.7442,1.0188
1773756130056,93.8048,5542390410.3463,2026-03-17 14:02:10.056,solana,49.2013,88.9809,85.4787,96.664,92.7106,1.0168
1773759849954,94.4485,5272584158.1526,2026-03-17 15:04:09.954,solana,54.7449,89.0212,85.4886,96.6641,92.7107,0.98
1773763383721,93.7936,5013879303.0355,2026-03-17 16:03:03.721,solana,48.8982,89.0552,85.4973,96.617,92.6183,0.9602
1773766985805,94.3945,4970163488.8645,2026-03-17 17:03:05.805,solana,53.7763,89.0906,85.5085,96.4744,92.6212,0.9484
1773770631803,94.5623,4855673534.1902,2026-03-17 18:03:51.803,solana,55.0661,89.1297,85.5202,96.1769,92.7318,0.9416
1773774168735,95.2301,4769369151.3432,2026-03-17 19:02:48.735,solana,59.8665,89.1829,85.5339,95.9039,92.8833,0.9488
1773777744630,94.7664,4633443769.2978,2026-03-17 20:02:24.630,solana,55.4382,89.235,85.5465,95.5982,93.0449,0.9424
1773781391524,94.9121,4525238504.9146,2026-03-17 21:03:11.524,solana,56.5258,89.2869,85.5586,95.5221,93.0788,0.9122
1773784968987,95.265,4337400291.1483,2026-03-17 22:02:48.987,solana,59.1291,89.3442,85.571,95.441,93.1263,0.8385
1773788570917,95.2995,4199917385.7023,2026-03-17 23:02:50.917,solana,59.3854,89.4024,85.584,95.4413,93.1261,0.7546
1773792230734,94.7281,4045745806.7281,2026-03-18 00:03:50.734,solana,53.4164,89.4555,85.5959,95.4853,93.1582,0.6645
1773795787612,94.5831,3829374722.4272,2026-03-18 01:03:07.612,solana,51.9879,89.5063,85.6083,95.5034,93.2197,0.6378
1773799408172,94.4461,3616124573.5523,2026-03-18 02:03:28.172,solana,50.612,89.556,85.6208,95.5073,93.2791,0.5857
1773803006217,95.0106,3564246556.6865,2026-03-18 03:03:26.217,solana,55.8049,89.6108,85.6347,95.5698,93.3272,0.5684
1773806553727,95.1172,3406747842.6228,2026-03-18 04:02:33.727,solana,56.7303,89.6674,85.6478,95.6418,93.3253,0.5829
1773810200667,94.1649,3335897300.2829,2026-03-18 05:03:20.667,solana,47.2195,89.7122,85.661,95.6269,93.2968,0.5706
1773813748874,93.9724,3346254962.934,2026-03-18 06:02:28.874,solana,45.5565,89.7611,85.6735,95.6295,93.2828,0.5642
1773817437170,94.3024,3267666139.7193,2026-03-18 07:03:57.170,solana,48.8799,89.8105,85.6863,95.5883,93.4041,0.554
1773820984526,93.9628,3235939759.4297,2026-03-18 08:03:04.526,solana,45.7829,89.861,85.6982,95.5735,93.4402,0.5625
1773824607431,94.0874,3256016379.8904,2026-03-18 09:03:27.431,solana,47.1061,89.9128,85.7096,95.4969,93.5883,0.5651
1773828170014,94.2568,3146870356.7575,2026-03-18 10:02:50.014,solana,48.9324,89.968,85.7214,95.4686,93.6618,0.562
1773831754593,93.7888,3073023700.6093,2026-03-18 11:02:34.593,solana,44.3747,90.0182,85.7329,95.4964,93.568,0.5447
1773835386697,92.0062,3318570786.3189,2026-03-18 12:03:06.697,solana,32.1063,90.0627,85.7411,95.8797,93.0059,0.7243
1773838827814,90.5806,3482659030.6254,2026-03-18 13:00:27.814,solana,25.9315,90.095,85.7501,96.4662,92.0381,1.0419
1773842589771,90.2586,3564924079.7061,2026-03-18 14:03:09.771,solana,24.7726,90.1211,85.7586,96.8454,91.2285,1.3191
1773846155856,89.1586,3711850449.4757,2026-03-18 15:02:35.856,solana,21.2749,90.136,85.767,97.1966,90.2702,1.6544
1773849746593,89.2935,3796144031.4328,2026-03-18 16:02:26.593,solana,22.7156,90.1594,85.7745,97.387,89.5325,1.8992
1773853330935,89.029,3839672718.6983,2026-03-18 17:02:10.935,solana,21.8703,90.1749,85.7808,97.4762,88.855,2.1142
1773856972937,89.9718,3650572024.3773,2026-03-18 18:02:52.937,solana,31.6364,90.191,85.7883,97.3123,88.4896,2.2144
1773860597570,89.6233,4064463360.999,2026-03-18 19:03:17.570,solana,30.1369,90.2018,85.7952,97.1044,88.1298,2.2917
1773864176770,89.6515,4053752114.8025,2026-03-18 20:02:56.770,solana,30.4244,90.2164,85.8012,96.918,87.8086,2.3594
1773867764242,90.0239,4129735440.5093,2026-03-18 21:02:44.242,solana,34.2693,90.2325,85.8072,96.6792,87.5915,2.3811
1773871403132,90.4514,4158874226.9483,2026-03-18 22:03:23.132,solana,38.4741,90.25,85.8137,96.4062,87.465,2.3501
1773874987639,90.0044,4126078378.2945,2026-03-18 23:03:07.639,solana,35.8891,90.2676,85.8186,95.997,87.3736,2.315
1773878547294,90.0365,4122248160.5171,2026-03-19 00:02:27.294,solana,36.2201,90.2882,85.8232,95.4958,87.3667,2.289
1773882222062,90.1171,4080647379.9439,2026-03-19 01:03:42.062,solana,37.0992,90.3086,85.8285,95.1285,87.3292,2.2503
1773885644439,90.3124,4078866202.3183,2026-03-19 02:00:44.439,solana,39.2838,90.3341,85.8325,94.7521,87.3396,2.1969
1773889350554,90.0323,4056283327.1008,2026-03-19 03:02:30.554,solana,37.2841,90.3619,85.8375,94.2438,87.4209,2.0968
1773892802608,90.9728,4119927905.6417,2026-03-19 04:00:02.608,solana,47.0321,90.398,85.8439,93.78,87.5856,1.9447
1773896636119,89.9274,4128750765.495,2026-03-19 05:03:56.119,solana,39.6543,90.4269,85.8491,93.161,87.7887,1.8593
1773900145642,89.7721,4082618250.0065,2026-03-19 06:02:25.642,solana,38.6833,90.4546,85.8535,92.3128,88.1884,1.7703
1773903848578,89.869,4116759605.1713,2026-03-19 07:04:08.578,solana,39.676,90.4816,85.8583,91.3291,88.7801,1.6253
1773907385403,89.5035,4257565267.733,2026-03-19 08:03:05.403,solana,37.2283,90.5036,85.8632,90.8572,89.0017,1.487
1773910899057,89.3899,4238182949.2992,2026-03-19 09:01:39.057,solana,36.4751,90.5242,85.8681,90.7755,88.9644,1.2953
1773914558487,90.1291,4413124891.1408,2026-03-19 10:02:38.487,solana,44.3624,90.548,85.8752,90.7596,88.9673,0.9899
1773918171155,89.8877,4371733334.6969,2026-03-19 11:02:51.155,solana,42.5064,90.5667,85.8819,90.7357,89.0642,0.6196
1773921828550,89.5832,4071083998.806,2026-03-19 12:03:48.550,solana,40.2203,90.5833,85.8886,90.717,89.1118,0.4537
1773925315171,88.2686,3896731149.381,2026-03-19 13:01:55.171,solana,32.1755,90.589,85.8929,90.888,88.8648,0.54
1773928964423,88.4505,3959187699.3934,2026-03-19 14:02:44.423,solana,34.1387,90.5993,85.9002,90.9857,88.615,0.5968
1773932423694,88.2286,3287195349.2394,2026-03-19 15:00:23.694,solana,32.8879,90.6155,85.9067,91.0993,88.3619,0.6619
1773936164139,87.6542,3688429852.7169,2026-03-19 16:02:44.139,solana,29.841,90.6206,85.9113,91.2722,87.9892,0.7788
1773939737467,87.5788,3741590317.7,2026-03-19 17:02:17.467,solana,29.4552,90.6248,85.9168,91.3648,87.6522,0.8767
1773943384121,88.1195,3677051223.3216,2026-03-19 18:03:04.121,solana,35.8586,90.6331,85.9209,91.2891,87.4946,0.9194
1773946858931,87.9339,3538454083.0822,2026-03-19 19:00:58.931,solana,34.6943,90.6449,85.9252,91.2649,87.3118,0.9714
1773950510215,88.8545,3586162406.5983,2026-03-19 20:01:50.215,solana,44.3475,90.6569,85.9305,91.1833,87.2752,0.9765
1773954053687,88.9986,3513115791.9793,2026-03-19 21:00:53.687,solana,45.6998,90.6717,85.9359,91.0862,87.2605,0.9694
1773957707684,89.1405,3563857060.5743,2026-03-19 22:01:47.684,solana,47.0645,90.6876,85.9417,90.9548,87.2746,0.9404
1773961211949,88.6403,3532146166.3491,2026-03-19 23:00:11.949,solana,42.9657,90.7026,85.9466,90.846,87.2443,0.936
1773964960076,88.8457,3564823814.7466,2026-03-20 00:02:40.076,solana,45.0807,90.7143,85.9521,90.5081,87.3695,0.9226
1773968577972,89.3218,3617689188.5954,2026-03-20 01:02:57.972,solana,49.734,90.7111,85.9593,90.4227,87.3943,0.9014
1773972193362,89.5415,3659320014.4775,2026-03-20 02:03:13.362,solana,51.7655,90.7056,85.9661,90.388,87.4059,0.8711
1773975739125,89.3576,3652063241.0697,2026-03-20 03:02:19.125,solana,49.9458,90.7069,85.9717,90.3116,87.4312,0.8507
1773979223338,89.598,3548723935.0117,2026-03-20 04:00:23.338,solana,52.3057,90.7063,85.978,90.3252,87.4271,0.7592
1773982927992,89.15,3533692607.2255,2026-03-20 05:02:07.992,solana,47.785,90.7055,85.984,90.2999,87.4284,0.7352
1773986584981,89.392,3531285825.364,2026-03-20 06:03:04.981,solana,50.2844,90.7073,85.9901,90.1658,87.4887,0.7216
1773990185912,89.1162,3494682630.937,2026-03-20 07:03:05.912,solana,47.494,90.7105,85.9954,90.0447,87.5327,0.6971
1773993748840,89.4127,3358591175.8857,2026-03-20 08:02:28.840,solana,50.6641,90.7152,86.001,90.0167,87.5437,0.6942
1773997333501,89.8114,3429491703.9131,2026-03-20 09:02:13.501,solana,54.6311,90.719,86.0072,90.1478,87.5668,0.7111
1774001041374,88.9228,3470800043.1487,2026-03-20 10:04:01.374,solana,45.7934,90.7153,86.0137,90.158,87.6038,0.666
1774004591301,89.3365,3418561491.801,2026-03-20 11:03:11.301,solana,49.8598,90.7103,86.0223,90.1913,87.6813,0.6398
1774008139511,89.0633,3470572626.2306,2026-03-20 12:02:19.511,solana,47.3349,90.7026,86.0307,90.1157,87.8978,0.6238
1774011743052,89.1533,3341414985.7013,2026-03-20 13:02:23.052,solana,48.2642,90.6915,86.0399,89.9807,88.1903,0.6131
1774015350409,88.9197,3212871875.8876,2026-03-20 14:02:30.409,solana,45.9948,90.6735,86.0489,89.909,88.342,0.6055
1774018943270,89.0671,3219370693.83,2026-03-20 15:02:23.270,solana,47.6667,90.6629,86.0572,89.7458,88.6185,0.5878
1774022561914,88.876,3202815840.5068,2026-03-20 16:02:41.914,solana,45.6913,90.658,86.0664,89.7445,88.622,0.5191
1774026189150,88.8622,3124134067.2982,2026-03-20 17:03:09.150,solana,45.5452,90.6529,86.0758,89.7497,88.6032,0.4229
1774029769713,88.6801,3094919438.3315,2026-03-20 18:02:49.713,solana,43.5568,90.6522,86.0859,89.7662,88.5406,0.3822
1774033313905,88.5173,3090701507.3275,2026-03-20 19:01:53.905,solana,41.8002,90.6503,86.0966,89.7826,88.512,0.3193
1774036923023,88.915,2977157260.6417,2026-03-20 20:02:03.023,solana,47.3832,90.6503,86.1072,89.7801,88.5213,0.3174
1774040590548,88.9931,2924128462.9749,2026-03-20 21:03:10.548,solana,48.4293,90.651,86.1179,89.7621,88.5064,0.3175
1774044110262,89.6059,2970417451.1817,2026-03-20 22:01:50.262,solana,55.8485,90.6566,86.1293,89.7743,88.5007,0.3333
1774047776062,90.1267,2987968155.2832,2026-03-20 23:02:56.062,solana,60.985,90.6694,86.1412,89.9412,88.4107,0.3741
1774051346951,89.8719,2938387036.9257,2026-03-21 00:02:26.951,solana,57.4632,90.6796,86.1529,89.9934,88.3859,0.3912
1774054917758,90.008,2881360915.6014,2026-03-21 01:01:57.758,solana,58.8308,90.6919,86.1642,90.1114,88.3537,0.4218
1774058518534,89.8804,2838707420.8982,2026-03-21 02:01:58.534,solana,56.981,90.7013,86.1758,90.1783,88.3357,0.4369
1774062149817,90.3986,2815770230.4866,2026-03-21 03:02:29.817,solana,62.182,90.7141,86.1878,90.3647,88.2775,0.4934
1774065691124,90.4115,2798976103.8735,2026-03-21 04:01:31.124,solana,62.3044,90.726,86.2001,90.5178,88.2242,0.5391
1774069365606,90.2565,2778812048.5407,2026-03-21 05:02:45.606,solana,59.805,90.7372,86.2119,90.5896,88.197,0.5675
1774073282946,90.0587,2733806934.4853,2026-03-21 06:08:02.946,solana,56.6777,90.7491,86.2226,90.6595,88.2407,0.5832
1774076528538,90.1418,2698205982.8892,2026-03-21 07:02:08.538,solana,57.6792,90.7661,86.2335,90.735,88.2457,0.5968
1774080322933,90.0387,2708717567.53,2026-03-21 08:05:22.933,solana,55.9517,90.7821,86.2451,90.7895,88.2888,0.6077
1774083752587,89.9553,2585046833.3635,2026-03-21 09:02:32.587,solana,54.529,90.7988,86.2573,90.8289,88.3295,0.6117
1774087426755,90.2135,2477347138.5389,2026-03-21 10:03:46.755,solana,58.0821,90.8189,86.2694,90.8843,88.4035,0.6152
1774091140249,89.9356,2434124222.7227,2026-03-21 11:05:40.249,solana,53.2594,90.8382,86.2816,90.9045,88.4702,0.6181
1774094646783,89.9178,2373447732.772,2026-03-21 12:04:06.783,solana,52.9555,90.8558,86.2943,90.9011,88.5777,0.6115
1774098222819,90.1527,2309756886.2024,2026-03-21 13:03:42.819,solana,56.4781,90.8741,86.3086,90.9054,88.7025,0.6126
1774101803624,90.016,2202512994.7376,2026-03-21 14:03:23.624,solana,53.9471,90.8913,86.3212,90.8463,88.8952,0.5957
1774105443641,89.7597,2069525641.77,2026-03-21 15:04:03.641,solana,49.4695,90.909,86.3341,90.6894,89.1763,0.5801
1774108845931,89.8,1984946243.2402,2026-03-21 16:00:45.931,solana,50.1691,90.927,86.3469,90.5778,89.3764,0.5507
1774112497119,89.7123,1937751843.0325,2026-03-21 17:01:37.119,solana,48.5909,90.9426,86.3598,90.4327,89.5935,0.5159
1774116296974,89.5829,1849265659.7908,2026-03-21 18:04:56.974,solana,46.2782,90.9586,86.3705,90.4361,89.5878,0.46
1774119967517,89.7842,1785771650.2662,2026-03-21 19:06:07.517,solana,50.2469,90.975,86.3815,90.4266,89.563,0.3637
1774123408379,89.7818,1732718844.6083,2026-03-21 20:03:28.379,solana,50.1989,90.9915,86.3922,90.429,89.5516,0.2992
1774126876008,90.1383,1693330521.4684,2026-03-21 21:01:16.008,solana,56.7534,91.0096,86.4035,90.4402,89.5534,0.2248
1774130629155,90.0018,1624428867.0686,2026-03-21 22:03:49.155,solana,53.8323,91.0259,86.4143,90.443,89.5627,0.2101
1774134212245,89.8802,1554134632.4529,2026-03-21 23:03:32.245,solana,51.2981,91.0412,86.4247,90.3804,89.5735,0.2096
1774137845856,87.8157,1684982530.1131,2026-03-22 00:04:05.856,solana,27.5726,91.0399,86.4315,90.8431,88.8513,0.4906
1774141437406,87.2479,2030114110.1271,2026-03-22 01:03:57.406,solana,24.2505,91.0368,86.4375,91.1864,88.2071,0.7298
1774144864700,87.3755,2094698724.6738,2026-03-22 02:01:04.700,solana,26.3967,91.0348,86.4437,91.351,87.7742,0.8796
1774148620700,88.1888,2152973673.4583,2026-03-22 03:03:40.700,solana,38.3802,91.0339,86.4509,91.3279,87.602,0.9163
1774152203140,88.6293,2250344927.7004,2026-03-22 04:03:23.140,solana,43.7244,91.0382,86.4591,91.2718,87.5171,0.919
1774155823092,88.9808,2302708252.0358,2026-03-22 05:03:43.092,solana,47.628,91.0426,86.467,91.2129,87.4786,0.9112
1774159446635,88.4814,2304518245.0738,2026-03-22 06:04:06.635,solana,43.0579,91.0429,86.4738,91.1179,87.4003,0.9232
1774163056339,88.1628,2326807176.7618,2026-03-22 07:04:16.339,solana,40.3956,91.0418,86.4803,91.0606,87.2804,0.9419
1774166615303,87.7979,2296611414.4575,2026-03-22 08:03:35.303,solana,37.5325,91.0394,86.4861,91.012,87.117,0.9774
1774170267844,87.2955,2373725204.8207,2026-03-22 09:04:27.844,solana,33.9638,91.0326,86.4904,90.9465,86.8968,1.0394
1774173796714,87.3189,2405252404.7462,2026-03-22 10:03:16.714,solana,34.2769,91.0252,86.4949,90.8608,86.7127,1.0733
1774177393142,87.3694,2390227480.3047,2026-03-22 11:03:13.142,solana,34.9934,91.0185,86.5001,90.7784,86.5561,1.1024
1774181048420,86.9846,2471284079.5174,2026-03-22 12:04:08.420,solana,32.1178,91.0091,86.5047,90.6916,86.3615,1.1445
1774184569056,87.2219,2517305531.949,2026-03-22 13:02:49.056,solana,35.6316,91.0028,86.5119,90.5664,86.2376,1.1458
1774188184259,87.2983,2551966590.7456,2026-03-22 14:03:04.259,solana,36.7662,91.0003,86.5179,90.4318,86.1437,1.1381
1774191769257,87.1814,2529443810.9531,2026-03-22 15:02:49.257,solana,35.7283,90.9957,86.5223,90.2376,86.0777,1.1382
1774195350729,87.4952,2439345201.2963,2026-03-22 16:02:30.729,solana,40.5764,90.9929,86.5267,90.0014,86.0852,1.1135
1774198943404,87.4898,2441884669.8598,2026-03-22 17:02:23.404,solana,40.52,90.9922,86.531,89.6277,86.194,1.0849
1774202598006,87.2965,2483338058.146,2026-03-22 18:03:18.006,solana,38.4505,90.9852,86.534,89.2162,86.335,1.061
1774206034169,86.947,2535298253.2875,2026-03-22 19:00:34.169,solana,34.9725,90.9791,86.5371,88.7428,86.515,1.0266
1774209771427,86.8476,2604043307.9528,2026-03-22 20:02:51.427,solana,34.0291,90.9712,86.5403,88.7409,86.4201,0.9809
1774213252434,86.6602,2615383103.3639,2026-03-22 21:00:52.434,solana,32.2629,90.9585,86.5434,88.772,86.3303,0.8873
1774216986742,85.8332,2803627613.0982,2026-03-22 22:03:06.742,solana,25.8804,90.9341,86.5452,88.906,86.042,0.8334
1774220527970,86.687,2953221989.4078,2026-03-22 23:02:07.970,solana,39.2442,90.8991,86.5481,88.8307,85.9672,0.6924
1774224192180,86.1418,2840697931.0357,2026-03-23 00:03:12.180,solana,34.9151,90.8627,86.5506,88.6892,85.8599,0.736
1774227760546,85.9634,2572051449.6152,2026-03-23 01:02:40.546,solana,33.6083,90.8262,86.5524,88.4167,85.8307,0.7902
1774231397007,86.149,2536853061.8639,2026-03-23 02:03:17.007,solana,36.2796,90.791,86.5542,88.2066,85.8076,0.8252
1774234836850,86.6234,2502456407.6357,2026-03-23 03:00:36.850,solana,42.6342,90.7617,86.5574,88.0152,85.845,0.811
1774238517447,86.45,2471001319.0148,2026-03-23 04:01:57.447,solana,41.024,90.7211,86.5604,87.8897,85.8357,0.765
1774242146524,86.81,2400379604.7482,2026-03-23 05:02:26.524,solana,45.6159,90.6806,86.5637,87.8461,85.8308,0.6547
1774245714721,87.0486,2505252071.1556,2026-03-23 06:01:54.721,solana,48.4798,90.6389,86.5678,87.8135,85.8363,0.5764
1774249407460,85.6408,2545391965.8904,2026-03-23 07:03:27.460,solana,36.3261,90.5921,86.5699,87.8195,85.6575,0.5778
1774252942246,86.0403,2665081089.3522,2026-03-23 08:02:22.246,solana,40.8579,90.5472,86.5719,87.8071,85.5755,0.5645
1774256545722,86.0519,2642263969.0701,2026-03-23 09:02:25.722,solana,40.9885,90.5065,86.5735,87.7539,85.5117,0.5724
1774260179926,85.6275,2628523559.0231,2026-03-23 10:02:59.926,solana,37.6915,90.4604,86.5742,87.7079,85.3906,0.6003
1774263778488,85.9972,2674144011.6476,2026-03-23 11:02:58.488,solana,42.064,90.4138,86.5751,87.6343,85.3457,0.5952
1774267366492,89.0292,3812777245.2959,2026-03-23 12:02:46.492,solana,64.2306,90.3855,86.5803,88.1073,85.0262,0.7722
1774270948052,90.2249,4090041952.3949,2026-03-23 13:02:28.052,solana,69.2307,90.3644,86.5868,88.8954,84.5116,1.0541
1774274463909,91.1424,4302321007.1229,2026-03-23 14:01:03.909,solana,72.4166,90.3489,86.5934,89.8159,83.9757,1.3743
1774278145060,91.3422,4571373647.8595,2026-03-23 15:02:25.060,solana,73.0707,90.3377,86.6,90.6209,83.6102,1.6386
1774281760443,90.1337,4878385118.3964,2026-03-23 16:02:40.443,solana,63.2957,90.3185,86.6055,91.0198,83.5399,1.7479
1774285391574,90.2937,5099882219.7568,2026-03-23 17:03:11.574,solana,63.9829,90.2974,86.6112,91.4105,83.5125,1.8545
1774289027083,91.2335,5363883871.9424,2026-03-23 18:03:47.083,solana,67.7953,90.2805,86.6177,91.929,83.5341,2.0146
1774292633153,91.5149,5462113868.9752,2026-03-23 19:03:53.153,solana,68.8584,90.2631,86.625,92.4484,83.4974,2.1663
1774296226895,91.4035,5496898474.98,2026-03-23 20:03:46.895,solana,67.9028,90.2405,86.6332,92.8659,83.6061,2.2823
1774299822542,91.8201,5559736833.5438,2026-03-23 21:03:42.542,solana,69.6017,90.2169,86.6416,93.2859,83.7718,2.3987
1774303403440,91.6936,5431016139.1413,2026-03-23 22:03:23.440,solana,68.4177,90.1887,86.6503,93.6219,83.9902,2.452
1774307028034,91.4944,5375620068.5164,2026-03-23 23:03:48.034,solana,66.4994,90.1592,86.659,93.8919,84.2073,2.5037
1774310620957,91.3771,5363123768.5137,2026-03-24 00:03:40.957,solana,65.3368,90.1305,86.6682,94.0852,84.5067,2.5103
1774314230625,91.0582,5345609328.7188,2026-03-24 01:03:50.625,solana,62.157,90.105,86.6762,94.2139,84.8029,2.4755
1774317784136,90.4453,5304510921.2606,2026-03-24 02:03:04.136,solana,56.4691,90.0743,86.6839,94.2599,85.0966,2.4144
1774321411607,90.2003,5292989870.7381,2026-03-24 03:03:31.607,solana,54.3287,90.044,86.691,94.0988,85.7136,2.359
1774324977804,90.1723,5365140429.715,2026-03-24 04:02:57.804,solana,54.0762,90.0214,86.698,93.9118,86.3138,2.2821
1774328590300,90.3176,5360594640.6431,2026-03-24 05:03:10.300,solana,55.2376,90.0007,86.7055,93.6368,87.0154,2.2142
1774332091021,90.1015,5267139264.9142,2026-03-24 06:01:31.021,solana,53.0879,89.9787,86.7123,93.0707,88.0288,2.1456
1774335703268,90.3863,5305277647.1603,2026-03-24 07:01:43.268,solana,55.544,89.9577,86.7193,92.1915,89.3469,1.9596
1774339301564,91.451,5335057199.0343,2026-03-24 08:01:41.564,solana,63.2841,89.9401,86.7284,92.0952,89.6855,1.7929
1774342882826,91.6225,5367360831.8663,2026-03-24 09:01:22.826,solana,64.3605,89.9223,86.7375,92.1647,89.7557,1.5824
1774346423876,91.844,5392512673.5377,2026-03-24 10:00:23.876,solana,65.7571,89.909,86.7468,92.2584,89.7322,1.2343
1774350102822,91.779,5452538475.4903,2026-03-24 11:01:42.822,solana,64.9524,89.8987,86.7559,92.318,89.7162,0.75
1774353715315,91.7124,4475545088.5284,2026-03-24 12:01:55.315,solana,64.0877,89.8866,86.7659,92.3641,89.828,0.649
1774357308772,91.6057,4176446582.9997,2026-03-24 13:01:48.772,solana,62.6484,89.8761,86.7766,92.3921,89.9312,0.6355
1774360890415,89.7742,4281804349.381,2026-03-24 14:01:30.415,solana,44.2702,89.8521,86.7852,92.4586,89.7188,0.6896
1774364513345,89.4043,4350723657.3967,2026-03-24 15:01:53.345,solana,41.6149,89.8221,86.7934,92.5204,89.4459,0.7614
1774368014734,89.7983,4267047395.7624,2026-03-24 16:00:14.734,solana,45.3734,89.7983,86.8021,92.51,89.2958,0.7799
1774371715245,89.2618,4106303544.8522,2026-03-24 17:01:55.245,solana,41.4595,89.7677,86.8108,92.4743,89.0756,0.8429
1774375276767,89.0086,3935333332.682,2026-03-24 18:01:16.767,solana,39.7188,89.7347,86.8189,92.4493,88.8322,0.9226
1774378870396,89.0134,3905408745.1152,2026-03-24 19:01:10.396,solana,39.7702,89.6977,86.8269,92.4123,88.6211,0.9782
1774382514104,88.5064,3880455954.2418,2026-03-24 20:01:54.104,solana,36.2384,89.6604,86.8345,92.4155,88.3308,1.0624
1774386136916,89.9765,4004133106.9572,2026-03-24 21:02:16.916,solana,50.0802,89.631,86.8435,92.3432,88.295,1.0349
1774389709606,90.2958,4042577841.7152,2026-03-24 22:01:49.606,solana,52.492,89.6015,86.8529,92.3349,88.2883,1.0037
1774393297765,90.278,4023192182.2872,2026-03-24 23:01:37.765,solana,52.341,89.5716,86.8633,92.3382,88.2928,0.9786
1774396902812,90.8291,4044115065.2459,2026-03-25 00:01:42.812,solana,56.5328,89.5484,86.8759,92.382,88.3147,0.9609
1774400477641,91.379,4085147819.467,2026-03-25 01:01:17.641,solana,60.2869,89.5293,86.8945,92.4839,88.3189,0.973
1774404114842,91.0401,4077990743.8246,2026-03-25 02:01:54.842,solana,57.0184,89.509,86.913,92.5439,88.3527,0.9822
1774407703131,91.0986,4083586041.1352,2026-03-25 03:01:43.131,solana,57.4472,89.4857,86.9315,92.5982,88.3696,0.9911
1774411297218,91.6649,4125396579.9219,2026-03-25 04:01:37.218,solana,61.4566,89.4652,86.9514,92.6304,88.3588,1.0197
1774414898061,91.7998,4162262500.7456,2026-03-25 05:01:38.061,solana,62.3661,89.4511,86.9709,92.6593,88.3477,1.0522
1774418469372,92.3966,4213473259.7039,2026-03-25 06:01:09.372,solana,66.1695,89.4417,86.9894,92.7676,88.2946,1.1106
1774422065645,92.5258,4339074268.6408,2026-03-25 07:01:05.645,solana,66.9481,89.4312,87.0077,92.9095,88.2274,1.1716
1774425715142,91.8699,4315019969.4822,2026-03-25 08:01:55.142,solana,59.4645,89.4187,87.0259,92.9338,88.2189,1.1855
1774429253606,92.3654,4356351723.0303,2026-03-25 09:00:53.606,solana,62.8435,89.4084,87.0426,93.0597,88.1689,1.218
1774432882368,92.3876,4380512375.5808,2026-03-25 10:01:22.368,solana,62.9928,89.3973,87.0595,93.2747,88.2153,1.243
1774436539274,92.5779,4276468368.7206,2026-03-25 11:02:19.274,solana,64.3126,89.3901,87.0769,93.4749,88.3325,1.2798
1774440152097,92.882,4323127312.0547,2026-03-25 12:02:32.097,solana,66.3763,89.3953,87.0939,93.7139,88.4018,1.3349
1774443734997,92.8783,4437451641.1738,2026-03-25 13:02:14.997,solana,66.3258,89.409,87.1108,93.8733,88.6041,1.3881
1774447373510,92.8254,4104320874.9466,2026-03-25 14:02:53.510,solana,65.561,89.4243,87.1284,93.9404,88.9187,1.4144
1774450858567,92.1164,3954920275.8222,2026-03-25 15:00:58.567,solana,56.2124,89.4419,87.1459,93.8507,89.3186,1.3822
1774454580478,91.8069,3859242884.7361,2026-03-25 16:03:00.478,solana,52.6807,89.4568,87.1637,93.5219,89.9775,1.3542
1774458178128,92.2445,3910191787.515,2026-03-25 17:02:58.128,solana,56.8124,89.476,87.1838,93.4472,90.279,1.2963
1774461773453,91.6989,3843663774.5357,2026-03-25 18:02:53.453,solana,50.8503,89.4863,87.2018,93.3488,90.5177,1.192
1774465388763,91.6598,3819130048.019,2026-03-25 19:03:08.763,solana,50.4423,89.4984,87.2205,93.2073,90.7974,1.0659
1774468967242,91.6094,3768370343.3025,2026-03-25 20:02:47.242,solana,49.886,89.51,87.2389,93.1374,90.9453,0.8335
1774472627277,91.4587,3623788719.4024,2026-03-25 21:03:47.277,solana,48.1756,89.5186,87.2571,93.1323,90.9584,0.746
1774476136162,91.1924,3576850574.8058,2026-03-25 22:02:16.162,solana,45.224,89.523,87.2747,93.1134,90.9925,0.6864
1774479783878,91.7117,3611194390.9385,2026-03-25 23:03:03.878,solana,51.4681,89.5332,87.2941,93.0644,91.1029,0.5999
1774483412713,91.6672,3512007844.5778,2026-03-26 00:03:32.713,solana,50.9318,89.5429,87.3125,93.0643,91.1032,0.5566
1774486981720,91.6717,3490463999.7079,2026-03-26 01:03:01.720,solana,50.9878,89.5521,87.3319,93.0669,91.0878,0.5466
1774490556129,91.7995,3447652972.2588,2026-03-26 02:02:36.129,solana,52.6275,89.561,87.3516,93.0327,91.0623,0.5116
1774494283166,90.8797,3460792490.1743,2026-03-26 03:04:43.166,solana,41.7863,89.566,87.3712,93.0471,90.8833,0.5299
1774497764647,91.0097,3433952344.8521,2026-03-26 04:02:44.647,solana,43.5565,89.5662,87.3911,93.0814,90.7629,0.5631
1774501433906,90.825,3389643097.6596,2026-03-26 05:03:53.906,solana,41.6201,89.5716,87.4108,93.0787,90.6116,0.6085
1774505006798,89.235,3468209891.3253,2026-03-26 06:03:26.798,solana,29.474,89.5684,87.4283,93.3386,90.0365,0.8096
1774508608344,89.0166,3556260822.614,2026-03-26 07:03:28.344,solana,28.2545,89.5633,87.4454,93.476,89.5429,0.9712
1774512137994,89.072,3528824708.7886,2026-03-26 08:02:17.994,solana,29.0558,89.5607,87.4621,93.4482,89.1897,1.1017
1774515750225,88.8226,3495350322.1361,2026-03-26 09:02:30.225,solana,27.5622,89.5574,87.4791,93.3809,88.8514,1.2156
1774519340669,88.085,3585416173.483,2026-03-26 10:02:20.669,solana,23.6845,89.5452,87.4949,93.3606,88.3977,1.3679
1774522956549,87.8886,3614769272.6927,2026-03-26 11:02:36.549,solana,22.766,89.5333,87.5104,93.3993,87.9362,1.4915
1774526572980,87.6083,3573544813.5635,2026-03-26 12:02:52.980,solana,21.4851,89.5215,87.5257,93.4407,87.4749,1.5879
1774530066709,87.5354,3547140576.0832,2026-03-26 13:01:06.709,solana,21.1521,89.5172,87.5409,93.3442,87.1006,1.6544
1774533617568,87.8856,3606651173.6406,2026-03-26 14:00:17.568,solana,27.0084,89.5138,87.556,93.2343,86.8291,1.6676
1774537326153,87.4882,3572909773.5013,2026-03-26 15:02:06.153,solana,24.7606,89.5094,87.5703,93.1165,86.5298,1.7217
1774540829741,87.5533,3603509336.8628,2026-03-26 16:00:29.741,solana,25.8502,89.5088,87.5837,92.948,86.2926,1.7633
1774544543896,87.1507,3544028569.2171,2026-03-26 17:02:23.896,solana,23.5778,89.5063,87.5965,92.786,86.0238,1.7859
1774548140329,86.7751,3584101356.6846,2026-03-26 18:02:20.329,solana,21.6646,89.4983,87.6084,92.6454,85.7227,1.8369
1774551678964,86.0067,3721679635.4225,2026-03-26 19:01:18.964,solana,18.3791,89.4868,87.6191,92.4197,85.3779,1.9176
1774555268925,85.6415,3762042161.6485,2026-03-26 20:01:08.925,solana,17.0551,89.4677,87.6288,92.1504,85.0446,1.9947
1774558982283,86.3168,3996166526.6267,2026-03-26 21:03:02.283,solana,27.4603,89.4517,87.6397,91.7189,84.9406,2.0045
1774562564554,86.8152,4080967914.593,2026-03-26 22:02:44.554,solana,34.0374,89.4379,87.6506,91.1283,85.0328,1.9828
1774566156590,86.6679,4061014739.1652,2026-03-26 23:02:36.590,solana,33.0827,89.4261,87.6611,90.6884,85.0515,1.9143
1774569726144,86.4321,4141674999.4542,2026-03-27 00:02:06.144,solana,31.5569,89.4117,87.671,90.1262,85.156,1.8313
1774573319783,86.4594,4160314657.1189,2026-03-27 01:01:59.783,solana,31.9485,89.3947,87.6772,89.4812,85.3644,1.7141
1774576930079,86.7787,4166258934.3241,2026-03-27 02:02:10.079,solana,36.5203,89.3783,87.6832,89.1981,85.4019,1.5321
1774580569190,86.6779,4104971400.5547,2026-03-27 03:02:49.190,solana,35.7046,89.3623,87.69,88.9255,85.4406,1.4032
1774584106937,86.3778,4085189188.984,2026-03-27 04:01:46.937,solana,33.319,89.3431,87.6961,88.591,85.5057,1.2298
1774587742931,86.1036,4107564881.6291,2026-03-27 05:02:22.931,solana,31.264,89.325,87.7027,88.2743,85.5505,1.03
1774591316341,86.017,3957821167.5565,2026-03-27 06:01:56.341,solana,30.6213,89.3049,87.7089,88.1118,85.5062,0.9703
1774594943241,86.0248,3710317200.5453,2026-03-27 07:02:23.241,solana,30.7588,89.2865,87.7144,87.9617,85.4698,0.9079
1774598543266,85.876,3705688183.9121,2026-03-27 08:02:23.266,solana,29.5511,89.2655,87.7193,87.8556,85.4027,0.8223
1774602137059,85.0582,3852765243.9344,2026-03-27 09:02:17.059,solana,23.9789,89.2372,87.7228,87.8365,85.1741,0.793
1774605620211,85.076,3785695347.1868,2026-03-27 10:00:20.211,solana,24.3127,89.2143,87.7262,87.6766,85.0531,0.8052
1774609326694,83.1349,3926351857.5199,2026-03-27 11:02:06.694,solana,16.0286,89.1774,87.7262,87.9817,84.3127,1.0267
1774612904734,83.3828,4003799859.5703,2026-03-27 12:01:44.734,solana,19.7868,89.1436,87.7258,88.0182,83.8591,1.1627
1774616462699,83.1091,3967612505.5268,2026-03-27 13:01:02.699,solana,18.787,89.1076,87.7246,88.0751,83.3981,1.2889
1774620129797,82.887,4001812432.9426,2026-03-27 14:02:09.797,solana,17.9924,89.0717,87.721,88.1356,82.9488,1.3775
1774623713791,83.0496,4026337543.6354,2026-03-27 15:01:53.791,solana,20.6393,89.0358,87.7169,88.1939,82.5947,1.441
1774627310132,83.496,4062336987.7697,2026-03-27 16:01:50.132,solana,27.5516,89.0038,87.7113,88.2025,82.3716,1.4449
1774630911740,82.9596,4057854707.8025,2026-03-27 17:01:51.740,solana,24.7608,88.9687,87.7034,88.162,82.0764,1.4858
1774634536695,82.2291,4068786835.2492,2026-03-27 18:02:16.695,solana,21.5582,88.9303,87.6941,88.0748,81.705,1.5761
1774638107704,82.33,3949705061.0762,2026-03-27 19:01:47.704,solana,23.038,88.8935,87.6842,87.9339,81.412,1.6613
1774641713290,82.6836,3970718824.1598,2026-03-27 20:01:53.290,solana,28.1563,88.8564,87.6743,87.7514,81.2197,1.7169
1774645265728,82.7019,3704573916.8435,2026-03-27 21:01:05.728,solana,28.4221,88.8189,87.6642,87.5198,81.0756,1.7393
1774648904052,82.7307,3648377314.4802,2026-03-27 22:01:44.052,solana,28.8668,88.778,87.6557,87.1739,81.0167,1.7211
1774652542101,82.7046,3572070037.8806,2026-03-27 23:02:22.101,solana,28.6929,88.7338,87.6486,86.7902,81.003,1.695
1774656125720,82.9905,3503632070.7415,2026-03-28 00:02:05.720,solana,33.4303,88.6929,87.6409,86.4089,81.0456,1.6559
1774659726439,82.8034,3483371283.0127,2026-03-28 01:02:06.439,solana,31.9351,88.65,87.633,86.0368,81.0877,1.6065
1774663306343,82.566,3488926252.0681,2026-03-28 02:01:46.343,solana,30.0955,88.6064,87.6251,85.6252,81.1542,1.5234
1774666890640,82.5057,3441433523.4837,2026-03-28 03:01:30.640,solana,29.6288,88.5595,87.6176,85.122,81.3055,1.4243
1774670522450,82.5601,3389599680.808,2026-03-28 04:02:02.450,solana,30.6732,88.5127,87.609,84.531,81.5649,1.3217
1774674124110,82.5603,3443989591.6085,2026-03-28 05:02:04.110,solana,30.6773,88.4669,87.6018,84.0962,81.7499,1.2167
1774677618726,82.6559,3374462088.5342,2026-03-28 06:00:18.726,solana,32.7134,88.4228,87.5949,83.4383,82.1658,1.0882
1774681327886,83.0753,3299071415.0937,2026-03-28 07:02:07.886,solana,40.9122,88.3808,87.5889,83.4296,82.1685,0.9142
1774684930607,83.5157,3256774356.9816,2026-03-28 08:02:10.607,solana,48.0699,88.342,87.5835,83.463,82.1484,0.7102
1774688473334,83.4452,3104901340.9134,2026-03-28 09:01:13.334,solana,47.0864,88.3032,87.5767,83.5256,82.1195,0.5732
1774692174293,82.9864,2936702333.7233,2026-03-28 10:02:54.293,solana,41.1833,88.2602,87.5706,83.5337,82.1213,0.3562
1774695637875,82.8819,2803452566.522,2026-03-28 11:00:37.875,solana,39.9542,88.2182,87.5652,83.5185,82.1197,0.352
1774699321702,82.9344,2601587852.9638,2026-03-28 12:02:01.702,solana,40.9084,88.1766,87.5586,83.4211,82.1609,0.3349
1774702892310,82.7126,2554644961.8584,2026-03-28 13:01:32.310,solana,38.1512,88.1323,87.5518,83.4047,82.1526,0.3313
1774706546663,83.3087,2566468231.8491,2026-03-28 14:02:26.663,solana,48.2462,88.0924,87.5467,83.4459,82.2194,0.3452
1774710117756,83.2807,2513934029.8536,2026-03-28 15:01:57.756,solana,47.8517,88.0539,87.5423,83.4774,82.283,0.3541
1774713699286,83.7186,2407429525.8998,2026-03-28 16:01:39.286,solana,54.1733,88.0177,87.5412,83.6239,82.24,0.3739
1774717341176,83.5234,2330030933.7617,2026-03-28 17:02:21.176,solana,51.1939,87.9808,87.5392,83.702,82.244,0.3969
1774720915632,83.2377,2302338243.842,2026-03-28 18:01:55.632,solana,47.1103,87.9431,87.5362,83.7271,82.2696,0.3766
1774724431899,83.3622,2124426573.6065,2026-03-28 19:00:31.899,solana,49.0187,87.9048,87.532,83.7634,82.2991,0.3633
1774728024754,83.1764,2088452017.64,2026-03-28 20:00:24.754,solana,46.3326,87.8655,87.5279,83.7751,82.306,0.3599
1774731719680,83.3677,2050060702.595,2026-03-28 21:01:59.680,solana,49.4064,87.8252,87.5243,83.808,82.3295,0.3618
1774735329646,82.7172,2127406717.2825,2026-03-28 22:02:09.646,solana,40.8382,87.7818,87.5196,83.7977,82.3549,0.3623
1774738874422,82.7518,2069440615.1726,2026-03-28 23:01:14.422,solana,41.4217,87.7394,87.5152,83.7784,82.3988,0.3606
1774742444559,82.0137,2078263409.1328,2026-03-29 00:00:44.559,solana,33.787,87.7049,87.51,83.8663,82.2563,0.4157
1774746109949,82.1002,2121341083.4034,2026-03-29 01:01:49.949,solana,35.2923,87.6742,87.5044,83.9217,82.1549,0.4523
1774749627152,82.3575,2122433062.4148,2026-03-29 02:00:27.152,solana,39.6845,87.6444,87.4985,83.9415,82.1052,0.4621
1774753396962,82.6884,2073039827.9195,2026-03-29 03:03:16.962,solana,44.8677,87.6116,87.4916,83.9332,82.0748,0.4559
1774756925317,82.9421,2104188783.2336,2026-03-29 04:02:05.317,solana,48.5198,87.5778,87.4852,83.8745,82.0762,0.4481
1774760668592,82.7238,2096784369.8407,2026-03-29 05:04:28.592,solana,45.7129,87.5405,87.4785,83.8178,82.0607,0.4428
1774764192988,82.6846,2088645566.1009,2026-03-29 06:03:12.988,solana,45.2081,87.506,87.4721,83.8093,82.0391,0.4419
1774767645359,82.4749,2064668031.305,2026-03-29 07:00:45.359,solana,42.4991,87.4722,87.4654,83.8104,81.9973,0.4531
1774771337487,82.4584,2064290292.4154,2026-03-29 08:02:17.487,solana,42.2845,87.4404,87.4583,83.8069,81.9532,0.4475
1774774969314,82.4162,2007722705.7286,2026-03-29 09:02:49.314,solana,41.7043,87.4113,87.4527,83.8116,81.9189,0.4433
1774778540389,82.2809,1999638342.4398,2026-03-29 10:02:20.389,solana,39.8177,87.3814,87.4493,83.7698,81.8578,0.4583
1774782027364,82.1392,1980045623.4885,2026-03-29 11:00:27.364,solana,37.8851,87.3502,87.4472,83.7306,81.7829,0.4797
1774785788584,82.5415,1950573607.2565,2026-03-29 12:03:08.584,solana,45.9122,87.3238,87.4466,83.5689,81.8268,0.4819
1774789273060,82.3894,1928440244.7565,2026-03-29 13:01:13.060,solana,43.6178,87.295,87.4457,83.434,81.8483,0.4887
1774792956690,81.8679,1859987545.1667,2026-03-29 14:02:36.690,solana,36.8218,87.2627,87.4449,83.384,81.7614,0.5086
1774794469000,81.979,1837931892.2173,2026-03-29 14:27:49.000,solana,39.0025,87.2317,87.4439,83.2684,81.7387,0.5153
